image,hand_id,x0,y0,z0,x1,y1,z1,x2,y2,z2,x3,y3,z3,x4,y4,z4,x5,y5,z5,x6,y6,z6,x7,y7,z7,x8,y8,z8,x9,y9,z9,x10,y10,z10,x11,y11,z11,x12,y12,z12,x13,y13,z13,x14,y14,z14,x15,y15,z15,x16,y16,z16,x17,y17,z17,x18,y18,z18,x19,y19,z19,x20,y20,z20,label
sample_01_0000.jpg,0,0.8459250926971436,0.7009324431419373,1.5142518350330647e-07,0.8147836327552795,0.6678701043128967,-0.002121309982612729,0.7671912312507629,0.6504831910133362,-0.005183843895792961,0.7190900444984436,0.645034909248352,-0.007689410820603371,0.6854487657546997,0.6496105194091797,-0.01034129410982132,0.7311354875564575,0.6717565655708313,-0.00959042739123106,0.6724129319190979,0.6661274433135986,-0.015474261716008186,0.6734673380851746,0.65745609998703,-0.01971403695642948,0.6832921504974365,0.6525460481643677,-0.021444540470838547,0.7287628650665283,0.6910808086395264,-0.0104865413159132,0.6705985069274902,0.6821345090866089,-0.010472307913005352,0.6739017367362976,0.6718459725379944,-0.009836046025156975,0.6865389943122864,0.6678258180618286,-0.01179365161806345,0.732769787311554,0.7075297236442566,-0.01074133813381195,0.6757405400276184,0.697821319103241,-0.010063969530165195,0.6789804697036743,0.6886658668518066,-0.005459906067699194,0.693452000617981,0.6859359741210938,-0.00409674271941185,0.7390469908714294,0.7203323245048523,-0.011016529984772205,0.689684271812439,0.7120024561882019,-0.009904611855745316,0.6940038800239563,0.7048931121826172,-0.0030678468756377697,0.7100094556808472,0.7033111453056335,0.0014568270416930318,ROCK
sample_01_0000.jpg,1,0.22329439222812653,0.5281723141670227,-2.874194819924014e-07,0.21991066634655,0.48987993597984314,-0.007165804505348206,0.24733880162239075,0.46208247542381287,-0.016596993431448936,0.2721928358078003,0.453226238489151,-0.027210693806409836,0.29020586609840393,0.45693349838256836,-0.03820646554231644,0.32275688648223877,0.46880394220352173,-0.020435312762856483,0.3790202736854553,0.44931840896606445,-0.030721861869096756,0.41058382391929626,0.43598678708076477,-0.03911944478750229,0.4295029044151306,0.42625582218170166,-0.046464018523693085,0.34513285756111145,0.4880026578903198,-0.024745319038629532,0.33986228704452515,0.48787397146224976,-0.03749188780784607,0.31765544414520264,0.4921504259109497,-0.04255736991763115,0.30325132608413696,0.4970461130142212,-0.04604083672165871,0.3504948616027832,0.5087423324584961,-0.028389742597937584,0.33841466903686523,0.5034952759742737,-0.03606855496764183,0.3189183175563812,0.506982147693634,-0.031336091458797455,0.3040802776813507,0.5108855962753296,-0.02915269322693348,0.3502368927001953,0.5270542502403259,-0.03344308212399483,0.33981192111968994,0.52291339635849,-0.03630770742893219,0.32197603583335876,0.5241650342941284,-0.028542036190629005,0.30724674463272095,0.5270904302597046,-0.021574057638645172,ROCK
sample_01_0001.jpg,0,0.8583255410194397,0.6372520327568054,-5.809943459667011e-08,0.8130817413330078,0.6042081117630005,0.004789396654814482,0.758129358291626,0.5906897187232971,0.00659646512940526,0.7138118147850037,0.5914751291275024,0.0066109043546020985,0.6958408951759338,0.603259801864624,0.006579273846000433,0.7185145020484924,0.6167945265769958,0.007139296270906925,0.6816689372062683,0.6188424229621887,0.0037963332142680883,0.7020118832588196,0.616057276725769,-0.002875787438824773,0.7236902713775635,0.6142501831054688,-0.0071637919172644615,0.7219133973121643,0.6368283033370972,0.002893144730478525,0.6877063512802124,0.6374251246452332,0.006211247760802507,0.7031182646751404,0.6331024169921875,0.004233927465975285,0.7218608260154724,0.6316648125648499,0.00035639433190226555,0.7331081628799438,0.6535999178886414,-0.0009447247721254826,0.6986683011054993,0.6529921889305115,0.0030645292717963457,0.7103978991508484,0.6481626033782959,0.005433925427496433,0.7272173762321472,0.6457675695419312,0.0046962955966591835,0.7476250529289246,0.6665369272232056,-0.004416985437273979,0.715012788772583,0.6645874977111816,0.001892858650535345,0.7247621417045593,0.6598028540611267,0.01037677377462387,0.7403587102890015,0.6575849056243896,0.015571105293929577,ROCK
sample_01_0001.jpg,1,0.23366479575634003,0.5688768625259399,-1.7273096375447494e-07,0.29367780685424805,0.5748069882392883,0.001680591143667698,0.3554675281047821,0.568461537361145,-0.007396022789180279,0.3925432562828064,0.5505490303039551,-0.018303871154785156,0.39964866638183594,0.52920001745224,-0.02961891144514084,0.3891090750694275,0.577888011932373,-0.016259504482150078,0.43149542808532715,0.542808473110199,-0.03642873093485832,0.4087642729282379,0.5393211841583252,-0.04938104748725891,0.3924733102321625,0.5461592078208923,-0.05630943179130554,0.3735377788543701,0.5653093457221985,-0.026463700458407402,0.4131389856338501,0.5302538871765137,-0.039844851940870285,0.39086854457855225,0.5283688902854919,-0.040604542940855026,0.3740045726299286,0.5361338257789612,-0.04147226735949516,0.35343605279922485,0.549207329750061,-0.036850038915872574,0.3881109952926636,0.5187341570854187,-0.04698111489415169,0.3664255738258362,0.5191824436187744,-0.038270000368356705,0.3515753746032715,0.5280537605285645,-0.032861944288015366,0.3319411873817444,0.531238317489624,-0.047242969274520874,0.35642144083976746,0.5095502734184265,-0.05361252650618553,0.33740538358688354,0.5124158263206482,-0.044412314891815186,0.3242298364639282,0.5202988386154175,-0.036528415977954865,ROCK
sample_01_0002.jpg,0,0.896665096282959,0.6174458265304565,-9.90755424368217e-08,0.8509504795074463,0.5862018465995789,0.007652441039681435,0.7978790402412415,0.5724097490310669,0.0036587619688361883,0.7539492249488831,0.5731440186500549,-0.0034505485091358423,0.7255112528800964,0.5819796919822693,-0.01169857382774353,0.7713622450828552,0.585924506187439,-0.009184397757053375,0.705824613571167,0.5895622372627258,-0.02516328915953636,0.7217826843261719,0.589399516582489,-0.0368800163269043,0.7478358745574951,0.5892447829246521,-0.041880469769239426,0.7715158462524414,0.6064003705978394,-0.01912923902273178,0.7065785527229309,0.6087802648544312,-0.02707328274846077,0.721042275428772,0.6059081554412842,-0.029480449855327606,0.7458537817001343,0.6048122048377991,-0.03193181753158569,0.7763844728469849,0.6263926029205322,-0.02825753763318062,0.7139484286308289,0.6277552843093872,-0.03300425782799721,0.727558434009552,0.6243774890899658,-0.02636464685201645,0.7505269646644592,0.6226658821105957,-0.02259460650384426,0.7846921682357788,0.6447017788887024,-0.03662197291851044,0.7323024272918701,0.6444956660270691,-0.03792056813836098,0.7443670630455017,0.6405835151672363,-0.02784661389887333,0.764818549156189,0.6388911604881287,-0.020162833854556084,ROCK
sample_01_0003.jpg,0,0.17942532896995544,0.4672437310218811,1.2946217964326934e-07,0.24724793434143066,0.4454455077648163,0.0031859371811151505,0.307684063911438,0.4477016031742096,-0.0029697096906602383,0.33943262696266174,0.4649910032749176,-0.012040252797305584,0.35034018754959106,0.48261693120002747,-0.02056569792330265,0.3475925326347351,0.44977107644081116,-0.017747504636645317,0.41570067405700684,0.44181185960769653,-0.03789190575480461,0.4544314742088318,0.43319088220596313,-0.05135488510131836,0.48276084661483765,0.42613035440444946,-0.05664810910820961,0.339809387922287,0.47179463505744934,-0.026846982538700104,0.4109756350517273,0.48951098322868347,-0.03473624587059021,0.45521727204322815,0.5002695918083191,-0.03879249095916748,0.4870816171169281,0.5103861689567566,-0.041477546095848083,0.31895700097084045,0.4926387667655945,-0.034676846116781235,0.3403974771499634,0.5031949877738953,-0.03892216458916664,0.3193838596343994,0.4962945878505707,-0.03346678987145424,0.29728466272354126,0.48943477869033813,-0.02720027044415474,0.2930971086025238,0.5095174312591553,-0.043239377439022064,0.30674082040786743,0.5125352740287781,-0.03662450984120369,0.28890901803970337,0.5068078637123108,-0.021259475499391556,0.26994457840919495,0.5023251175880432,-0.008531982079148293,ROCK
sample_01_0004.jpg,0,0.1601797342300415,0.4606381058692932,1.3639358087402798e-07,0.22244925796985626,0.43323853611946106,0.000193787258467637,0.28548964858055115,0.4311487376689911,-0.006181627046316862,0.3332965672016144,0.44311946630477905,-0.013451160863041878,0.36198943853378296,0.4517033100128174,-0.020095815882086754,0.3225890100002289,0.4413272440433502,-0.02542298100888729,0.39972275495529175,0.43564996123313904,-0.04527932032942772,0.4412447214126587,0.428918719291687,-0.0566999614238739,0.47139713168144226,0.4238698184490204,-0.060686685144901276,0.31602743268013,0.46607252955436707,-0.030682027339935303,0.3936409056186676,0.4840902090072632,-0.040137797594070435,0.44129472970962524,0.49348127841949463,-0.04282490164041519,0.4745321273803711,0.5023581385612488,-0.04386300966143608,0.29809242486953735,0.48668843507766724,-0.033989883959293365,0.3423137962818146,0.48587459325790405,-0.03939392790198326,0.3262486755847931,0.4760161340236664,-0.03201133757829666,0.3031005859375,0.470393568277359,-0.024464953690767288,0.2760734558105469,0.5019472241401672,-0.037873391062021255,0.30152201652526855,0.4941810071468353,-0.035180628299713135,0.2859986424446106,0.4871719777584076,-0.021511292085051537,0.2655181288719177,0.4851683974266052,-0.00926545262336731,ROCK
sample_01_0004.jpg,1,0.9543556571006775,0.5561105608940125,-3.77111533111929e-08,0.9337314367294312,0.5162581205368042,0.004023123998194933,0.8872641921043396,0.49571526050567627,0.00048736651660874486,0.84037846326828,0.49061986804008484,-0.004329781047999859,0.8072975277900696,0.49443894624710083,-0.008597333915531635,0.8631671667098999,0.5041986107826233,-0.009271354414522648,0.802729070186615,0.49438056349754333,-0.01994217559695244,0.8237638473510742,0.49604716897010803,-0.027815520763397217,0.8479006886482239,0.500548243522644,-0.030752496793866158,0.8517310619354248,0.5249846577644348,-0.01466441061347723,0.7957471609115601,0.512154757976532,-0.01706637814640999,0.8146629929542542,0.5101118683815002,-0.01660614088177681,0.8362811207771301,0.5145933032035828,-0.017848819494247437,0.8449651598930359,0.5438850522041321,-0.01912325993180275,0.8002013564109802,0.5294434428215027,-0.018646635115146637,0.816187858581543,0.5269173979759216,-0.011729001998901367,0.8341108560562134,0.5309885740280151,-0.008702795021235943,0.8419212102890015,0.5590950846672058,-0.023213153705000877,0.8081918358802795,0.5434879064559937,-0.019661281257867813,0.8220248222351074,0.5409033298492432,-0.009144634939730167,0.8365718722343445,0.5453537702560425,-0.0021826087031513453,ROCK
sample_01_0005.jpg,0,0.5789480209350586,0.5081449747085571,-9.296800840274955e-08,0.5503749847412109,0.4733840823173523,0.004737533163279295,0.5053150653839111,0.46017691493034363,0.0020766444504261017,0.47064530849456787,0.4603402018547058,-0.0031647630967199802,0.4494040906429291,0.46759268641471863,-0.009344179183244705,0.45312240719795227,0.46072375774383545,-0.00023750917171128094,0.4131467044353485,0.4642803966999054,-0.007887055166065693,0.4329771399497986,0.46949249505996704,-0.016627931967377663,0.4559670686721802,0.47146815061569214,-0.022023450583219528,0.44703739881515503,0.48251599073410034,-0.006487121805548668,0.41748055815696716,0.48183393478393555,-0.007692539598792791,0.43581148982048035,0.4837978482246399,-0.008825273253023624,0.4579174220561981,0.4844648241996765,-0.011996390298008919,0.4514203667640686,0.5039185285568237,-0.012324857525527477,0.4274331033229828,0.4987577199935913,-0.014743903651833534,0.44096502661705017,0.4994503855705261,-0.011444463394582272,0.46048998832702637,0.5009039640426636,-0.010494782589375973,0.46035856008529663,0.5220734477043152,-0.017769750207662582,0.439123272895813,0.5128548741340637,-0.018266279250383377,0.4519381523132324,0.5124226808547974,-0.010578158311545849,0.4688943028450012,0.5132555365562439,-0.0046899691224098206,ROCK
sample_01_0005.jpg,1,0.20939932763576508,0.47179558873176575,2.388950406384538e-07,0.262391597032547,0.4469364881515503,-0.0017548729665577412,0.3193255662918091,0.44759514927864075,-0.007384663447737694,0.3539327383041382,0.46490538120269775,-0.01368036400526762,0.3661632835865021,0.4829843044281006,-0.019688643515110016,0.36860206723213196,0.4532710015773773,-0.020137399435043335,0.43320220708847046,0.44898778200149536,-0.034390125423669815,0.47276899218559265,0.44504523277282715,-0.042773567140102386,0.4989175796508789,0.4427794814109802,-0.04662049189209938,0.36239394545555115,0.47764256596565247,-0.024117305874824524,0.41236019134521484,0.498333215713501,-0.03020646423101425,0.4393255114555359,0.5146108865737915,-0.032812248915433884,0.45700135827064514,0.5274472832679749,-0.03437201678752899,0.3435661196708679,0.4983111619949341,-0.026922060176730156,0.3511256277561188,0.5017229914665222,-0.02926626242697239,0.3316546380519867,0.49521568417549133,-0.025360940024256706,0.31250083446502686,0.4891242980957031,-0.021240752190351486,0.31974154710769653,0.515360414981842,-0.030405227094888687,0.32405582070350647,0.5113726854324341,-0.02865622006356716,0.308230996131897,0.50661301612854,-0.018988696858286858,0.29139283299446106,0.5026376843452454,-0.009623919613659382,ROCK
sample_01_0006.jpg,0,0.5694674253463745,0.5072295069694519,-1.489129317633342e-07,0.5460322499275208,0.470007061958313,0.005207945592701435,0.4989093244075775,0.4530591368675232,0.0063012647442519665,0.4581851065158844,0.4460388422012329,0.005974676460027695,0.43508487939834595,0.4413420557975769,0.006244912277907133,0.4572626054286957,0.4595089852809906,-0.0019210310420021415,0.41570407152175903,0.4565621018409729,-0.007285787258297205,0.4365536570549011,0.45933014154434204,-0.011889672838151455,0.45964640378952026,0.46209168434143066,-0.01347656361758709,0.4522629380226135,0.48222458362579346,-0.00526473531499505,0.4175769090652466,0.47737428545951843,-0.0024867632891982794,0.436289519071579,0.47712188959121704,0.0006144809303805232,0.45827898383140564,0.47838690876960754,0.0002967266773339361,0.45588168501853943,0.502641499042511,-0.007860143668949604,0.4315111041069031,0.49595338106155396,-0.003689242759719491,0.4454818367958069,0.4944998621940613,0.002154015935957432,0.4644247591495514,0.4959987699985504,0.003302939236164093,0.4642650783061981,0.5190619230270386,-0.010112718679010868,0.44797155261039734,0.5110824704170227,-0.004748758394271135,0.4610743820667267,0.5093178749084473,0.003606311744078994,0.47671836614608765,0.5104153156280518,0.008867206983268261,ROCK
sample_01_0006.jpg,1,0.16911782324314117,0.47568243741989136,2.0766462682786369e-07,0.21979370713233948,0.44859784841537476,-0.0027758735232055187,0.2727991044521332,0.44727250933647156,-0.01042761281132698,0.3084275722503662,0.461632639169693,-0.01863793469965458,0.32405492663383484,0.4770953059196472,-0.0267072394490242,0.3163912296295166,0.45137977600097656,-0.025797121226787567,0.3822595775127411,0.4446010887622833,-0.0439838245511055,0.4233434498310089,0.4386131763458252,-0.05492234230041504,0.4528030753135681,0.43548429012298584,-0.06038542464375496,0.31457915902137756,0.47531405091285706,-0.02999783307313919,0.370810866355896,0.4905039966106415,-0.03707471489906311,0.40222662687301636,0.5016518235206604,-0.038615137338638306,0.4237098693847656,0.5111671090126038,-0.039675720036029816,0.29933375120162964,0.49623799324035645,-0.033201612532138824,0.3072755038738251,0.5005542635917664,-0.03588150069117546,0.28598999977111816,0.49583151936531067,-0.030597995966672897,0.2651539742946625,0.49105340242385864,-0.02578853629529476,0.27827996015548706,0.5134861469268799,-0.03745848685503006,0.2790508568286896,0.5118284821510315,-0.03695342317223549,0.2616950273513794,0.50826495885849,-0.028110597282648087,0.24441467225551605,0.5052704811096191,-0.019274380058050156,ROCK
sample_01_0007.jpg,0,0.9407342672348022,0.4608364701271057,-2.1068660771561554e-07,0.9407547116279602,0.42816486954689026,0.011844568885862827,0.9163656830787659,0.4045180678367615,0.009314583614468575,0.8863883018493652,0.3975165784358978,0.0013905857922509313,0.8572126626968384,0.4001605212688446,-0.007883064448833466,0.9088924527168274,0.38912010192871094,0.00658347038552165,0.8568718433380127,0.37650826573371887,-0.005569166969507933,0.8515950441360474,0.3879065215587616,-0.01588435284793377,0.8638585209846497,0.39619675278663635,-0.022105082869529724,0.8905699253082275,0.3987726867198944,-0.006076061632484198,0.8370733261108398,0.3896960914134979,-0.013385237194597721,0.8397974371910095,0.40077194571495056,-0.014664660207927227,0.8574874997138977,0.4066604673862457,-0.016099238768219948,0.8722606301307678,0.4116932153701782,-0.018769685178995132,0.8248304724693298,0.4056814908981323,-0.02366235852241516,0.8318064212799072,0.41524451971054077,-0.01987750455737114,0.85008704662323,0.4194130003452301,-0.01821274682879448,0.8561732172966003,0.42636004090309143,-0.031005075201392174,0.8232703804969788,0.4234371781349182,-0.03249841928482056,0.8312310576438904,0.43102508783340454,-0.026285862550139427,0.8471070528030396,0.4350477457046509,-0.021581703796982765,ROCK
sample_01_0008.jpg,0,0.9203100800514221,0.4493701159954071,-2.18638831483986e-07,0.9316055774688721,0.4211978316307068,0.007793657016009092,0.9233042597770691,0.39604440331459045,0.007704135961830616,0.9115588665008545,0.3783319890499115,0.004525011405348778,0.9043635129928589,0.36422038078308105,-0.00011158487177453935,0.8792985677719116,0.3852194547653198,-0.0025495225563645363,0.838919997215271,0.3649543523788452,-0.014403047040104866,0.8143028616905212,0.36094537377357483,-0.023474516347050667,0.7968907952308655,0.3620763421058655,-0.02772318571805954,0.8596611618995667,0.39575308561325073,-0.011925246566534042,0.8162851333618164,0.3757892847061157,-0.020408006384968758,0.7893535494804382,0.371561735868454,-0.024741018190979958,0.7705907821655273,0.37332683801651,-0.027780184522271156,0.8433945775032043,0.4091857969760895,-0.020982639864087105,0.8028004765510559,0.3903994560241699,-0.027531001716852188,0.7779000401496887,0.38451552391052246,-0.027632664889097214,0.7597798705101013,0.3844203054904938,-0.027828531339764595,0.8298004269599915,0.42482370138168335,-0.029192814603447914,0.7953665852546692,0.40980997681617737,-0.03352987393736839,0.7762465476989746,0.40342316031455994,-0.031208496540784836,0.7608804702758789,0.4011642336845398,-0.028729699552059174,ROCK
sample_01_0009.jpg,0,0.8318597078323364,0.5863938331604004,2.391959412761935e-07,0.8192099928855896,0.5561060309410095,-0.0189423356205225,0.7928494215011597,0.5334406495094299,-0.029949592426419258,0.7658937573432922,0.5134286880493164,-0.037668608129024506,0.7512474656105042,0.49640050530433655,-0.046112075448036194,0.7218368053436279,0.5520737171173096,-0.029847286641597748,0.6638060212135315,0.5436179637908936,-0.04061638563871384,0.6263582110404968,0.5409427285194397,-0.04952486976981163,0.5944236516952515,0.5408682227134705,-0.05684827268123627,0.7118273973464966,0.570928156375885,-0.027886904776096344,0.6458258628845215,0.5662388205528259,-0.03944038972258568,0.6045681834220886,0.5640301704406738,-0.051939547061920166,0.5723296999931335,0.5641015768051147,-0.062319085001945496,0.7156301736831665,0.5870880484580994,-0.025647897273302078,0.6591882109642029,0.5879961252212524,-0.03820272907614708,0.6218013167381287,0.588934063911438,-0.05030572786927223,0.5938876867294312,0.5908905267715454,-0.05874914675951004,0.7286152839660645,0.5999356508255005,-0.02405267395079136,0.6846356391906738,0.6047807931900024,-0.03769396245479584,0.65288245677948,0.6088008284568787,-0.045771222561597824,0.6260851621627808,0.6118109226226807,-0.05018629878759384,ROCK
sample_01_0009.jpg,1,0.10889893770217896,0.5089373588562012,1.2409552141434688e-07,0.15220952033996582,0.48196491599082947,-0.00422957818955183,0.2058025598526001,0.4799906015396118,-0.0116482088342309,0.24329936504364014,0.4944666624069214,-0.018085984513163567,0.26028308272361755,0.5068532824516296,-0.024026203900575638,0.24158740043640137,0.48528143763542175,-0.032294467091560364,0.30590811371803284,0.4807548224925995,-0.04935421422123909,0.34225577116012573,0.4741714894771576,-0.059092968702316284,0.3674284815788269,0.4694553017616272,-0.06286469846963882,0.2375260889530182,0.5068888068199158,-0.033926330506801605,0.308026522397995,0.5205982327461243,-0.04182831570506096,0.3526221215724945,0.5295979380607605,-0.04384653642773628,0.3855349123477936,0.538849949836731,-0.045273106545209885,0.22455018758773804,0.5257227420806885,-0.03350675106048584,0.2657080292701721,0.5262333750724792,-0.037600547075271606,0.25354841351509094,0.5188490152359009,-0.030687758699059486,0.23509091138839722,0.5133044123649597,-0.023984776809811592,0.20873761177062988,0.5403695702552795,-0.03368416801095009,0.23893196880817413,0.5339792966842651,-0.03132980689406395,0.22791656851768494,0.5280956029891968,-0.01921466551721096,0.21103966236114502,0.5258122086524963,-0.008660553023219109,ROCK
sample_01_0010.jpg,0,0.31606990098953247,0.5756467580795288,1.1519287745898055e-08,0.34540146589279175,0.5437902212142944,-0.017204858362674713,0.399032324552536,0.5323883295059204,-0.01971699856221676,0.44121548533439636,0.5415940284729004,-0.017536712810397148,0.45057225227355957,0.5549890995025635,-0.01441342756152153,0.4374404549598694,0.5615919828414917,-0.0235822144895792,0.5005328059196472,0.5664772391319275,-0.03025822341442108,0.532396674156189,0.5733457207679749,-0.03475270792841911,0.5567302703857422,0.5805041790008545,-0.03766924887895584,0.43552833795547485,0.581061601638794,-0.013148052617907524,0.4863891899585724,0.5726897120475769,-0.012259120121598244,0.5075385570526123,0.5670276880264282,-0.008104092441499233,0.5215392708778381,0.5662865042686462,-0.00553458696231246,0.42687124013900757,0.5928589105606079,-0.0036960162688046694,0.4507562518119812,0.5733505487442017,-0.0037907466758042574,0.44070491194725037,0.5661718845367432,-0.00016992089513223618,0.4222623407840729,0.5651560425758362,0.0035635943058878183,0.4168642461299896,0.5988678932189941,0.0037919199094176292,0.4354274868965149,0.5816051363945007,0.001631462830118835,0.4268665909767151,0.5744867920875549,0.002654314273968339,0.412341445684433,0.5726305842399597,0.00544354971498251,ROCK
sample_01_0010.jpg,1,0.8138060569763184,0.593263566493988,2.441813364839618e-07,0.7998292446136475,0.5629995465278625,-0.01731841079890728,0.7688889503479004,0.5416914820671082,-0.026105383411049843,0.7407806515693665,0.5244265198707581,-0.032592594623565674,0.7247592806816101,0.5086538791656494,-0.04004776477813721,0.7020756006240845,0.5643845200538635,-0.024545932188630104,0.6446548700332642,0.5614926218986511,-0.034374456852674484,0.6077423095703125,0.5605872273445129,-0.04291753098368645,0.5769983530044556,0.5611118078231812,-0.050535183399915695,0.6964420080184937,0.5833144187927246,-0.024015724658966064,0.6351044178009033,0.5828948616981506,-0.03531542792916298,0.5950551629066467,0.5837212800979614,-0.047668904066085815,0.5640242695808411,0.5852974653244019,-0.057832978665828705,0.7034277319908142,0.5996796488761902,-0.023758649826049805,0.6490492224693298,0.602249264717102,-0.036952897906303406,0.6119255423545837,0.605245053768158,-0.0499635674059391,0.5838176012039185,0.6084824204444885,-0.05915641412138939,0.7187361717224121,0.6126993894577026,-0.02411421202123165,0.6794659495353699,0.6208221912384033,-0.0389283113181591,0.650524377822876,0.6271144151687622,-0.04848282039165497,0.6259775757789612,0.6321415901184082,-0.05411844328045845,ROCK
sample_01_0011.jpg,0,0.7988808751106262,0.5902317762374878,2.3631797319012549e-07,0.784716784954071,0.5609273314476013,-0.016026673838496208,0.7510896921157837,0.540973961353302,-0.024652959778904915,0.7192267179489136,0.5247723460197449,-0.031220391392707825,0.6983932256698608,0.5103447437286377,-0.03902745619416237,0.6877738237380981,0.5621605515480042,-0.026392560452222824,0.630111038684845,0.5604499578475952,-0.0374130979180336,0.5928409695625305,0.5594867467880249,-0.04645100608468056,0.5611028671264648,0.5595579147338867,-0.05440255254507065,0.6831027865409851,0.5810754895210266,-0.02711993269622326,0.6218812465667725,0.5822948217391968,-0.039538390934467316,0.5800424218177795,0.5829103589057922,-0.05220061540603638,0.546013593673706,0.5833842158317566,-0.0627409890294075,0.6900381445884705,0.5977718830108643,-0.027934527024626732,0.6353183388710022,0.6014682650566101,-0.04236011207103729,0.5964327454566956,0.6048616766929626,-0.05595831945538521,0.5659534335136414,0.6077796816825867,-0.06567228585481644,0.7045584917068481,0.6112438440322876,-0.029223117977380753,0.6646723747253418,0.6207534670829773,-0.04563554748892784,0.6349106431007385,0.6278536319732666,-0.056349072605371475,0.6093603372573853,0.6330833435058594,-0.06275969743728638,ROCK
sample_01_0011.jpg,1,0.37889379262924194,0.5910327434539795,-2.0298902825288678e-07,0.39763471484184265,0.5584290623664856,-0.020574258640408516,0.4489207863807678,0.5438811182975769,-0.022848758846521378,0.49056681990623474,0.5505276918411255,-0.018559619784355164,0.49563270807266235,0.5643602013587952,-0.013307041488587856,0.49286913871765137,0.5755507349967957,-0.029946791008114815,0.557597279548645,0.5743380188941956,-0.039137765765190125,0.5956739187240601,0.5762622356414795,-0.046313926577568054,0.6252000331878662,0.5793297290802002,-0.05196257308125496,0.49187248945236206,0.5958957076072693,-0.017397670075297356,0.5240132808685303,0.5758873820304871,-0.0200088769197464,0.5079687833786011,0.5658106207847595,-0.012832310982048512,0.4887585937976837,0.566166341304779,-0.007601265329867601,0.4864077866077423,0.6062396764755249,-0.006367763504385948,0.5131035447120667,0.5864997506141663,-0.011730427853763103,0.5006991624832153,0.5778646469116211,-0.006794309243559837,0.4840485453605652,0.5778449773788452,-0.0023260805755853653,0.47849470376968384,0.6116052865982056,0.003020055592060089,0.4994714558124542,0.5947055220603943,-0.0027726006228476763,0.4897594153881073,0.5875625014305115,-0.001158811035566032,0.47489625215530396,0.5863182544708252,0.001840875018388033,ROCK
sample_01_0012.jpg,0,0.8755881190299988,0.6475167274475098,7.421576242450101e-08,0.8283817172050476,0.6189814805984497,-0.002039998769760132,0.7719495296478271,0.6117455959320068,-0.005556472577154636,0.7237520813941956,0.6139414310455322,-0.008660465478897095,0.7005985975265503,0.6267639398574829,-0.00940980575978756,0.7561003565788269,0.6459557414054871,-0.012227851897478104,0.6931827068328857,0.6450930237770081,-0.01980566792190075,0.7143562436103821,0.6330956220626831,-0.023778587579727173,0.7379902005195618,0.6305181980133057,-0.024418001994490623,0.7634975910186768,0.6643017530441284,-0.012577546760439873,0.7034271955490112,0.6587406992912292,-0.0127827487885952,0.718964695930481,0.6461681723594666,-0.010727442800998688,0.7395656704902649,0.6452100872993469,-0.011364934965968132,0.7761600613594055,0.6777867674827576,-0.012230074033141136,0.7231925129890442,0.6702394485473633,-0.008447272703051567,0.7336135506629944,0.6592995524406433,-0.0003149185504298657,0.7521389126777649,0.6579529643058777,0.002615218749269843,0.7879166603088379,0.6863465309143066,-0.0122663090005517,0.7460212707519531,0.6784980297088623,-0.007636386901140213,0.751681387424469,0.6694554090499878,0.00138082227203995,0.7683423161506653,0.6687582731246948,0.006707094144076109,ROCK
sample_01_0012.jpg,1,0.20379631221294403,0.4512750208377838,-2.5362305677845143e-07,0.23857185244560242,0.4188826084136963,-0.008402714505791664,0.2854474186897278,0.40521156787872314,-0.02310839667916298,0.3115074932575226,0.4103371202945709,-0.04024451598525047,0.32258638739585876,0.42525842785835266,-0.05658496916294098,0.35576188564300537,0.4240299463272095,-0.014809447340667248,0.40171927213668823,0.42731773853302,-0.0345565490424633,0.4171605706214905,0.427308589220047,-0.05128426477313042,0.42412716150283813,0.4225943684577942,-0.06327446550130844,0.3584116995334625,0.4467874765396118,-0.023945724591612816,0.3710921108722687,0.459338515996933,-0.04310136288404465,0.34618183970451355,0.4603569507598877,-0.05219735950231552,0.3251732289791107,0.45532479882240295,-0.0573367178440094,0.34735119342803955,0.46792566776275635,-0.034504588693380356,0.35165977478027344,0.478036493062973,-0.047244843095541,0.32718726992607117,0.4757024347782135,-0.044071294367313385,0.3088569939136505,0.4696192145347595,-0.04249000921845436,0.3285234570503235,0.487150639295578,-0.04727650061249733,0.31807971000671387,0.4948149025440216,-0.05347733572125435,0.29739680886268616,0.49039262533187866,-0.048614609986543655,0.2827737033367157,0.4847058653831482,-0.044545114040374756,ROCK
sample_01_0013.jpg,0,0.321144163608551,0.5717555284500122,-6.241010623853072e-07,0.37203890085220337,0.5375637412071228,-0.0033062975853681564,0.4345659017562866,0.5196598768234253,-0.008538687601685524,0.48900264501571655,0.5233700275421143,-0.012508574873209,0.4995303750038147,0.5401261448860168,-0.013685528188943863,0.4756428897380829,0.5583741664886475,-0.014035290107131004,0.511990487575531,0.5519653558731079,-0.011552704498171806,0.48777490854263306,0.5455436110496521,-0.006355531979352236,0.4594937264919281,0.5447297096252441,-0.003756817663088441,0.4676614999771118,0.5832770466804504,-0.014274870045483112,0.5001085996627808,0.5722472071647644,-0.006928951479494572,0.4797455072402954,0.5643458366394043,-0.0001872733555501327,0.4542088210582733,0.563896894454956,0.0009913909016177058,0.45180729031562805,0.6030144095420837,-0.012930449098348618,0.48189061880111694,0.5904215574264526,-0.007428078446537256,0.4637533724308014,0.5830334424972534,0.00012126659567002207,0.4385107159614563,0.5813289284706116,0.001672926708124578,0.43122607469558716,0.6176097393035889,-0.011762279085814953,0.45544904470443726,0.6062970757484436,-0.008380883373320103,0.4395493268966675,0.5988466739654541,-0.0007501549553126097,0.4174521565437317,0.5966343283653259,0.004339644685387611,ROCK
sample_01_0013.jpg,1,0.9327853322029114,0.6120185852050781,4.294693667361571e-08,0.8977813720703125,0.5801414847373962,-0.011093403212726116,0.8598822355270386,0.5603677034378052,-0.023532945662736893,0.8254468441009521,0.5419823527336121,-0.03495559096336365,0.8069252967834473,0.5248565673828125,-0.04738844186067581,0.7970262169837952,0.5901671051979065,-0.0276944600045681,0.723799467086792,0.5999037623405457,-0.04308043047785759,0.6840948462486267,0.6069958806037903,-0.0562242791056633,0.652377724647522,0.6138862371444702,-0.06549478322267532,0.7971929311752319,0.6140804886817932,-0.030189726501703262,0.7210835814476013,0.6234448552131653,-0.04354759678244591,0.6778880953788757,0.6301938891410828,-0.05531221255660057,0.6435508131980896,0.6362410187721252,-0.06583486497402191,0.8056223392486572,0.6330841779708862,-0.03214225918054581,0.7367237210273743,0.6417425870895386,-0.04347984492778778,0.6954149007797241,0.6477971076965332,-0.051098015159368515,0.6645209789276123,0.653653621673584,-0.05748346075415611,0.8181453943252563,0.6462494134902954,-0.03452151641249657,0.7621808648109436,0.6492701172828674,-0.043298400938510895,0.7283624410629272,0.65232914686203,-0.04593069478869438,0.702308714389801,0.6550946235656738,-0.04757184907793999,ROCK
sample_01_0014.jpg,0,0.34328126907348633,0.5488700270652771,-5.632656439047423e-07,0.37861818075180054,0.5102840662002563,-0.00400012731552124,0.43804651498794556,0.4887953996658325,-0.007079856004565954,0.49288561940193176,0.49075010418891907,-0.009198752231895924,0.5047209858894348,0.5070219039916992,-0.009013530798256397,0.500991940498352,0.523144006729126,-0.00688571622595191,0.5269412994384766,0.5180586576461792,-0.004866906441748142,0.5023646950721741,0.5150325894355774,-0.0029182403814047575,0.4784814715385437,0.5167244672775269,-0.0028723261784762144,0.49712514877319336,0.5490819215774536,-0.008070293813943863,0.5181554555892944,0.5410851836204529,-0.0021254678722471,0.494811087846756,0.535118579864502,0.0019772935193032026,0.47016578912734985,0.5360171794891357,0.0029135162476450205,0.4825184643268585,0.5703569650650024,-0.0085817975923419,0.4998089671134949,0.5609531402587891,-0.005626932252198458,0.4794410169124603,0.5550793409347534,-0.0008081560954451561,0.45617246627807617,0.5551852583885193,0.0007138181827031076,0.4615272283554077,0.587263286113739,-0.009443048387765884,0.47739923000335693,0.5786149501800537,-0.006955291610211134,0.45925652980804443,0.5726072788238525,4.71451785415411e-05,0.4379030466079712,0.5721162557601929,0.00546327093616128,ROCK
sample_01_0015.jpg,0,0.30653491616249084,0.5160503387451172,-5.682780397364695e-07,0.34824138879776,0.4789198338985443,0.0014826188562437892,0.4079964756965637,0.4576977789402008,-7.50386097934097e-05,0.46389538049697876,0.4604722857475281,-0.0011538151884451509,0.48078566789627075,0.4767495095729828,0.000597292382735759,0.46774914860725403,0.4835376739501953,-0.008314435370266438,0.498514324426651,0.4878951609134674,-0.0024305235128849745,0.4741418957710266,0.4865841567516327,0.0060394383035600185,0.44782334566116333,0.4850064814090729,0.010953875258564949,0.46586641669273376,0.5107226967811584,-0.01057374943047762,0.4912125766277313,0.5094970464706421,0.000543420494068414,0.46858543157577515,0.5060010552406311,0.008699831552803516,0.4431454539299011,0.5051162242889404,0.010721552185714245,0.4528210163116455,0.5343776941299438,-0.011023144237697124,0.4737607538700104,0.5289598703384399,-0.0020695452112704515,0.452859103679657,0.5259189009666443,0.004764651879668236,0.4272150695323944,0.5247412919998169,0.005219949409365654,0.4339112639427185,0.5540405511856079,-0.01129012182354927,0.45090121030807495,0.5478394031524658,-0.005023374687880278,0.4323628842830658,0.5430259108543396,0.0028092041611671448,0.40977218747138977,0.541344404220581,0.007564426865428686,ROCK
sample_01_0015.jpg,1,0.7693978548049927,0.5642321705818176,-1.1848278091974862e-07,0.7584640383720398,0.5320508480072021,-0.004665601998567581,0.7302145957946777,0.5055964589118958,-0.007986103184521198,0.7013477683067322,0.4879324734210968,-0.011591117829084396,0.6782596111297607,0.47383782267570496,-0.017336208373308182,0.7063376307487488,0.5197104811668396,-0.012168598361313343,0.6675640940666199,0.5117034912109375,-0.02241295389831066,0.6471058130264282,0.5099551677703857,-0.03204881399869919,0.6297414302825928,0.5098614692687988,-0.03913763165473938,0.6969991326332092,0.5383918285369873,-0.01695953868329525,0.659450888633728,0.5378611087799072,-0.028791148215532303,0.6391037702560425,0.5394365787506104,-0.04131032153964043,0.6223344206809998,0.5419377684593201,-0.05175675079226494,0.6922420859336853,0.5561407804489136,-0.021649140864610672,0.6514778137207031,0.5582800507545471,-0.03464329242706299,0.6258696913719177,0.5601354837417603,-0.04434715956449509,0.6062663793563843,0.5622855424880981,-0.05163149908185005,0.6914941072463989,0.5715053081512451,-0.02589711919426918,0.6519788503646851,0.5749467015266418,-0.03752506896853447,0.6247000694274902,0.578060507774353,-0.042600374668836594,0.6021068692207336,0.5801346302032471,-0.04597680643200874,ROCK
sample_01_0016.jpg,0,0.337902307510376,0.5189071297645569,-5.034141850046581e-07,0.379059761762619,0.48748457431793213,0.002210699487477541,0.4298439025878906,0.4710919260978699,-0.0032875877805054188,0.4673359990119934,0.4760938882827759,-0.009757564403116703,0.4711604416370392,0.49118223786354065,-0.01454295963048935,0.4972994029521942,0.4982970654964447,-0.014364339411258698,0.4944325089454651,0.5098284482955933,-0.014942295849323273,0.4675096273422241,0.51200270652771,-0.013446531258523464,0.446837842464447,0.5081544518470764,-0.013950495980679989,0.4974043667316437,0.5225937962532043,-0.020261283963918686,0.48054802417755127,0.530228853225708,-0.01531542744487524,0.45446470379829407,0.5291888117790222,-0.012849219143390656,0.43541720509529114,0.5242467522621155,-0.014755871146917343,0.48182058334350586,0.5440576076507568,-0.02423235960304737,0.4583445191383362,0.5458109974861145,-0.020061390474438667,0.4359423816204071,0.5441275238990784,-0.017570698633790016,0.41650334000587463,0.5386375784873962,-0.019578425213694572,0.45857852697372437,0.5620301961898804,-0.028497178107500076,0.43651971220970154,0.5630240440368652,-0.026071084663271904,0.4170414209365845,0.5583581924438477,-0.022439276799559593,0.4008439779281616,0.5513194799423218,-0.02005293220281601,ROCK
sample_01_0016.jpg,1,0.6420148611068726,0.5593557357788086,9.785115651084197e-08,0.6606293320655823,0.5303580164909363,0.001735671074129641,0.6955024003982544,0.5078940987586975,-0.0030633462592959404,0.7198319435119629,0.4945807158946991,-0.009681926108896732,0.7388047575950623,0.49045830965042114,-0.017552167177200317,0.6897703409194946,0.5131989121437073,-0.019966859370470047,0.7282304167747498,0.5012838840484619,-0.033690158277750015,0.7414740920066833,0.4984084367752075,-0.0415799506008625,0.7463890910148621,0.49673300981521606,-0.04724997654557228,0.6824663281440735,0.5282869338989258,-0.031777434051036835,0.7155177593231201,0.5238919854164124,-0.04219088703393936,0.7293371558189392,0.5213907361030579,-0.04683896154165268,0.7381298542022705,0.5184617042541504,-0.05251466855406761,0.6733369827270508,0.546091616153717,-0.04317662864923477,0.6972024440765381,0.5454999804496765,-0.05459289997816086,0.7125366926193237,0.542748749256134,-0.059470806270837784,0.725664496421814,0.5380545258522034,-0.06567063182592392,0.6647239923477173,0.5637397766113281,-0.054162852466106415,0.6792371273040771,0.5700019598007202,-0.06255833059549332,0.6895866394042969,0.571320652961731,-0.06358137726783752,0.6995882391929626,0.5705460906028748,-0.06666474789381027,ROCK
sample_01_0017.jpg,0,0.49768921732902527,0.699001669883728,4.910899633614463e-07,0.5427394509315491,0.6809649467468262,-0.02072771079838276,0.6049743890762329,0.6734511852264404,-0.04265511408448219,0.6564574837684631,0.6799924373626709,-0.05887879058718681,0.6911013722419739,0.6905376315116882,-0.07410763949155807,0.5966708660125732,0.6636027097702026,-0.07566548138856888,0.6831530332565308,0.6749956607818604,-0.10608429461717606,0.7292940616607666,0.6893031001091003,-0.11971903592348099,0.7616152763366699,0.7013412714004517,-0.12542220950126648,0.575349748134613,0.6868430376052856,-0.07738926261663437,0.6652933955192566,0.7076910734176636,-0.10078208893537521,0.7164543867111206,0.7238859534263611,-0.10578294098377228,0.7525207996368408,0.736396074295044,-0.10867484658956528,0.5549724102020264,0.7099220156669617,-0.07746507972478867,0.6372625231742859,0.729383111000061,-0.09434419125318527,0.6866732835769653,0.7428311705589294,-0.09086248278617859,0.7214990258216858,0.7523391842842102,-0.08751989901065826,0.5411571264266968,0.7306990027427673,-0.07815539091825485,0.6037343740463257,0.7446489930152893,-0.0878060981631279,0.6419443488121033,0.7549268007278442,-0.08118886500597,0.6715214252471924,0.7626237869262695,-0.0750611424446106,ROCK
sample_01_0017.jpg,1,1.0781440734863281,0.762324333190918,-1.131199383053172e-06,1.050925850868225,0.7147923707962036,-0.055990807712078094,0.983774721622467,0.6733771562576294,-0.11796464025974274,0.9034558534622192,0.6612715125083923,-0.17173340916633606,0.8331928253173828,0.6716078519821167,-0.22924582660198212,1.006345272064209,0.7066435813903809,-0.1650175303220749,0.8603202104568481,0.7032853364944458,-0.22907771170139313,0.7855298519134521,0.6912166476249695,-0.2656749188899994,0.7442486882209778,0.678993821144104,-0.2859465479850769,0.9964582324028015,0.7508138418197632,-0.16453467309474945,0.8432258367538452,0.7380193471908569,-0.2193763703107834,0.7679006457328796,0.7160357236862183,-0.2296312302350998,0.7309681177139282,0.697071373462677,-0.23934412002563477,0.9832729697227478,0.7872287631034851,-0.16040055453777313,0.8394766449928284,0.7702407836914062,-0.2105788290500641,0.7715436220169067,0.7464203834533691,-0.20003122091293335,0.7375410795211792,0.7263153791427612,-0.18982474505901337,0.9682747721672058,0.8142035007476807,-0.16015848517417908,0.854282557964325,0.7978177070617676,-0.19213159382343292,0.8046629428863525,0.776886522769928,-0.17695185542106628,0.7779585123062134,0.7578596472740173,-0.16388390958309174,ROCK
sample_01_0018.jpg,0,0.9171535968780518,0.4443436861038208,-1.5662473629163287e-07,0.926013708114624,0.41079530119895935,0.012272841297090054,0.9085466861724854,0.3853365480899811,0.00942335557192564,0.8808048367500305,0.3780196011066437,0.0008991825743578374,0.8512386083602905,0.38131946325302124,-0.008883987553417683,0.90437912940979,0.3654528260231018,0.010598819702863693,0.8627688884735107,0.35443082451820374,-0.0006366866291500628,0.8615953922271729,0.3655701279640198,-0.012394491583108902,0.8728562593460083,0.37491241097450256,-0.01977052167057991,0.8813349604606628,0.3727930784225464,-0.00310957501642406,0.8376054167747498,0.36589905619621277,-0.009035204537212849,0.8422284126281738,0.3773603141307831,-0.012040011584758759,0.8592832684516907,0.38449570536613464,-0.014774092473089695,0.8578308820724487,0.38444504141807556,-0.016871346160769463,0.8212226033210754,0.37781229615211487,-0.020836809650063515,0.8277342915534973,0.3882041275501251,-0.01757449470460415,0.8443544507026672,0.3941520154476166,-0.01608184538781643,0.8361016511917114,0.3980450928211212,-0.03029058501124382,0.812203586101532,0.39334118366241455,-0.030943434685468674,0.8208296298980713,0.4024973511695862,-0.023391248658299446,0.8358883857727051,0.4082556366920471,-0.017310339957475662,ROCK
sample_01_0019.jpg,0,0.8907778859138489,0.3803902566432953,-1.2507959468166518e-07,0.9016249179840088,0.3454250395298004,0.01135813444852829,0.886781632900238,0.3194499909877777,0.008752644062042236,0.8627188801765442,0.31096896529197693,0.0004960724618285894,0.8352946043014526,0.3133305013179779,-0.008939170278608799,0.8836784362792969,0.297823429107666,0.01235844288021326,0.842462420463562,0.28906649351119995,0.0024900599382817745,0.8394925594329834,0.30133524537086487,-0.008950411342084408,0.8513103127479553,0.31060823798179626,-0.01664946973323822,0.8604600429534912,0.30425065755844116,-0.0008093183860182762,0.8197219371795654,0.3013041019439697,-0.004800830967724323,0.8216532468795776,0.3130796551704407,-0.008249125443398952,0.8379515409469604,0.32017821073532104,-0.011834797449409962,0.835797905921936,0.31597864627838135,-0.014152529649436474,0.8018059134483337,0.31353259086608887,-0.017338087782263756,0.8057278394699097,0.3237763047218323,-0.01497222576290369,0.8213919401168823,0.329536110162735,-0.014202590100467205,0.8122836351394653,0.32933828234672546,-0.02734621986746788,0.7897410988807678,0.3263967037200928,-0.02748745307326317,0.7958555817604065,0.33529144525527954,-0.020367993041872978,0.8092814087867737,0.34112781286239624,-0.01458711177110672,ROCK
sample_01_0020.jpg,0,0.13623479008674622,0.4463646411895752,9.261672317961711e-08,0.19984965026378632,0.42266881465911865,0.0006749329622834921,0.2615302801132202,0.4233705401420593,-0.005067065358161926,0.30250370502471924,0.43972042202949524,-0.011908724904060364,0.32300522923469543,0.45614874362945557,-0.018179506063461304,0.29038944840431213,0.42934584617614746,-0.024043859913945198,0.3628002405166626,0.4249369204044342,-0.043334271758794785,0.4057283401489258,0.4202450215816498,-0.05449385568499565,0.43797263503074646,0.41637417674064636,-0.058344487100839615,0.28492826223373413,0.45201146602630615,-0.029336094856262207,0.3588457405567169,0.46975433826446533,-0.038953859359025955,0.40650349855422974,0.4815739691257477,-0.04226817190647125,0.4390410780906677,0.49257373809814453,-0.04429670423269272,0.27017009258270264,0.4726988673210144,-0.03290429338812828,0.30906668305397034,0.47845083475112915,-0.03823898360133171,0.2971283495426178,0.47103649377822876,-0.03314555808901787,0.27686038613319397,0.46496719121932983,-0.027041152119636536,0.2543911933898926,0.48956528306007385,-0.036998771131038666,0.2843064069747925,0.48706579208374023,-0.03284512087702751,0.2734151780605316,0.48059552907943726,-0.020100770518183708,0.25581252574920654,0.4767914116382599,-0.009011414833366871,ROCK
sample_01_0020.jpg,1,0.7343525290489197,0.5431263446807861,-5.985593531931954e-08,0.716253936290741,0.5101330280303955,0.006827909965068102,0.6741070747375488,0.4950096905231476,0.008376328274607658,0.63568115234375,0.4953591227531433,0.007472918834537268,0.6111587285995483,0.49903184175491333,0.007109757978469133,0.641983151435852,0.49836286902427673,0.003226247150450945,0.5897896885871887,0.4903424382209778,-0.004167426377534866,0.6056365966796875,0.4940911531448364,-0.008946149609982967,0.6277156472206116,0.4975232481956482,-0.01011169608682394,0.6314879655838013,0.5172973275184631,-0.0021638008765876293,0.5843274593353271,0.5093669891357422,-0.0048001487739384174,0.6013013124465942,0.5115253329277039,-0.0035936024505645037,0.6220007538795471,0.5134549736976624,-0.0028342492878437042,0.629460334777832,0.534641444683075,-0.007281397935003042,0.588716983795166,0.5268135070800781,-0.00846521370112896,0.6023598313331604,0.5269854068756104,-0.0031085251830518246,0.6206146478652954,0.5287187099456787,0.0006127767846919596,0.6337078213691711,0.5492965579032898,-0.011827969923615456,0.6004341840744019,0.5399738550186157,-0.009487546049058437,0.6122398376464844,0.5395350456237793,-0.0006076766876503825,0.6286430358886719,0.5413539409637451,0.006297960411757231,ROCK
sample_01_0021.jpg,0,0.8794348239898682,0.4599418044090271,-1.6804395386316173e-07,0.9446923136711121,0.4405912458896637,0.009771227836608887,0.9725083708763123,0.40939733386039734,0.0030262733343988657,0.9613216519355774,0.38870716094970703,-0.008248831145465374,0.9293361306190491,0.37630170583724976,-0.022154781967401505,0.9841025471687317,0.37934547662734985,-0.007288794964551926,0.9629207253456116,0.3562353551387787,-0.018976757302880287,0.9428224563598633,0.36922767758369446,-0.03143275901675224,0.9390878081321716,0.384146511554718,-0.04071653634309769,0.9381971955299377,0.37557631731033325,-0.020218024030327797,0.9125869274139404,0.35931673645973206,-0.02261981926858425,0.8997228145599365,0.3734592795372009,-0.024690203368663788,0.9029273986816406,0.3884221017360687,-0.030289581045508385,0.8882346153259277,0.3778192400932312,-0.03166491165757179,0.8704608678817749,0.36455389857292175,-0.03228435665369034,0.8646777272224426,0.37744787335395813,-0.027442947030067444,0.8713617920875549,0.3901836574077606,-0.028078945353627205,0.8425922989845276,0.3833464980125427,-0.042354315519332886,0.8319738507270813,0.3757936954498291,-0.039882417768239975,0.8306854963302612,0.38731008768081665,-0.02886958420276642,0.8363705277442932,0.3975803554058075,-0.022241195663809776,ROCK
sample_01_0022.jpg,0,0.7829218506813049,0.5960317850112915,-8.090685099659822e-08,0.8542699217796326,0.5706101655960083,0.016441354528069496,0.8746849298477173,0.5365767478942871,0.01735672913491726,0.851590633392334,0.5136635899543762,0.013857778161764145,0.8205509185791016,0.5012457370758057,0.009382808580994606,0.8701750636100769,0.5095081925392151,-0.0019409345695748925,0.8701158165931702,0.4721468687057495,-0.00660322280600667,0.8562161922454834,0.48493579030036926,-0.009190483018755913,0.8518648147583008,0.5006354451179504,-0.010528553277254105,0.8215227127075195,0.5054256319999695,-0.01322238426655531,0.8176087141036987,0.47536805272102356,-0.00764089310541749,0.8092120289802551,0.49022021889686584,0.00014093317440710962,0.8118523955345154,0.5058801174163818,0.0018825429724529386,0.7749633193016052,0.5079463124275208,-0.022232351824641228,0.7753119468688965,0.4875161349773407,-0.014226613566279411,0.7717353105545044,0.5000960230827332,-0.0033660714980214834,0.7724195122718811,0.5127769708633423,-0.000275779195362702,0.7319268584251404,0.514809250831604,-0.029922818765044212,0.7386254072189331,0.5001122951507568,-0.01992766559123993,0.7392624020576477,0.5110648274421692,-0.004643431399017572,0.7402373552322388,0.5223198533058167,0.004891861230134964,ROCK
sample_01_0023.jpg,0,0.7001110911369324,0.44487783312797546,-5.905450848331384e-07,0.625043511390686,0.44338756799697876,0.005123554263263941,0.5682777762413025,0.4350167512893677,-0.005248597357422113,0.5248016119003296,0.4319802522659302,-0.019390787929296494,0.48723408579826355,0.4336699843406677,-0.03366125002503395,0.5516452789306641,0.4003472626209259,-0.03206421807408333,0.4640621542930603,0.3964352607727051,-0.06090392544865608,0.44085603952407837,0.4219353199005127,-0.07238388061523438,0.4494427442550659,0.44163036346435547,-0.07565133273601532,0.5681623220443726,0.40321269631385803,-0.04757888987660408,0.4764508605003357,0.4024336636066437,-0.07513934373855591,0.459330677986145,0.4293173849582672,-0.07709372043609619,0.47415634989738464,0.4479513466358185,-0.07391517609357834,0.5873399376869202,0.4149012863636017,-0.06222216412425041,0.5204172134399414,0.44009655714035034,-0.07858909666538239,0.517632782459259,0.46274352073669434,-0.07050099968910217,0.5324844121932983,0.47202324867248535,-0.06401971727609634,0.6041654944419861,0.4320223927497864,-0.07696691155433655,0.559516429901123,0.45869743824005127,-0.0833420678973198,0.5551917552947998,0.47307702898979187,-0.07535485178232193,0.5622143149375916,0.4771367609500885,-0.0689617171883583,ROCK
sample_02_0000.jpg,0,0.8861954212188721,0.48538804054260254,-2.157891003662371e-07,0.8578503727912903,0.37404781579971313,-0.027681229636073112,0.7858678698539734,0.29870864748954773,-0.03847617655992508,0.7157284021377563,0.29717832803726196,-0.049441445618867874,0.6857305765151978,0.369018018245697,-0.05424888804554939,0.713252604007721,0.36126816272735596,-0.009045923128724098,0.6534422636032104,0.37268978357315063,-0.0463397316634655,0.6995090842247009,0.3705669045448303,-0.0603465661406517,0.7329485416412354,0.36148732900619507,-0.0634680837392807,0.718198835849762,0.4387061893939972,-0.010273630730807781,0.6682897210121155,0.4538162052631378,-0.05472613126039505,0.7378751039505005,0.4422917664051056,-0.0592704676091671,0.7590026259422302,0.42271310091018677,-0.051056016236543655,0.7314375638961792,0.5097402334213257,-0.01848600246012211,0.6924017667770386,0.527665376663208,-0.06717264652252197,0.7576920986175537,0.5023244619369507,-0.05853389576077461,0.7804015278816223,0.4802752137184143,-0.03960859030485153,0.7475112676620483,0.5802630186080933,-0.028791483491659164,0.7215793132781982,0.5920389890670776,-0.0615679956972599,0.7636560201644897,0.5649885535240173,-0.057770662009716034,0.7822028994560242,0.5452187657356262,-0.04659226909279823,PAPER
sample_02_0000.jpg,1,0.03499729931354523,0.5612653493881226,-7.197202194220154e-07,0.08078497648239136,0.3800544738769531,0.019671974703669548,0.15194931626319885,0.29776132106781006,0.03034098446369171,0.22665148973464966,0.2968250513076782,0.038945332169532776,0.26356199383735657,0.3376770615577698,0.05093086138367653,0.22724653780460358,0.33297157287597656,0.014501691795885563,0.2913565933704376,0.33329594135284424,0.0340619720518589,0.25955265760421753,0.3490680456161499,0.055246494710445404,0.22407951951026917,0.3551209568977356,0.0710536316037178,0.23701322078704834,0.4486973285675049,0.008782082237303257,0.2856033146381378,0.4286492168903351,0.0331345833837986,0.2570595443248749,0.4324406385421753,0.045219406485557556,0.22751006484031677,0.4346766471862793,0.0492682047188282,0.237557515501976,0.5511510372161865,0.007027799263596535,0.28661271929740906,0.5195463299751282,0.025144891813397408,0.2622920870780945,0.5192181468009949,0.03209882974624634,0.23164846003055573,0.5220404267311096,0.03227458894252777,0.23480066657066345,0.6397293210029602,0.008097273297607899,0.3004046082496643,0.6454200744628906,0.022409342229366302,0.328328400850296,0.6546231508255005,0.031945232301950455,0.3484339118003845,0.6585477590560913,0.03708270937204361,PAPER
sample_02_0001.jpg,0,0.8935167193412781,0.49864593148231506,-2.9911947763139324e-07,0.8609216809272766,0.3808704912662506,-0.03125283494591713,0.7863574624061584,0.3006092607975006,-0.0454450324177742,0.7150077223777771,0.30410036444664,-0.05852050334215164,0.6831595301628113,0.38083645701408386,-0.06305253505706787,0.7104540467262268,0.35667359828948975,-0.01756361313164234,0.6520111560821533,0.3814537227153778,-0.05686808004975319,0.7094120383262634,0.38171181082725525,-0.07068256288766861,0.7387136816978455,0.3713057339191437,-0.07398173958063126,0.717734694480896,0.43621399998664856,-0.017354274168610573,0.6726345419883728,0.46177881956100464,-0.06030111387372017,0.7468306422233582,0.44967561960220337,-0.06145666539669037,0.756338894367218,0.4224579930305481,-0.053140752017498016,0.7303192019462585,0.5124784708023071,-0.02496594376862049,0.6996570825576782,0.5422075986862183,-0.07164645940065384,0.7646856904029846,0.5148299932479858,-0.06208730489015579,0.7747609615325928,0.48962581157684326,-0.044318199157714844,0.7442952990531921,0.5821645259857178,-0.03491787239909172,0.7112865447998047,0.5997060537338257,-0.06232495605945587,0.7195999026298523,0.5966244339942932,-0.059064239263534546,0.6972637176513672,0.6058615446090698,-0.05093446001410484,PAPER
sample_02_0001.jpg,1,0.026601642370224,0.5691479444503784,-7.571512696813443e-07,0.07412824034690857,0.3850284814834595,0.013987957499921322,0.1487046331167221,0.29848712682724,0.021950114518404007,0.22508122026920319,0.2989179790019989,0.02935505472123623,0.25792908668518066,0.3456425368785858,0.04058949649333954,0.21941664814949036,0.34473708271980286,-0.0012747601140290499,0.28504085540771484,0.3398345410823822,0.01574152335524559,0.2519749104976654,0.35136622190475464,0.03890297934412956,0.2159155011177063,0.35648924112319946,0.05578465387225151,0.2280096858739853,0.4622611999511719,-0.0053099351935088634,0.2779266834259033,0.43535351753234863,0.01512090489268303,0.24837812781333923,0.43534648418426514,0.029683388769626617,0.2196105420589447,0.4378751218318939,0.035709723830223083,0.22686472535133362,0.5670540928840637,-0.005180899985134602,0.2779083549976349,0.5290603041648865,0.007312443107366562,0.25186094641685486,0.5258795022964478,0.015104878693819046,0.2206910252571106,0.5289462208747864,0.016849515959620476,0.2224380373954773,0.6560635566711426,-0.0023868519347161055,0.29099807143211365,0.6646852493286133,0.00423900643363595,0.3238016664981842,0.6725832223892212,0.010183061473071575,0.35022521018981934,0.67583167552948,0.01366059947758913,PAPER
sample_02_0002.jpg,0,0.9020426273345947,0.5205137133598328,-1.7501680815712461e-07,0.86784827709198,0.40104904770851135,-0.031348831951618195,0.7944323420524597,0.3283824324607849,-0.04536130279302597,0.7250811457633972,0.3291028141975403,-0.058675628155469894,0.6921974420547485,0.39696019887924194,-0.06390199810266495,0.7189167737960815,0.3775435984134674,-0.015070831403136253,0.6589609384536743,0.4031984210014343,-0.05621536448597908,0.7158442139625549,0.40322235226631165,-0.07201089709997177,0.7467283606529236,0.38940367102622986,-0.0766836479306221,0.7268143892288208,0.45641791820526123,-0.015134516172111034,0.6808769106864929,0.4845823049545288,-0.06136004626750946,0.754622757434845,0.46846961975097656,-0.06480160355567932,0.7679460048675537,0.4384141266345978,-0.0575590580701828,0.7404642701148987,0.5322726964950562,-0.023017805069684982,0.7089537382125854,0.5567347407341003,-0.07284347712993622,0.7760224342346191,0.5285040140151978,-0.06370463222265244,0.790276825428009,0.5007931590080261,-0.045274220407009125,0.7557587623596191,0.6021261811256409,-0.033412475138902664,0.7361237406730652,0.6146577596664429,-0.06486721336841583,0.7745405435562134,0.591417670249939,-0.06133990362286568,0.7824126482009888,0.5762403011322021,-0.05133430287241936,PAPER
sample_02_0003.jpg,0,0.9076488018035889,0.5228400230407715,-1.6969158878055168e-07,0.8713545203208923,0.3970572054386139,-0.025210103020071983,0.7988067269325256,0.32201650738716125,-0.03512359410524368,0.7312387228012085,0.32221654057502747,-0.04521495848894119,0.7001762986183167,0.38716110587120056,-0.04802859202027321,0.7282336354255676,0.3794449269771576,-0.008534650318324566,0.6643966436386108,0.3987509310245514,-0.04492855444550514,0.722502589225769,0.3989510238170624,-0.059111133217811584,0.7558959126472473,0.3859108090400696,-0.06323319673538208,0.7349965572357178,0.4513986110687256,-0.010529395192861557,0.6828081607818604,0.4771890640258789,-0.05019555613398552,0.7565721869468689,0.46131330728530884,-0.052864789962768555,0.7748904824256897,0.4355141520500183,-0.04616628587245941,0.7491143345832825,0.5220702290534973,-0.01934284158051014,0.7078952193260193,0.5460396409034729,-0.06308994442224503,0.7774386405944824,0.5180614590644836,-0.052959468215703964,0.7991809248924255,0.49231353402137756,-0.0349019356071949,0.7664841413497925,0.5910452604293823,-0.030248166993260384,0.7378465533256531,0.6062197089195251,-0.05871925503015518,0.7828665375709534,0.5779758095741272,-0.05332111939787865,0.8025866746902466,0.558677077293396,-0.042168088257312775,PAPER
sample_02_0003.jpg,1,0.018901601433753967,0.5788478255271912,-7.829081027921347e-07,0.07016400992870331,0.39308610558509827,0.01738603226840496,0.1435519903898239,0.30556249618530273,0.02594965696334839,0.22084598243236542,0.29976728558540344,0.03316809609532356,0.2616696059703827,0.3351854085922241,0.04426433518528938,0.21999108791351318,0.3351854979991913,0.003025885671377182,0.28709712624549866,0.3366107642650604,0.019638361409306526,0.25453218817710876,0.35518908500671387,0.042106226086616516,0.21676136553287506,0.36093869805336,0.0592949315905571,0.22876405715942383,0.45270097255706787,-0.002767647383734584,0.2787976861000061,0.4330953061580658,0.019056495279073715,0.2506096065044403,0.44005727767944336,0.032887935638427734,0.22127467393875122,0.4413396418094635,0.03762618079781532,0.227989062666893,0.5588638186454773,-0.004412019159644842,0.28263452649116516,0.5252799391746521,0.010504255071282387,0.25806835293769836,0.5262910723686218,0.018253222107887268,0.22722552716732025,0.5274651646614075,0.018624447286128998,0.2249119132757187,0.6500121355056763,-0.0031871278770267963,0.29896241426467896,0.6590994596481323,0.004849535413086414,0.3375888466835022,0.6673449277877808,0.010782729834318161,0.3685797154903412,0.6687061190605164,0.013411403633654118,PAPER
sample_02_0004.jpg,0,0.9073472023010254,0.27862584590911865,-2.4319425051544385e-07,0.8792074918746948,0.14572708308696747,-0.015268232673406601,0.8179406523704529,0.05033183470368385,-0.02367917075753212,0.7592584490776062,0.029027339071035385,-0.03328516334295273,0.7170839309692383,0.06843124330043793,-0.03860921785235405,0.7381014823913574,0.11111164093017578,-0.017382144927978516,0.6713207960128784,0.08723267167806625,-0.04854847863316536,0.7275228500366211,0.08510808646678925,-0.06147057190537453,0.7639879584312439,0.10090316087007523,-0.06518428027629852,0.7399696111679077,0.184788316488266,-0.024415362626314163,0.6856737732887268,0.15691426396369934,-0.05861120671033859,0.7591238021850586,0.1538861095905304,-0.06407419592142105,0.786819577217102,0.17224696278572083,-0.0614592619240284,0.7497208714485168,0.25974616408348083,-0.034989532083272934,0.7087989449501038,0.2289353311061859,-0.07215745002031326,0.7784077525138855,0.2166469395160675,-0.06369733065366745,0.802869975566864,0.2303108274936676,-0.049401771277189255,0.7632816433906555,0.34066522121429443,-0.04632500559091568,0.733404278755188,0.2976122796535492,-0.07213754206895828,0.7808979153633118,0.2762991189956665,-0.06367278844118118,0.8026369214057922,0.28874072432518005,-0.051748163998126984,PAPER
sample_02_0004.jpg,1,0.016770154237747192,0.6064957976341248,-7.958850005707063e-07,0.06775468587875366,0.415945827960968,0.010914756916463375,0.14072085916996002,0.32833337783813477,0.014850496314466,0.21618524193763733,0.3314262926578522,0.018177174031734467,0.24931703507900238,0.37902718782424927,0.02492399699985981,0.21512839198112488,0.3641534745693207,-0.008363968692719936,0.2807280421257019,0.35278236865997314,0.005917057394981384,0.24709650874137878,0.3709433078765869,0.027347544208168983,0.20979803800582886,0.3818897604942322,0.04326631873846054,0.22782784700393677,0.4792494475841522,-0.012454112991690636,0.27166369557380676,0.4486590027809143,0.004916476551443338,0.24195496737957,0.4550512433052063,0.016677463427186012,0.21224790811538696,0.4620855450630188,0.020214354619383812,0.2297997772693634,0.5854400396347046,-0.01222902350127697,0.27874040603637695,0.5424672365188599,-0.0014083688147366047,0.25167950987815857,0.5409930944442749,0.004494290333241224,0.21949176490306854,0.5450234413146973,0.004459096118807793,0.22859080135822296,0.6780452132225037,-0.009553976356983185,0.29977983236312866,0.6869893074035645,-0.0025229747407138348,0.3362234830856323,0.6930079460144043,0.0039694057777523994,0.3664993941783905,0.6940500140190125,0.00711800018325448,PAPER
sample_02_0005.jpg,0,0.9082995057106018,0.2663516402244568,3.1661571142649336e-08,0.8819999694824219,0.1182253435254097,-0.03379501402378082,0.8215999007225037,0.017707884311676025,-0.04914570227265358,0.7598724961280823,-0.011824734508991241,-0.06257003545761108,0.7079018950462341,0.003359789028763771,-0.06804203987121582,0.7359457612037659,0.06029198691248894,-0.013175698928534985,0.6883710026741028,0.03729164972901344,-0.05138799175620079,0.7482569217681885,0.04568076133728027,-0.0696212574839592,0.7790494561195374,0.050834134221076965,-0.07646524161100388,0.7339925169944763,0.1369454711675644,-0.012552205473184586,0.6895908713340759,0.1082044467329979,-0.05611216649413109,0.7643505334854126,0.10642647743225098,-0.0690142884850502,0.7869064211845398,0.1124572679400444,-0.06937652826309204,0.7425972819328308,0.21275165677070618,-0.018736425787210464,0.711057186126709,0.18272283673286438,-0.06637709587812424,0.782308042049408,0.17344506084918976,-0.06200069189071655,0.8000596761703491,0.18234708905220032,-0.047637637704610825,0.7549611926078796,0.2921154499053955,-0.02734130434691906,0.7433332204818726,0.2495255023241043,-0.059293657541275024,0.7900993227958679,0.23462867736816406,-0.0546392984688282,0.8032980561256409,0.24655434489250183,-0.04358777776360512,PAPER
sample_02_0005.jpg,1,0.04427330195903778,0.7500358819961548,3.874652421131941e-08,0.09509575366973877,0.6506659388542175,0.03872198611497879,0.15338952839374542,0.6211698055267334,0.045329321175813675,0.20023372769355774,0.6242054104804993,0.04136796295642853,0.24755069613456726,0.6207883358001709,0.030602023005485535,0.21025952696800232,0.6587063074111938,-0.014927332289516926,0.284047931432724,0.6610348224639893,-0.045641593635082245,0.33922964334487915,0.6611882448196411,-0.06598736345767975,0.38255566358566284,0.6705262660980225,-0.08315320312976837,0.20000532269477844,0.692874014377594,-0.05991794541478157,0.28465956449508667,0.6903452277183533,-0.10285748541355133,0.34896349906921387,0.6928736567497253,-0.13368505239486694,0.4006043076515198,0.7048045992851257,-0.1568998396396637,0.17935419082641602,0.7256245017051697,-0.10162284970283508,0.2600165009498596,0.7201577425003052,-0.14792266488075256,0.31891363859176636,0.7179217338562012,-0.17963263392448425,0.3648010492324829,0.7234718203544617,-0.20131519436836243,0.15355414152145386,0.7553752660751343,-0.13779452443122864,0.2160636931657791,0.7407642602920532,-0.18717962503433228,0.2627303898334503,0.7310722470283508,-0.21850989758968353,0.30237874388694763,0.726794958114624,-0.2415185272693634,PAPER
sample_02_0006.jpg,0,0.8965078592300415,0.5526406168937683,-3.218183906028571e-07,0.8690030574798584,0.4413842558860779,-0.026804685592651367,0.7923167943954468,0.3686632513999939,-0.03754725307226181,0.723207950592041,0.39094406366348267,-0.04715713858604431,0.6955358982086182,0.4723089635372162,-0.048483822494745255,0.7165682911872864,0.4325236976146698,-0.018765265122056007,0.6587202548980713,0.4633687734603882,-0.057545579969882965,0.7185536026954651,0.4596061706542969,-0.07200056314468384,0.7447260618209839,0.44560834765434265,-0.07707157731056213,0.7245916128158569,0.512778103351593,-0.019908105954527855,0.678621232509613,0.5466775298118591,-0.06098751723766327,0.7546800374984741,0.5220810770988464,-0.05990171432495117,0.7632312178611755,0.4939672350883484,-0.05099007487297058,0.7381429076194763,0.587012529373169,-0.028100652620196342,0.7053731679916382,0.6176761984825134,-0.07252051681280136,0.7735345959663391,0.5811284780502319,-0.05828483775258064,0.784690260887146,0.5536236763000488,-0.03854592889547348,0.7524910569190979,0.6549910306930542,-0.03847402706742287,0.7293593883514404,0.668889045715332,-0.0669197216629982,0.7649912238121033,0.6495609283447266,-0.06048170104622841,0.7670459747314453,0.6442041397094727,-0.04966411367058754,PAPER
sample_02_0006.jpg,1,0.04728004336357117,0.5518568754196167,-7.218027917588188e-07,0.09270037710666656,0.3772755265235901,0.00540841743350029,0.1653747260570526,0.2957441806793213,0.006995650939643383,0.23677214980125427,0.3080682158470154,0.007571123074740171,0.2691842317581177,0.36711806058883667,0.011690136976540089,0.2439611405134201,0.3464696407318115,-0.0030720150098204613,0.3016223907470703,0.34972065687179565,0.0030225215014070272,0.2688677906990051,0.359457790851593,0.013682081364095211,0.23241086304187775,0.3634079396724701,0.022882524877786636,0.24947050213813782,0.46053546667099,-0.007169048767536879,0.28710246086120605,0.44431251287460327,0.003766938578337431,0.25938352942466736,0.44473201036453247,0.009376679547131062,0.22907832264900208,0.4473172426223755,0.010633820667862892,0.24313116073608398,0.5624524354934692,-0.008821924217045307,0.2829163372516632,0.5321871638298035,-0.005585632286965847,0.25833410024642944,0.5306966304779053,-0.0026486108545213938,0.22734323143959045,0.5353230834007263,-0.0015754848718643188,0.23465444147586823,0.6496753692626953,-0.00869954377412796,0.297411173582077,0.6587551832199097,-0.005078068934381008,0.3269358277320862,0.6652871370315552,0.0021534806583076715,0.34878984093666077,0.6695648431777954,0.007737694773823023,PAPER
sample_02_0007.jpg,0,0.9030821919441223,0.3541930615901947,-1.6674377434355847e-07,0.8650191426277161,0.22222638130187988,-0.019580315798521042,0.8023979067802429,0.13434553146362305,-0.031113212928175926,0.7418808937072754,0.10273291915655136,-0.04358961433172226,0.7067511081695557,0.1623704880475998,-0.05030443146824837,0.7222099304199219,0.2035178542137146,-0.011938968673348427,0.657528281211853,0.186004176735878,-0.0453718826174736,0.7157492637634277,0.18101780116558075,-0.061183370649814606,0.7512401342391968,0.1900450438261032,-0.06676606833934784,0.7249164581298828,0.27503305673599243,-0.017794011160731316,0.6720073223114014,0.25757548213005066,-0.05470411852002144,0.7444065809249878,0.24387136101722717,-0.062121693044900894,0.7702051401138306,0.2513102889060974,-0.06024789437651634,0.7366517782211304,0.3461856544017792,-0.028270678594708443,0.7021546363830566,0.32379958033561707,-0.06689231842756271,0.7706340551376343,0.3032483160495758,-0.05880894139409065,0.7929775714874268,0.3099362254142761,-0.04401426389813423,0.7534922957420349,0.41960078477859497,-0.040502868592739105,0.7302146553993225,0.38601672649383545,-0.06540341675281525,0.7747570276260376,0.36128711700439453,-0.05783020704984665,0.7929195165634155,0.3674468398094177,-0.04633113369345665,PAPER
sample_02_0007.jpg,1,0.02588893473148346,0.7384738326072693,9.999220651479845e-08,0.08081021159887314,0.6382354497909546,0.03386969119310379,0.1510525494813919,0.6201586723327637,0.04548851028084755,0.2022162228822708,0.6363881826400757,0.04446866363286972,0.2519257366657257,0.6390354633331299,0.037554871290922165,0.19525805115699768,0.6726740598678589,0.023995593190193176,0.2647215723991394,0.6675987839698792,0.004105261527001858,0.32054030895233154,0.6642946004867554,-0.015827082097530365,0.3654292821884155,0.6651608347892761,-0.03376198559999466,0.19111119210720062,0.7109249234199524,-0.0187433660030365,0.2711775004863739,0.7073874473571777,-0.04691788926720619,0.33509206771850586,0.7039270997047424,-0.07867789268493652,0.384499728679657,0.7050431370735168,-0.10271869599819183,0.17695550620555878,0.7451151609420776,-0.06134471669793129,0.2572212517261505,0.7345418334007263,-0.0977512076497078,0.3199010491371155,0.7266008853912354,-0.13040751218795776,0.3679382801055908,0.7266359329223633,-0.15306587517261505,0.15485280752182007,0.7723817229270935,-0.10034381598234177,0.2191772162914276,0.7578571438789368,-0.13885875046253204,0.26683253049850464,0.7477903962135315,-0.16364465653896332,0.3071744441986084,0.747576892375946,-0.18230250477790833,PAPER
sample_02_0008.jpg,0,0.8976098299026489,0.5560420751571655,-5.252618962003908e-07,0.8687829971313477,0.4372996687889099,-0.02745271660387516,0.7898709177970886,0.35093969106674194,-0.037043288350105286,0.7208676934242249,0.3615797460079193,-0.04514297470450401,0.7006140351295471,0.44651198387145996,-0.04449078440666199,0.7132382988929749,0.4208461046218872,-0.022853054106235504,0.654941976070404,0.44935372471809387,-0.06033623591065407,0.7230395674705505,0.4499002993106842,-0.07609652727842331,0.7495757341384888,0.43624186515808105,-0.0817892998456955,0.7222185134887695,0.5015928745269775,-0.022968661040067673,0.6745355129241943,0.5308048129081726,-0.06148936599493027,0.7556122541427612,0.5138278007507324,-0.0619405135512352,0.7664475440979004,0.4848109185695648,-0.055810097604990005,0.7339808344841003,0.5788975358009338,-0.029970884323120117,0.6979420781135559,0.6139918565750122,-0.06981507688760757,0.7663729786872864,0.5844255685806274,-0.05914059653878212,0.7845451831817627,0.5545288920402527,-0.04333885759115219,0.7423774600028992,0.6478142738342285,-0.03934965655207634,0.6856818199157715,0.676071047782898,-0.06115497648715973,0.6668388843536377,0.6862102746963501,-0.058299366384744644,0.628511369228363,0.703723669052124,-0.0531064011156559,PAPER
sample_02_0009.jpg,0,0.8887161612510681,0.4629422724246979,-2.2448456604706735e-07,0.8542720675468445,0.34911295771598816,-0.02121657319366932,0.78693026304245,0.2753925919532776,-0.031813669949769974,0.7257699370384216,0.2622084319591522,-0.04246489331126213,0.6920201778411865,0.3190203309059143,-0.046946197748184204,0.7145603895187378,0.33342811465263367,-0.015538500621914864,0.6497541666030884,0.335457444190979,-0.04972139000892639,0.7062111496925354,0.3326115012168884,-0.06301698833703995,0.7393907308578491,0.3327118456363678,-0.06648840755224228,0.7197888493537903,0.40483155846595764,-0.018966760486364365,0.6669588088989258,0.40908557176589966,-0.054062116891145706,0.7391906976699829,0.39372313022613525,-0.0562734380364418,0.759494960308075,0.38659238815307617,-0.050941817462444305,0.7328451871871948,0.4756213426589966,-0.02742149494588375,0.6946630477905273,0.4756999611854553,-0.06632376462221146,0.762683629989624,0.4509759843349457,-0.05532195791602135,0.782293975353241,0.44339656829833984,-0.0387970432639122,0.7499105930328369,0.547234296798706,-0.03744636848568916,0.7241710424423218,0.5355404615402222,-0.06311515718698502,0.7703619003295898,0.5081046223640442,-0.05490350350737572,0.7895143032073975,0.5039432048797607,-0.042873676866292953,PAPER
sample_02_0009.jpg,1,0.02219080924987793,0.7389811873435974,6.965913712519978e-08,0.0891711562871933,0.6402432322502136,0.03876302391290665,0.1545116901397705,0.6221238374710083,0.047918353229761124,0.20230773091316223,0.6274760961532593,0.04450933635234833,0.2541947364807129,0.6277704238891602,0.03563116490840912,0.2117817997932434,0.6658260822296143,0.012683789245784283,0.29168856143951416,0.6683722734451294,-0.01081753522157669,0.3474124073982239,0.6709774136543274,-0.02919609658420086,0.39092060923576355,0.6828215718269348,-0.04517773538827896,0.20004647970199585,0.6956408023834229,-0.03127647191286087,0.2900904417037964,0.6963194012641907,-0.06663715094327927,0.35356852412223816,0.7018976807594299,-0.0971609577536583,0.4065941572189331,0.7186069488525391,-0.11981046944856644,0.17987915873527527,0.7273261547088623,-0.07381632924079895,0.2611541152000427,0.7252357602119446,-0.11236521601676941,0.3191983997821808,0.7249298095703125,-0.14187628030776978,0.36626023054122925,0.7311488389968872,-0.16221317648887634,0.1529141515493393,0.758427619934082,-0.1121542751789093,0.21695832908153534,0.7472511529922485,-0.15116094052791595,0.2637820541858673,0.7375012040138245,-0.17643314599990845,0.3034552335739136,0.7330700159072876,-0.19562740623950958,PAPER
sample_02_0010.jpg,0,0.89573734998703,0.5339301824569702,-3.72709081375433e-07,0.8690420985221863,0.4151401221752167,-0.031947895884513855,0.797552227973938,0.32721489667892456,-0.04504765197634697,0.7267144918441772,0.3440020680427551,-0.0556519515812397,0.6968668103218079,0.41627949476242065,-0.057344552129507065,0.7175076007843018,0.3795882761478424,-0.022724350914359093,0.6578553318977356,0.4171658456325531,-0.062438201159238815,0.7217015027999878,0.421468585729599,-0.07871311157941818,0.7503923177719116,0.4055560827255249,-0.08365213125944138,0.7238951325416565,0.46266451478004456,-0.020591551437973976,0.6758875846862793,0.5026521682739258,-0.06062282994389534,0.7553892731666565,0.4900156259536743,-0.060820095241069794,0.7674446105957031,0.45449766516685486,-0.05321035534143448,0.7333680987358093,0.5430179834365845,-0.02614770643413067,0.6990742683410645,0.5889617800712585,-0.06892586499452591,0.7669910192489624,0.5582090020179749,-0.05848582088947296,0.7838590741157532,0.5206252336502075,-0.04111481457948685,0.7416472434997559,0.6164630651473999,-0.03414615988731384,0.6885812282562256,0.6416356563568115,-0.05792343616485596,0.6739718914031982,0.6447669267654419,-0.05409322679042816,0.6359524726867676,0.6537399888038635,-0.04669783636927605,PAPER
sample_02_0011.jpg,0,0.9026066660881042,0.37259799242019653,-1.256324395626507e-07,0.8700293302536011,0.24020901322364807,-0.014914695173501968,0.8080992698669434,0.15577243268489838,-0.02140302024781704,0.746925413608551,0.13684354722499847,-0.028879184275865555,0.7164491415023804,0.19231173396110535,-0.0315193273127079,0.7348569631576538,0.20874443650245667,-0.0056000277400016785,0.6723698377609253,0.21275395154953003,-0.03407995402812958,0.725688099861145,0.21387195587158203,-0.04850117862224579,0.7607592344284058,0.215793639421463,-0.05437294766306877,0.7402451634407043,0.2793824374675751,-0.011474528349936008,0.6848850250244141,0.28246915340423584,-0.04005702584981918,0.7500316500663757,0.26946714520454407,-0.0446615070104599,0.7768791913986206,0.2671208381652832,-0.04308949038386345,0.7532103657722473,0.351906418800354,-0.021785834804177284,0.7116122245788574,0.34749457240104675,-0.053297027945518494,0.7718890905380249,0.3262084722518921,-0.0472143217921257,0.7953699827194214,0.322441041469574,-0.03606394678354263,0.7710022330284119,0.4278881251811981,-0.0333826057612896,0.7410809397697449,0.409382700920105,-0.0542265884578228,0.780543863773346,0.3823574483394623,-0.04915658384561539,0.8009426593780518,0.3780250549316406,-0.04093146324157715,PAPER
sample_02_0011.jpg,1,0.019879430532455444,0.7625340223312378,1.107705998038e-07,0.08844996988773346,0.649409294128418,0.029832614585757256,0.15267711877822876,0.6246572732925415,0.030347738415002823,0.1989583671092987,0.6252325773239136,0.02000444196164608,0.24965016543865204,0.6218913197517395,0.0033844695426523685,0.2142447531223297,0.6622637510299683,-0.013984455727040768,0.2918365001678467,0.6649385094642639,-0.045707277953624725,0.34416818618774414,0.6680628061294556,-0.06840585172176361,0.3861162066459656,0.6801179051399231,-0.08734547346830368,0.1986730992794037,0.6945974826812744,-0.057383790612220764,0.29036808013916016,0.6951322555541992,-0.10140423476696014,0.352608859539032,0.6994267702102661,-0.1347516030073166,0.4065024256706238,0.7140933871269226,-0.15948505699634552,0.173100546002388,0.7289027571678162,-0.09903980046510696,0.25467875599861145,0.7247318625450134,-0.14274750649929047,0.31343531608581543,0.7244492769241333,-0.17383022606372833,0.36233100295066833,0.7290454506874084,-0.19589458405971527,0.14003685116767883,0.7593371272087097,-0.13705284893512726,0.20412370562553406,0.7461096048355103,-0.17931391298770905,0.25279945135116577,0.7353300452232361,-0.20653407275676727,0.2940850555896759,0.7291178703308105,-0.22782184183597565,PAPER
sample_02_0012.jpg,0,0.8742352724075317,0.5776671767234802,-5.192409844312351e-07,0.8523891568183899,0.46457117795944214,-0.029393969103693962,0.7770147323608398,0.3848371207714081,-0.038506221026182175,0.7082333564758301,0.40148693323135376,-0.045675694942474365,0.6848976612091064,0.4836314618587494,-0.04488106071949005,0.7037733793258667,0.44372716546058655,-0.02601810358464718,0.6435282230377197,0.47799211740493774,-0.06364591419696808,0.707941472530365,0.4777719974517822,-0.07968702912330627,0.7369943857192993,0.4626297950744629,-0.08515500277280807,0.7099325656890869,0.5274170637130737,-0.025369789451360703,0.6649500131607056,0.5643843412399292,-0.06555163115262985,0.7442194819450378,0.5452245473861694,-0.06783191114664078,0.7589477896690369,0.5094711184501648,-0.06248766928911209,0.7194481492042542,0.6072983741760254,-0.03175455331802368,0.6898700594902039,0.6482664346694946,-0.07506539672613144,0.7550310492515564,0.616073727607727,-0.06783846020698547,0.7757278680801392,0.5812778472900391,-0.053124137222766876,0.7257423996925354,0.6796027421951294,-0.040380727499723434,0.6609612107276917,0.7152307033538818,-0.06592259556055069,0.6309005618095398,0.7247480750083923,-0.06635242700576782,0.5884087085723877,0.7360036373138428,-0.06284040212631226,PAPER
sample_02_0013.jpg,0,0.8813117742538452,0.6148238182067871,-5.276477850202355e-07,0.8581922650337219,0.5024073719978333,-0.02639663964509964,0.7783816456794739,0.4291824996471405,-0.03464563190937042,0.7063016295433044,0.44235846400260925,-0.042441483587026596,0.6819018125534058,0.5262583494186401,-0.04268791154026985,0.7053764462471008,0.5001444816589355,-0.020550554618239403,0.6479352116584778,0.5341284275054932,-0.05502765625715256,0.7074105739593506,0.527630627155304,-0.06669329106807709,0.7349215745925903,0.5115519762039185,-0.06920654326677322,0.7143393754959106,0.5755040049552917,-0.021315770223736763,0.6702687740325928,0.6115397214889526,-0.058925434947013855,0.7455959916114807,0.5876439809799194,-0.05781415104866028,0.7554821968078613,0.5566797852516174,-0.04944916442036629,0.7276046872138977,0.6459046602249146,-0.028904983773827553,0.6919394731521606,0.6854983568191528,-0.0709998682141304,0.7571414709091187,0.6524678468704224,-0.06093405559659004,0.7766780257225037,0.6261258721351624,-0.04418996721506119,0.738193690776825,0.7108455300331116,-0.03861973434686661,0.6787062287330627,0.7449853420257568,-0.06459882855415344,0.658076822757721,0.7529904842376709,-0.06411292403936386,0.6233767867088318,0.7678468823432922,-0.059240806847810745,PAPER
sample_02_0014.jpg,0,0.8924226760864258,0.6078097820281982,-5.3854279258303e-07,0.8596341013908386,0.49430057406425476,-0.027040282264351845,0.7817056179046631,0.4175986051559448,-0.03725719451904297,0.7117485404014587,0.4328322112560272,-0.047023359686136246,0.689734935760498,0.5188453197479248,-0.04877862706780434,0.7075230479240417,0.48714637756347656,-0.023031534627079964,0.6483231782913208,0.5227661728858948,-0.06178668886423111,0.7136523723602295,0.5200505256652832,-0.07694507390260696,0.7430704832077026,0.50275719165802,-0.08094248175621033,0.7162907123565674,0.5652189254760742,-0.02426433563232422,0.6691433787345886,0.6021028757095337,-0.06471023708581924,0.7485471367835999,0.5836184620857239,-0.06492121517658234,0.7620948553085327,0.5498902201652527,-0.057275231927633286,0.7286474704742432,0.6406370401382446,-0.03254386782646179,0.6913855671882629,0.6841771602630615,-0.07543092221021652,0.7590572834014893,0.6544883847236633,-0.06553833931684494,0.7828134894371033,0.622338593006134,-0.04819978401064873,0.7380040287971497,0.7096725702285767,-0.04317865148186684,0.6679409146308899,0.7495880126953125,-0.06701485067605972,0.6366554498672485,0.7592709064483643,-0.06589476764202118,0.5964785814285278,0.7707293033599854,-0.06075647845864296,PAPER
sample_02_0015.jpg,0,0.8840590119361877,0.5286065936088562,-1.6885054776594188e-07,0.8533180952072144,0.4169236719608307,-0.022738728672266006,0.7835502028465271,0.34152430295944214,-0.03198719769716263,0.7194709181785583,0.3444431722164154,-0.04121604189276695,0.6924701929092407,0.4101075232028961,-0.04482993111014366,0.710631251335144,0.4121125638484955,-0.010923354886472225,0.6495440006256104,0.4201126992702484,-0.044438719749450684,0.6983828544616699,0.4105495810508728,-0.059113360941410065,0.7327287197113037,0.4041813015937805,-0.06370139867067337,0.7174692153930664,0.4858974814414978,-0.013279370963573456,0.6676121354103088,0.4918875992298126,-0.04894958809018135,0.7364052534103394,0.4717071056365967,-0.05306997150182724,0.7598099708557129,0.46083176136016846,-0.04780902341008186,0.732072114944458,0.5560253858566284,-0.021069880574941635,0.6924617886543274,0.5580700039863586,-0.06193022429943085,0.7592564821243286,0.5277162194252014,-0.05300155282020569,0.7833079695701599,0.5155971646308899,-0.03657116740942001,0.7509134411811829,0.6273996233940125,-0.030437758192420006,0.7223260998725891,0.6161038875579834,-0.058436788618564606,0.767993152141571,0.5853165984153748,-0.051452722400426865,0.7901288270950317,0.5762385129928589,-0.0393039733171463,PAPER
sample_02_0015.jpg,1,0.02093885838985443,0.7345951795578003,1.1855941295380035e-07,0.08594776690006256,0.63409823179245,0.03564509004354477,0.15164318680763245,0.6167565584182739,0.0455080009996891,0.19916118681430817,0.6260205507278442,0.04308672249317169,0.24923738837242126,0.6277380585670471,0.03539343923330307,0.20477625727653503,0.6652908325195312,0.020263954997062683,0.2799672484397888,0.6678723692893982,-0.0016433047130703926,0.33667171001434326,0.6701835989952087,-0.021466335281729698,0.38020485639572144,0.6787909865379333,-0.03876350447535515,0.19589835405349731,0.69893878698349,-0.022417927160859108,0.28345370292663574,0.6990181803703308,-0.052724018692970276,0.3483008146286011,0.7038257122039795,-0.0834474116563797,0.3997938930988312,0.7159237265586853,-0.10689835250377655,0.17863458395004272,0.7313727736473083,-0.06468820571899414,0.26164117455482483,0.7290700078010559,-0.10136841237545013,0.3210299611091614,0.7300359606742859,-0.13279907405376434,0.36721673607826233,0.7349492907524109,-0.15480868518352509,0.15347696840763092,0.7618106007575989,-0.10310758650302887,0.21740016341209412,0.75188148021698,-0.14279122650623322,0.26467257738113403,0.7434006333351135,-0.16879881918430328,0.3047753572463989,0.7389313578605652,-0.18829841911792755,PAPER
sample_02_0016.jpg,0,0.8834514617919922,0.3472380042076111,-1.0381650383806118e-07,0.863057553768158,0.20914170145988464,-0.01749979704618454,0.809226393699646,0.09947795420885086,-0.025634512305259705,0.7519816756248474,0.06708303093910217,-0.03447006642818451,0.7188841104507446,0.1252671182155609,-0.0388423427939415,0.729769229888916,0.15146490931510925,-0.013727614656090736,0.6666908860206604,0.12953267991542816,-0.04471489414572716,0.7191579341888428,0.13671112060546875,-0.06011408567428589,0.7554635405540466,0.1470278799533844,-0.06666424125432968,0.728689968585968,0.2289116382598877,-0.020159417763352394,0.6766669750213623,0.20802950859069824,-0.053295351564884186,0.7466386556625366,0.21282413601875305,-0.05877087265253067,0.7736008763313293,0.22151412069797516,-0.05684597045183182,0.7365878820419312,0.308724045753479,-0.030695008113980293,0.6959527134895325,0.28661417961120605,-0.06612822413444519,0.7633578181266785,0.28020650148391724,-0.05790103226900101,0.7882455587387085,0.28503960371017456,-0.04454003646969795,0.7485065460205078,0.39297598600387573,-0.04273053631186485,0.7201724052429199,0.3633880019187927,-0.06696275621652603,0.7658555507659912,0.34478479623794556,-0.06002707779407501,0.7878525257110596,0.3481072187423706,-0.04985729604959488,PAPER
sample_02_0016.jpg,1,0.04602073132991791,0.7438462376594543,3.536562189765391e-07,0.0943412184715271,0.6578739285469055,0.0009495337726548314,0.15408901870250702,0.6212027668952942,-0.013687415048480034,0.19873176515102386,0.6192004084587097,-0.030108708888292313,0.238807812333107,0.6142793297767639,-0.05084674060344696,0.19770504534244537,0.6512985229492188,-0.06354013085365295,0.2780667543411255,0.6457479000091553,-0.10668665170669556,0.3371313214302063,0.6523911952972412,-0.13292892277240753,0.3852669596672058,0.668650209903717,-0.15084777772426605,0.18352970480918884,0.6751096248626709,-0.08589127659797668,0.272931307554245,0.6727225184440613,-0.13130034506320953,0.3391827344894409,0.6854408383369446,-0.1570005863904953,0.396284818649292,0.7101992964744568,-0.17489710450172424,0.15987060964107513,0.7002451419830322,-0.10620611160993576,0.24460342526435852,0.6956703662872314,-0.14769381284713745,0.3065195679664612,0.6989794969558716,-0.17005948722362518,0.35641640424728394,0.711133599281311,-0.1841711699962616,0.13069656491279602,0.7272742390632629,-0.12465070933103561,0.19085802137851715,0.7159597873687744,-0.16653379797935486,0.24049830436706543,0.7107372283935547,-0.1897851973772049,0.28371554613113403,0.713538408279419,-0.20493391156196594,PAPER
sample_02_0017.jpg,0,0.8858994841575623,0.5431016087532043,-1.4607358878038212e-07,0.8575872778892517,0.42650169134140015,-0.02753041312098503,0.7904316186904907,0.3496348559856415,-0.03915506601333618,0.7217211723327637,0.34888362884521484,-0.05027569830417633,0.6923257112503052,0.41461724042892456,-0.05438244342803955,0.7169116139411926,0.40344536304473877,-0.011168688535690308,0.65488201379776,0.4188656806945801,-0.04655291140079498,0.7068498730659485,0.4211677610874176,-0.05994272977113724,0.7395816445350647,0.4121992290019989,-0.06371007859706879,0.7218582034111023,0.48073193430900574,-0.012052611447870731,0.672027051448822,0.5005492568016052,-0.051172416657209396,0.7448955774307251,0.4880578815937042,-0.0531625971198082,0.7641096115112305,0.4633060693740845,-0.045579973608255386,0.7341403961181641,0.5525773763656616,-0.01964457519352436,0.6949174404144287,0.5714887976646423,-0.0637526884675026,0.7630782127380371,0.5449492335319519,-0.05326668545603752,0.7858366370201111,0.520285964012146,-0.03497342765331268,0.7494763731956482,0.6237421631813049,-0.029395053163170815,0.7230932712554932,0.6335312128067017,-0.06013484671711922,0.7687028050422668,0.6057096719741821,-0.05518296733498573,0.7890709638595581,0.5861918926239014,-0.043847132474184036,PAPER
sample_02_0017.jpg,1,0.0370362251996994,0.7598602771759033,1.5944846154525294e-07,0.08994335681200027,0.6611219644546509,0.023443039506673813,0.15267081558704376,0.627020001411438,0.017612284049391747,0.19864588975906372,0.6257994174957275,0.004122226033359766,0.24449360370635986,0.6175037026405334,-0.01657615602016449,0.20754623413085938,0.6602048873901367,-0.04861532151699066,0.28474265336990356,0.6579293608665466,-0.09330371767282486,0.34185969829559326,0.6614166498184204,-0.12274853885173798,0.3880775570869446,0.6723939180374146,-0.14442618191242218,0.19044145941734314,0.6921817064285278,-0.08715392649173737,0.2790350615978241,0.6911599040031433,-0.13710007071495056,0.34430962800979614,0.6984066963195801,-0.1693526953458786,0.39984267950057983,0.7155580520629883,-0.19352994859218597,0.1623537838459015,0.7223736047744751,-0.12254448980093002,0.24499258399009705,0.7202104926109314,-0.17310087382793427,0.3069091737270355,0.7196225523948669,-0.2051110565662384,0.3550145924091339,0.7250915765762329,-0.22648607194423676,0.1286868005990982,0.7522770166397095,-0.15331606566905975,0.19268962740898132,0.7453587651252747,-0.20370103418827057,0.24365384876728058,0.7384122014045715,-0.23378930985927582,0.2848812937736511,0.7338721752166748,-0.25551939010620117,PAPER
sample_02_0018.jpg,0,0.9015646576881409,0.27763575315475464,-2.424742007178793e-08,0.8830508589744568,0.14087620377540588,-0.031395163387060165,0.824150025844574,0.03173859789967537,-0.044771406799554825,0.763836145401001,-0.0012027621269226074,-0.05625201389193535,0.7141598463058472,0.021509304642677307,-0.05986177921295166,0.736160397529602,0.08267892897129059,-0.0151185542345047,0.6878708004951477,0.05677935481071472,-0.05161449685692787,0.7501203417778015,0.06691914796829224,-0.06561332941055298,0.7810018062591553,0.07680250704288483,-0.06865454465150833,0.7322766184806824,0.1566784828901291,-0.014734010212123394,0.6925922632217407,0.12435705959796906,-0.055241819471120834,0.7676801681518555,0.13183486461639404,-0.0632549375295639,0.7835456728935242,0.13998855650424957,-0.059785034507513046,0.7392193675041199,0.22932592034339905,-0.020624397322535515,0.7097625136375427,0.1973751187324524,-0.06592035293579102,0.7820586562156677,0.19438058137893677,-0.05773167684674263,0.7963281869888306,0.20236778259277344,-0.04074814170598984,0.7490912079811096,0.3072938323020935,-0.0285800714045763,0.7354101538658142,0.2628723978996277,-0.05937172472476959,0.7847309708595276,0.24874725937843323,-0.05186355113983154,0.7989574670791626,0.2596230208873749,-0.038250744342803955,PAPER
sample_02_0018.jpg,1,0.049828335642814636,0.7436075806617737,3.5429837907940964e-07,0.1036754623055458,0.6609150171279907,-0.0039360844530165195,0.1623883843421936,0.6287662982940674,-0.018420293927192688,0.20277844369411469,0.6237514019012451,-0.0341532938182354,0.2412172257900238,0.6212744116783142,-0.0525180883705616,0.205222487449646,0.6519010066986084,-0.050976790487766266,0.2862975597381592,0.6454537510871887,-0.08967562764883041,0.34193670749664307,0.6553616523742676,-0.11378274112939835,0.38796550035476685,0.6740297675132751,-0.12961801886558533,0.19276131689548492,0.6709420084953308,-0.0680924654006958,0.27968844771385193,0.6669363975524902,-0.10733354091644287,0.34273672103881836,0.6788691878318787,-0.1295437067747116,0.3980225920677185,0.7016779184341431,-0.14425092935562134,0.17138558626174927,0.6943454146385193,-0.08447495102882385,0.25358185172080994,0.6934159398078918,-0.11870210617780685,0.31019267439842224,0.6998018622398376,-0.1351913958787918,0.35743075609207153,0.7122862339019775,-0.14483003318309784,0.14303874969482422,0.7222848534584045,-0.10031240433454514,0.20171694457530975,0.7190119028091431,-0.13337460160255432,0.24657826125621796,0.7170388698577881,-0.1494160294532776,0.2863847613334656,0.720942497253418,-0.15898087620735168,PAPER
sample_02_0019.jpg,0,0.8905491828918457,0.542578935623169,-1.783272978173045e-07,0.8581597805023193,0.43224436044692993,-0.028990020975470543,0.7908137440681458,0.3608219623565674,-0.03897028788924217,0.722454845905304,0.3716486096382141,-0.04801464080810547,0.6919926404953003,0.43264421820640564,-0.049813348799943924,0.7179530262947083,0.41349104046821594,-0.005644202698022127,0.6598940491676331,0.4329656958580017,-0.04073260724544525,0.7123462557792664,0.4370245337486267,-0.05568545684218407,0.7442103624343872,0.42609232664108276,-0.06016400083899498,0.7237201929092407,0.4900243580341339,-0.004824152681976557,0.6754105687141418,0.5176543593406677,-0.04356161504983902,0.7441931962966919,0.5022255778312683,-0.048318155109882355,0.7646602988243103,0.4767976403236389,-0.042194023728370667,0.7373628616333008,0.5617011785507202,-0.011219816282391548,0.6995660066604614,0.5870200395584106,-0.05524525046348572,0.7640690803527832,0.5588192939758301,-0.04804147779941559,0.7872461080551147,0.5311169624328613,-0.03122631460428238,0.7541418075561523,0.6316499710083008,-0.0198016706854105,0.727747917175293,0.6460880041122437,-0.049711499363183975,0.7699867486953735,0.6183867454528809,-0.04563593864440918,0.7900474667549133,0.5961110591888428,-0.034465331584215164,PAPER
sample_02_0019.jpg,1,0.022672757506370544,0.7523634433746338,1.615320144310317e-07,0.07530674338340759,0.6458544731140137,0.007070065010339022,0.14452798664569855,0.616247296333313,-0.0011406457051634789,0.19249337911605835,0.6219789385795593,-0.014586608856916428,0.2399483323097229,0.6201599836349487,-0.032382428646087646,0.20423740148544312,0.654191255569458,-0.03985406458377838,0.2847970128059387,0.6597284078598022,-0.0773870125412941,0.3405507802963257,0.6657223105430603,-0.10255523771047592,0.3870420455932617,0.6788811087608337,-0.12122975289821625,0.1916802078485489,0.6863253116607666,-0.06731341779232025,0.2791603207588196,0.6894587874412537,-0.10891933739185333,0.3431965410709381,0.6953801512718201,-0.13765589892864227,0.3997948169708252,0.7117096185684204,-0.1588391661643982,0.16754679381847382,0.7194383144378662,-0.09395252168178558,0.2504366934299469,0.720033586025238,-0.13395078480243683,0.31029054522514343,0.7216578722000122,-0.16099420189857483,0.35861605405807495,0.7290123105049133,-0.17945276200771332,0.13645152747631073,0.7522290349006653,-0.11882676184177399,0.2007891833782196,0.7460006475448608,-0.15804032981395721,0.25025415420532227,0.7382861971855164,-0.18258602917194366,0.2912794351577759,0.7355608940124512,-0.20035508275032043,PAPER
sample_02_0020.jpg,0,0.886036217212677,0.32055044174194336,-9.769530606718035e-08,0.8629391193389893,0.1769198477268219,-0.023002222180366516,0.8051045536994934,0.06821773946285248,-0.03346102684736252,0.7437717914581299,0.03441721946001053,-0.04396117851138115,0.7094027996063232,0.09416285157203674,-0.04808427393436432,0.7254975438117981,0.12760283052921295,-0.010252525098621845,0.663865327835083,0.10646950453519821,-0.04575657844543457,0.7223798036575317,0.1169520914554596,-0.062102362513542175,0.7586689591407776,0.12986907362937927,-0.06746335327625275,0.7243363857269287,0.20437327027320862,-0.014007501304149628,0.6718478202819824,0.182069331407547,-0.05373646691441536,0.746265172958374,0.18740390241146088,-0.061321500688791275,0.7703407406806946,0.1946064531803131,-0.05782289057970047,0.731175422668457,0.2811106741428375,-0.02313767932355404,0.6909894943237305,0.2602459788322449,-0.06533072888851166,0.7615722417831421,0.2529902458190918,-0.056682948023080826,0.783865213394165,0.2569535970687866,-0.039897143840789795,0.7412633299827576,0.3618042469024658,-0.03411659225821495,0.7165096998214722,0.3301635980606079,-0.0618537999689579,0.7650486826896667,0.31304675340652466,-0.05442196503281593,0.7852689623832703,0.31684279441833496,-0.0417872853577137,PAPER
sample_02_0020.jpg,1,0.030580997467041016,0.7516589760780334,3.0988866228653933e-07,0.08682476729154587,0.6515525579452515,-0.006844189018011093,0.15042294561862946,0.6192841529846191,-0.019832318648695946,0.19482846558094025,0.6178927421569824,-0.03388470411300659,0.2378515899181366,0.6127508878707886,-0.05014819651842117,0.19979390501976013,0.6555259227752686,-0.0437149815261364,0.2824661433696747,0.6486388444900513,-0.07967793196439743,0.33810991048812866,0.6554628014564514,-0.10351456701755524,0.3850323557853699,0.669869601726532,-0.11949890851974487,0.1879807859659195,0.679460883140564,-0.05875643342733383,0.2765440344810486,0.6700958013534546,-0.09442189335823059,0.33982470631599426,0.6773513555526733,-0.11660365760326385,0.3962000608444214,0.6946346163749695,-0.13178281486034393,0.1670609563589096,0.7031401991844177,-0.073955237865448,0.2518756687641144,0.6947596073150635,-0.10601988434791565,0.30961811542510986,0.6978082656860352,-0.12342201173305511,0.3584354817867279,0.7070948481559753,-0.13408468663692474,0.13864995539188385,0.7262674570083618,-0.08911388367414474,0.1986035853624344,0.7185381650924683,-0.11995101720094681,0.2451460063457489,0.7147083282470703,-0.13591645658016205,0.28615114092826843,0.7168652415275574,-0.14590805768966675,PAPER
sample_02_0021.jpg,0,0.9067115783691406,0.4937905967235565,-1.6478031739097787e-07,0.8742787837982178,0.37343907356262207,-0.021133141592144966,0.8056108355522156,0.29382702708244324,-0.028893034905195236,0.7396155595779419,0.29490870237350464,-0.0377781018614769,0.7121804356575012,0.35990625619888306,-0.0405404157936573,0.7329191565513611,0.3550698459148407,-0.001688014017418027,0.6701709628105164,0.3605177104473114,-0.03517619147896767,0.7189654111862183,0.35903364419937134,-0.049369752407073975,0.7523789405822754,0.35424020886421204,-0.05322844535112381,0.7369759678840637,0.42900535464286804,-0.004971607588231564,0.6859062910079956,0.43746912479400635,-0.03935419023036957,0.7550846934318542,0.4251444637775421,-0.04185734689235687,0.7764381766319275,0.4096148610115051,-0.035007789731025696,0.7491349577903748,0.5019745230674744,-0.014644420705735683,0.7082651257514954,0.5067157745361328,-0.054843682795763016,0.7749661207199097,0.48491090536117554,-0.04550236091017723,0.7978501319885254,0.4706478714942932,-0.028218165040016174,0.7662199139595032,0.5776592493057251,-0.025986311957240105,0.737707257270813,0.5702733993530273,-0.05187258869409561,0.7820619344711304,0.5436831712722778,-0.044537272304296494,0.8031961917877197,0.5324642062187195,-0.032065313309431076,PAPER
sample_02_0021.jpg,1,0.05738513171672821,0.7505939602851868,2.583055334071105e-07,0.10426007956266403,0.6976685523986816,-0.01872575655579567,0.16733917593955994,0.6536542773246765,-0.03383749723434448,0.21247193217277527,0.6281735897064209,-0.04677091911435127,0.2513227164745331,0.6170952320098877,-0.05996614322066307,0.20541158318519592,0.6860974431037903,-0.0541037954390049,0.28336387872695923,0.6666976809501648,-0.09093248844146729,0.33775025606155396,0.6682380437850952,-0.11332546174526215,0.3809507489204407,0.6795535683631897,-0.1281675547361374,0.20327165722846985,0.7005946040153503,-0.06041606515645981,0.28715595602989197,0.6757054328918457,-0.10059675574302673,0.3495941758155823,0.680840790271759,-0.12362726777791977,0.4019855260848999,0.6999255418777466,-0.13841237127780914,0.19173942506313324,0.7178568243980408,-0.06750054657459259,0.26786887645721436,0.7027397751808167,-0.10554582625627518,0.32001280784606934,0.7042286396026611,-0.12701456248760223,0.3627309501171112,0.712502121925354,-0.1389419287443161,0.17157842218875885,0.7415935397148132,-0.07482556998729706,0.2194986641407013,0.7269483208656311,-0.11190314590930939,0.25889062881469727,0.720576286315918,-0.13313528895378113,0.29483261704444885,0.7190394997596741,-0.14592280983924866,PAPER
sample_02_0022.jpg,0,0.871251106262207,0.37941986322402954,2.50576505322897e-07,0.8619954586029053,0.2632593512535095,-0.018655046820640564,0.8065876960754395,0.15778140723705292,-0.019995298236608505,0.7460042834281921,0.15645591914653778,-0.02383277378976345,0.7053698301315308,0.18734952807426453,-0.02498782053589821,0.7359053492546082,0.16791453957557678,0.008549590595066547,0.6796415448188782,0.10578124970197678,-0.019139159470796585,0.6527783870697021,0.07590535283088684,-0.03792886808514595,0.6501436233520508,0.08670493215322495,-0.04527023434638977,0.7180606126785278,0.2489052414894104,0.0024001128040254116,0.6445252299308777,0.232228621840477,-0.029415199533104897,0.6389176249504089,0.21224984526634216,-0.04468397796154022,0.6480663418769836,0.21495302021503448,-0.04605838283896446,0.7207100987434387,0.3343932628631592,-0.00963801983743906,0.6962524652481079,0.3182998597621918,-0.05157900229096413,0.7502132654190063,0.3199121952056885,-0.053171709179878235,0.7849360108375549,0.3211187720298767,-0.03975903242826462,0.7364845275878906,0.41654127836227417,-0.02318023145198822,0.7184450030326843,0.3964881896972656,-0.05286606028676033,0.7589260935783386,0.3910278081893921,-0.049586232751607895,0.7837624549865723,0.38300153613090515,-0.03781920298933983,PAPER
sample_02_0022.jpg,1,0.031132951378822327,0.7364997863769531,1.3162600964733429e-07,0.09047635644674301,0.6399330496788025,0.03393225371837616,0.15357595682144165,0.618553876876831,0.03866606205701828,0.19947068393230438,0.6200940012931824,0.032310932874679565,0.24862053990364075,0.617355227470398,0.01972084864974022,0.2057299017906189,0.6570888161659241,-0.003957334440201521,0.2815200090408325,0.6571031212806702,-0.03231991454958916,0.336637943983078,0.6598031520843506,-0.053257957100868225,0.38062864542007446,0.6718829870223999,-0.07077006995677948,0.1947312355041504,0.6869727373123169,-0.04653770104050636,0.28147828578948975,0.6854628920555115,-0.08391357213258743,0.3456275165081024,0.6889989376068115,-0.11481251567602158,0.3998180031776428,0.7045791149139404,-0.13827522099018097,0.1746424436569214,0.7167625427246094,-0.08711820095777512,0.255816251039505,0.7141453623771667,-0.12764635682106018,0.31446269154548645,0.712293803691864,-0.15812885761260986,0.3624323606491089,0.718326985836029,-0.17946897447109222,0.1471293866634369,0.7462775707244873,-0.12339720129966736,0.20862828195095062,0.7360800504684448,-0.1649673879146576,0.2555670142173767,0.7265487909317017,-0.19151121377944946,0.2959771752357483,0.7223818898200989,-0.2115824967622757,PAPER
sample_02_0023.jpg,0,0.8847482204437256,0.6097970008850098,5.174262582841038e-07,0.8473899960517883,0.5025714635848999,-0.04137130081653595,0.7821453213691711,0.478982537984848,-0.05590926110744476,0.7274216413497925,0.5891513824462891,-0.06421425193548203,0.7035236358642578,0.6904025673866272,-0.07231232523918152,0.6902887225151062,0.4923720359802246,-0.04243189096450806,0.6061165928840637,0.4542083740234375,-0.058140143752098083,0.5531836152076721,0.4422183036804199,-0.06911471486091614,0.5057621002197266,0.42742833495140076,-0.07990919798612595,0.6893574595451355,0.5923489928245544,-0.038167066872119904,0.6003999710083008,0.6319032907485962,-0.052375201135873795,0.5438923239707947,0.6672215461730957,-0.06847240030765533,0.49943673610687256,0.6924701929092407,-0.08243785053491592,0.7095456719398499,0.6727008819580078,-0.03785037249326706,0.6455475091934204,0.7379820942878723,-0.06344407051801682,0.6062250137329102,0.7527125477790833,-0.08760453015565872,0.569202721118927,0.7605012655258179,-0.10358231514692307,0.7459568381309509,0.7285908460617065,-0.040337372571229935,0.713159441947937,0.7517150640487671,-0.06494960188865662,0.7124525904655457,0.738053023815155,-0.0777609795331955,0.710982620716095,0.7327411770820618,-0.08613727986812592,PAPER
sample_02_0024.jpg,0,0.8969488143920898,0.6022137403488159,1.5196818026197434e-07,0.8594344854354858,0.49349305033683777,-0.03237013891339302,0.7909842729568481,0.45533448457717896,-0.04516037926077843,0.7260723114013672,0.5518929958343506,-0.05623391270637512,0.6954012513160706,0.6497868299484253,-0.06822139769792557,0.6936281323432922,0.4558291435241699,-0.021111007779836655,0.6014057993888855,0.44108831882476807,-0.03901740163564682,0.5463504195213318,0.4448649287223816,-0.05509186536073685,0.49666285514831543,0.4467611610889435,-0.06907318532466888,0.6880265474319458,0.551242470741272,-0.02265985868871212,0.5991284251213074,0.5837535262107849,-0.04511404037475586,0.5423217415809631,0.6166841387748718,-0.06625942140817642,0.4956989288330078,0.6443893909454346,-0.08220957219600677,0.6987863183021545,0.6332260966300964,-0.029011422768235207,0.6274991035461426,0.678171694278717,-0.057122912257909775,0.5900083780288696,0.6796391010284424,-0.07551021128892899,0.5553264617919922,0.6790590882301331,-0.08527561277151108,0.7205991744995117,0.7025107741355896,-0.03847375512123108,0.6456698179244995,0.738309383392334,-0.0641554743051529,0.6005703806877136,0.7497851848602295,-0.07608471810817719,0.5590826272964478,0.755631685256958,-0.0828128382563591,PAPER
sample_02_0025.jpg,0,0.8993533849716187,0.2843773365020752,5.303754591068355e-08,0.8917279839515686,0.16077741980552673,-0.018792353570461273,0.8418983817100525,0.04539767652750015,-0.02407865785062313,0.8005483746528625,-0.018514446914196014,-0.030331142246723175,0.7801569104194641,-0.06735043972730637,-0.03284936770796776,0.763384222984314,0.06754732877016068,-0.003958201967179775,0.7118779420852661,0.03127294406294823,-0.03825586661696434,0.7485150694847107,0.029654618352651596,-0.057789843529462814,0.7836625576019287,0.032471586018800735,-0.06625890731811523,0.7518497109413147,0.13391390442848206,-0.008518066257238388,0.7136319875717163,0.08872150629758835,-0.04876058176159859,0.7759433388710022,0.11310438811779022,-0.060843970626592636,0.8075730204582214,0.1307145059108734,-0.05983855575323105,0.7499931454658508,0.20873326063156128,-0.01843699999153614,0.7261343002319336,0.16983821988105774,-0.06399686634540558,0.788875162601471,0.19210191071033478,-0.06054249405860901,0.8125479817390442,0.20807476341724396,-0.04590071365237236,0.7538551688194275,0.2904418408870697,-0.029388120397925377,0.7420796751976013,0.24981558322906494,-0.06144293397665024,0.7874554991722107,0.2523508667945862,-0.056757811456918716,0.8057723045349121,0.26240479946136475,-0.04497241601347923,PAPER
sample_02_0025.jpg,1,0.03590497374534607,0.7507315874099731,1.6935753421876143e-07,0.09276456385850906,0.6498568654060364,0.028586359694600105,0.15541841089725494,0.6199723482131958,0.028245100751519203,0.20139475166797638,0.6212377548217773,0.01810474321246147,0.250460147857666,0.6197620630264282,0.0013695487286895514,0.21042154729366302,0.6572088599205017,-0.021896230056881905,0.2886035740375519,0.6576769351959229,-0.05639253929257393,0.3441154658794403,0.662030816078186,-0.08035232126712799,0.38800984621047974,0.6767081618309021,-0.09955893456935883,0.1973758190870285,0.6914703249931335,-0.06379041820764542,0.285977840423584,0.6887844800949097,-0.10745181143283844,0.34971123933792114,0.6945744752883911,-0.14057974517345428,0.40376919507980347,0.7129236459732056,-0.16556772589683533,0.17439018189907074,0.7248601317405701,-0.10334741324186325,0.25689396262168884,0.7194584608078003,-0.14809772372245789,0.3157249391078949,0.7168682813644409,-0.1795731782913208,0.3636442720890045,0.7224138975143433,-0.2016177624464035,0.14479440450668335,0.7570886015892029,-0.1386946737766266,0.20812833309173584,0.7440181374549866,-0.18353015184402466,0.25544777512550354,0.7327699065208435,-0.21113868057727814,0.29612481594085693,0.7268096208572388,-0.23196449875831604,PAPER
sample_02_0026.jpg,0,0.8600978851318359,0.547169029712677,-2.882625551592355e-07,0.8433752655982971,0.4367891252040863,-0.02830463834106922,0.7705971002578735,0.3458409309387207,-0.03816704452037811,0.696799635887146,0.33559679985046387,-0.04679572954773903,0.661057710647583,0.3968597948551178,-0.048005253076553345,0.6961923241615295,0.395394504070282,-0.010650115087628365,0.6436010599136353,0.40302345156669617,-0.04358608275651932,0.6986355781555176,0.40719693899154663,-0.05490340664982796,0.7239566445350647,0.40756574273109436,-0.0578731968998909,0.700473964214325,0.4743120074272156,-0.009675581008195877,0.660391092300415,0.48382359743118286,-0.04371756687760353,0.7366021871566772,0.4777252674102783,-0.041345931589603424,0.740464448928833,0.4599563777446747,-0.03192206472158432,0.7112644910812378,0.5459191203117371,-0.015705272555351257,0.6831514835357666,0.5543761849403381,-0.05520614609122276,0.7498052716255188,0.5375073552131653,-0.03981146961450577,0.7545850872993469,0.5266218781471252,-0.020708588883280754,0.7221704721450806,0.62004554271698,-0.024023015052080154,0.7066236138343811,0.6166144013404846,-0.050643812865018845,0.75185626745224,0.5998095870018005,-0.04137491062283516,0.759179413318634,0.5958454608917236,-0.02877270057797432,PAPER
sample_02_0027.jpg,0,0.8906926512718201,0.3769306540489197,5.743383724166051e-08,0.8651340007781982,0.24574708938598633,-0.02320779487490654,0.806510865688324,0.14033952355384827,-0.03403130918741226,0.7443825006484985,0.11066146939992905,-0.045187197625637054,0.7151318788528442,0.18097908794879913,-0.049394190311431885,0.7318304777145386,0.1920662224292755,-0.00241595646366477,0.6799149513244629,0.17520417273044586,-0.03135782852768898,0.7303645014762878,0.17857185006141663,-0.042073823511600494,0.7586269974708557,0.18491119146347046,-0.04467220976948738,0.7283210754394531,0.2672109305858612,-0.005537635646760464,0.6950913667678833,0.24401210248470306,-0.03824968263506889,0.7626257538795471,0.250570148229599,-0.04248765483498573,0.7713286876678467,0.25249162316322327,-0.03756490349769592,0.7364272475242615,0.3389555513858795,-0.014515475369989872,0.7131009101867676,0.3156704902648926,-0.05137008801102638,0.7771291136741638,0.30783480405807495,-0.045058492571115494,0.7824894189834595,0.3139157295227051,-0.03145274892449379,0.7473258376121521,0.4101497530937195,-0.025541877374053,0.7434627413749695,0.3770630955696106,-0.048269931226968765,0.7844188809394836,0.36403852701187134,-0.042551279067993164,0.7876291275024414,0.37470027804374695,-0.03260819613933563,PAPER
sample_02_0027.jpg,1,0.034379035234451294,0.7492135167121887,1.9032532350138354e-07,0.08724752068519592,0.6472921371459961,0.029716597869992256,0.14939583837985992,0.6155368685722351,0.028470391407608986,0.1955679953098297,0.618238091468811,0.01713261753320694,0.2431013584136963,0.6143515706062317,-0.0014689697418361902,0.2066158503293991,0.6478882431983948,-0.028729315847158432,0.2867160737514496,0.6489152312278748,-0.0662260353565216,0.3443015217781067,0.6531137824058533,-0.09244658052921295,0.39056098461151123,0.6673654317855835,-0.11307885497808456,0.19450195133686066,0.682597279548645,-0.07208634167909622,0.28343087434768677,0.6800638437271118,-0.11773531138896942,0.3494037687778473,0.6860238909721375,-0.15195730328559875,0.4048084616661072,0.704243004322052,-0.1779979169368744,0.17126664519309998,0.7172813415527344,-0.11249223351478577,0.25471532344818115,0.7103017568588257,-0.15941067039966583,0.3148959279060364,0.708343505859375,-0.19210749864578247,0.3618311882019043,0.7136740684509277,-0.2147243618965149,0.14144183695316315,0.7508929967880249,-0.14838631451129913,0.2069787085056305,0.7362265586853027,-0.1940530240535736,0.25578442215919495,0.7263791561126709,-0.2218865305185318,0.2958373427391052,0.7213013768196106,-0.24298088252544403,PAPER
sample_02_0028.jpg,0,0.8951241374015808,0.5528861284255981,-1.9964521413839975e-07,0.8683156967163086,0.4497787356376648,-0.033340636640787125,0.8033667802810669,0.3680117130279541,-0.04984584078192711,0.7413865923881531,0.3656665086746216,-0.06380290538072586,0.7080846428871155,0.432345449924469,-0.06929183006286621,0.7268861532211304,0.4171317517757416,-0.023637019097805023,0.6746789813041687,0.4290939271450043,-0.06086723878979683,0.7312741279602051,0.4328102171421051,-0.07159622013568878,0.7569037675857544,0.4296414852142334,-0.07318457961082458,0.7307565212249756,0.49667441844940186,-0.021377479657530785,0.6938483119010925,0.5122530460357666,-0.06086428835988045,0.7709805369377136,0.5057917237281799,-0.05868006497621536,0.7724515795707703,0.4839591085910797,-0.04878607392311096,0.7419632077217102,0.5700230598449707,-0.025792768225073814,0.7188577055931091,0.5860296487808228,-0.0675433799624443,0.7850720882415771,0.5657485723495483,-0.05088319256901741,0.7874550223350525,0.5469373464584351,-0.030694294720888138,0.7536602020263672,0.6432418823242188,-0.03300590068101883,0.743993878364563,0.6521018743515015,-0.058488961309194565,0.7885076999664307,0.627489447593689,-0.048237431794404984,0.7936220765113831,0.6149501204490662,-0.03510717675089836,PAPER
sample_02_0029.jpg,0,0.897573709487915,0.42312806844711304,-5.798881019813962e-08,0.8692230582237244,0.3014222979545593,-0.022663945332169533,0.8082250356674194,0.20953431725502014,-0.03423367440700531,0.7514808177947998,0.17919325828552246,-0.046082504093647,0.7185118794441223,0.23731203377246857,-0.05184783414006233,0.7309650182723999,0.26233211159706116,-0.013253103010356426,0.6707357168197632,0.24458768963813782,-0.04465504735708237,0.7164739966392517,0.23975770175457,-0.05579746887087822,0.7480597496032715,0.24460962414741516,-0.057878706604242325,0.7295045256614685,0.33740875124931335,-0.016725823283195496,0.692626416683197,0.3196084499359131,-0.05137275531888008,0.7618097066879272,0.3209868371486664,-0.05212137848138809,0.7769017815589905,0.32240208983421326,-0.04477832093834877,0.7376542091369629,0.4095979928970337,-0.025625159963965416,0.7162467837333679,0.39078933000564575,-0.06412416696548462,0.7806907296180725,0.37982773780822754,-0.05342462286353111,0.7928922176361084,0.3830186128616333,-0.03664475306868553,0.7511530518531799,0.4825359582901001,-0.03669097274541855,0.7428531646728516,0.45512673258781433,-0.06128156930208206,0.7854323387145996,0.43554824590682983,-0.053543273359537125,0.7955104112625122,0.440360426902771,-0.041675541549921036,PAPER
sample_02_0029.jpg,1,0.018318429589271545,0.7511121034622192,1.6285822823647322e-07,0.08477412909269333,0.6477094888687134,0.030443616211414337,0.1556306779384613,0.6224149465560913,0.03659981116652489,0.20584498345851898,0.6323127746582031,0.03069409355521202,0.2573287785053253,0.6315639615058899,0.019457554444670677,0.20067690312862396,0.6760033965110779,0.013764611445367336,0.277549147605896,0.6751207709312439,-0.011279067024588585,0.33596378564834595,0.6718931794166565,-0.033988106995821,0.3816022574901581,0.6738868951797485,-0.053398411720991135,0.19134126603603363,0.712981641292572,-0.028482330963015556,0.2819534242153168,0.7042415738105774,-0.06288979947566986,0.34930920600891113,0.7019135355949402,-0.09688793867826462,0.4046536982059479,0.7062209248542786,-0.12226405739784241,0.17444123327732086,0.7476084232330322,-0.07048644870519638,0.2608502209186554,0.7357325553894043,-0.10960210859775543,0.32345321774482727,0.7329149842262268,-0.14204497635364532,0.3741830289363861,0.7332536578178406,-0.1645745038986206,0.14928901195526123,0.7802823781967163,-0.10911163687705994,0.2156355232000351,0.7672424912452698,-0.14895659685134888,0.2651003897190094,0.7559202313423157,-0.17370586097240448,0.30806130170822144,0.7482634782791138,-0.1923409253358841,PAPER
sample_02_0030.jpg,0,0.8889614939689636,0.5448324084281921,-2.441112485485064e-07,0.8632388114929199,0.44699984788894653,-0.039570894092321396,0.7994298934936523,0.3646460175514221,-0.05938580259680748,0.7331151366233826,0.3532275855541229,-0.07589434087276459,0.6921017169952393,0.4100651443004608,-0.08315969258546829,0.7207350134849548,0.413682758808136,-0.0269306693226099,0.664557695388794,0.4233556389808655,-0.06902732700109482,0.7232251763343811,0.42706185579299927,-0.08283562958240509,0.7476949095726013,0.4237329661846161,-0.08516255766153336,0.7249577641487122,0.4897955656051636,-0.021402012556791306,0.6877610087394714,0.5059443712234497,-0.06601469963788986,0.7651855945587158,0.4961419105529785,-0.0665401965379715,0.7639911770820618,0.4735434055328369,-0.05713021010160446,0.7350367307662964,0.5601969361305237,-0.02334008179605007,0.7116138935089111,0.5807946920394897,-0.0693841427564621,0.7785206437110901,0.5598681569099426,-0.053212590515613556,0.7799925208091736,0.5380337834358215,-0.03160882368683815,0.7436469197273254,0.6305474638938904,-0.028454842045903206,0.732467770576477,0.6475008726119995,-0.055346474051475525,0.7771010398864746,0.623290479183197,-0.044736336916685104,0.783110499382019,0.6076518893241882,-0.030218355357646942,PAPER
sample_02_0031.jpg,0,0.8795832991600037,0.3934919238090515,-6.205204527987007e-08,0.8583948612213135,0.2690044045448303,-0.016958927735686302,0.799014687538147,0.17296011745929718,-0.02376655489206314,0.740024209022522,0.1385706216096878,-0.03147890046238899,0.7056009769439697,0.18826431035995483,-0.03386007621884346,0.7230808734893799,0.2178003489971161,-0.004207164514809847,0.662148654460907,0.2082412987947464,-0.03158773109316826,0.7065308690071106,0.20626476407051086,-0.042545970529317856,0.7370162010192871,0.20598092675209045,-0.045972879976034164,0.7223027348518372,0.2904634475708008,-0.009776836261153221,0.6804541945457458,0.2772226631641388,-0.040771208703517914,0.7468934059143066,0.2807859778404236,-0.044051241129636765,0.7624730467796326,0.2795983552932739,-0.03970619663596153,0.7321382164955139,0.3625171482563019,-0.020022977143526077,0.7046661972999573,0.348167359828949,-0.05566888675093651,0.7681193947792053,0.34030625224113464,-0.04784334823489189,0.7792335152626038,0.3420942425727844,-0.034157246351242065,0.7453756928443909,0.43743211030960083,-0.03166399896144867,0.7317439317703247,0.41384589672088623,-0.05523966625332832,0.7736132144927979,0.3992181718349457,-0.048797089606523514,0.7827668190002441,0.40436139702796936,-0.03858703002333641,PAPER
sample_02_0031.jpg,1,0.015163183212280273,0.7485760450363159,1.6208987574373168e-07,0.08146504312753677,0.6490138173103333,0.0330565944314003,0.15208949148654938,0.6306266784667969,0.04017564654350281,0.2022249549627304,0.6424906849861145,0.035620566457509995,0.25236397981643677,0.6355326175689697,0.0249932948499918,0.20242182910442352,0.6729921698570251,0.0036525214090943336,0.2829250395298004,0.6750625371932983,-0.02327132411301136,0.3413684368133545,0.6773623824119568,-0.04463281109929085,0.3878976106643677,0.6884878873825073,-0.06255076080560684,0.19085505604743958,0.7085113525390625,-0.03901929408311844,0.2837013006210327,0.7054698467254639,-0.07598340511322021,0.35019391775131226,0.7116976976394653,-0.10826675593852997,0.4051579535007477,0.7290269136428833,-0.13199210166931152,0.16964033246040344,0.7454590201377869,-0.08034678548574448,0.25638526678085327,0.7395559549331665,-0.12174034863710403,0.3196452260017395,0.7400296330451965,-0.15398427844047546,0.37012580037117004,0.7453224062919617,-0.17570166289806366,0.14050589501857758,0.7827510833740234,-0.11764615774154663,0.20828396081924438,0.7692257165908813,-0.1588670015335083,0.2579227089881897,0.7595112919807434,-0.18440617620944977,0.30039387941360474,0.7538203597068787,-0.20341727137565613,PAPER
sample_02_0032.jpg,0,0.8686357736587524,0.5929508209228516,-6.949240400899726e-07,0.8259595632553101,0.4832833409309387,-0.024985086172819138,0.7570889592170715,0.4167417585849762,-0.038462523370981216,0.6930662393569946,0.4148198068141937,-0.053255870938301086,0.6549514532089233,0.47685694694519043,-0.060531578958034515,0.6809384226799011,0.4561927914619446,-0.02571181021630764,0.6160547733306885,0.47750356793403625,-0.06582029908895493,0.6790001392364502,0.47918838262557983,-0.08027128875255585,0.706568717956543,0.466764360666275,-0.08260513097047806,0.6870898008346558,0.53646320104599,-0.027572914958000183,0.6500294208526611,0.5673267841339111,-0.06698081642389297,0.7276896238327026,0.5576225519180298,-0.06673743575811386,0.7328981757164001,0.5236972570419312,-0.060423076152801514,0.6964321136474609,0.6148018836975098,-0.03619516268372536,0.6697332859039307,0.6462826728820801,-0.07918998599052429,0.737242579460144,0.6219350099563599,-0.07069166749715805,0.7590730786323547,0.5944183468818665,-0.055734213441610336,0.7009883522987366,0.6881543397903442,-0.046682003885507584,0.6242528557777405,0.7268399000167847,-0.07277747243642807,0.5834981203079224,0.7413877248764038,-0.07320228964090347,0.5367966890335083,0.7537660598754883,-0.06928962469100952,PAPER
sample_02_0032.jpg,1,-0.003564685583114624,0.6455606818199158,-1.601762562586373e-07,0.033171504735946655,0.49046605825424194,-0.013422317802906036,0.08972620964050293,0.3763470947742462,-0.02762805111706257,0.1355421096086502,0.2802785634994507,-0.04242779687047005,0.15240466594696045,0.19693663716316223,-0.06020338833332062,0.2104083150625229,0.4528190791606903,-0.030280297622084618,0.30443263053894043,0.3478107452392578,-0.052171338349580765,0.3589942753314972,0.2899351119995117,-0.06723529100418091,0.4006165862083435,0.25364381074905396,-0.07730593532323837,0.23287858068943024,0.5479370951652527,-0.037089280784130096,0.34941333532333374,0.48240819573402405,-0.05609027296304703,0.41778868436813354,0.4532988369464874,-0.06547670066356659,0.4659430980682373,0.4329991340637207,-0.0729125440120697,0.23117418587207794,0.6390334963798523,-0.04566855728626251,0.34112709760665894,0.6187539100646973,-0.06533797830343246,0.406897634267807,0.6110965609550476,-0.07797957211732864,0.4566730856895447,0.6036896109580994,-0.08491649478673935,0.21270835399627686,0.7280710935592651,-0.05480088293552399,0.30326080322265625,0.748063862323761,-0.06960830092430115,0.35844406485557556,0.7596943378448486,-0.07461084425449371,0.40652361512184143,0.7679247856140137,-0.07685038447380066,PAPER
sample_02_0033.jpg,0,0.017910897731781006,0.6581331491470337,3.5765342687454904e-08,0.04277533292770386,0.4776182174682617,-0.011112948879599571,0.09102609753608704,0.3538544774055481,-0.023408768698573112,0.1395106017589569,0.2634652256965637,-0.035048797726631165,0.16014418005943298,0.180289626121521,-0.04875951632857323,0.21874693036079407,0.4427475333213806,-0.02829812653362751,0.31101876497268677,0.3374408483505249,-0.045916784554719925,0.3653481602668762,0.2811868190765381,-0.05944961681962013,0.4106752276420593,0.24180570244789124,-0.06848731637001038,0.24231840670108795,0.5424225926399231,-0.03286130353808403,0.3579787015914917,0.48475950956344604,-0.048247724771499634,0.4264602065086365,0.45512479543685913,-0.05878657475113869,0.4780101478099823,0.4403882324695587,-0.06717241555452347,0.24075964093208313,0.6355821490287781,-0.03792359307408333,0.34482279419898987,0.6223344206809998,-0.05186619982123375,0.4082317352294922,0.6161989569664001,-0.06670764088630676,0.4560551047325134,0.6129226684570312,-0.07687173038721085,0.22489309310913086,0.7212110757827759,-0.04306866601109505,0.3113313317298889,0.7385750412940979,-0.05159106105566025,0.3608894646167755,0.7509157657623291,-0.05640825629234314,0.40406423807144165,0.763191819190979,-0.059769757091999054,PAPER
sample_02_0033.jpg,1,0.8627625107765198,0.5648627877235413,-1.8476715979431901e-07,0.825291097164154,0.4520280957221985,-0.027805184945464134,0.7640829086303711,0.3790585696697235,-0.040537167340517044,0.6972353458404541,0.3755199611186981,-0.052892472594976425,0.6565566062927246,0.42628008127212524,-0.05693759396672249,0.6961690187454224,0.41823792457580566,-0.004918382503092289,0.632271409034729,0.4341839551925659,-0.04340535029768944,0.689175009727478,0.4464339017868042,-0.05958908423781395,0.7159581780433655,0.43563321232795715,-0.06446029990911484,0.7028083801269531,0.4854906499385834,-0.0037155919708311558,0.6537122130393982,0.5090262293815613,-0.0449821911752224,0.7293204665184021,0.5075055360794067,-0.04868866503238678,0.7377181649208069,0.48070234060287476,-0.04204602912068367,0.7136778831481934,0.5516170859336853,-0.009792288765311241,0.6762867569923401,0.5767753720283508,-0.053390294313430786,0.7459649443626404,0.5616003274917603,-0.04026636481285095,0.757820188999176,0.5369414687156677,-0.020010625943541527,0.7231653928756714,0.6204549074172974,-0.018137620761990547,0.6999530792236328,0.6355655789375305,-0.04295551776885986,0.7453976273536682,0.617382287979126,-0.032947078347206116,0.7576788663864136,0.6030134558677673,-0.018521655350923538,PAPER
sample_02_0034.jpg,0,0.6176333427429199,0.6931310296058655,5.744139386365532e-08,0.6013075113296509,0.5016428232192993,-0.01622851751744747,0.536313533782959,0.3901667892932892,-0.008854766376316547,0.46480485796928406,0.3240346908569336,-0.004683584440499544,0.4136227071285248,0.2846914827823639,0.0003096415020991117,0.46007850766181946,0.4179688096046448,0.03072904236614704,0.39291122555732727,0.3562633693218231,0.013441645540297031,0.3746028542518616,0.3282800614833832,-0.010808872990310192,0.3773031234741211,0.32272443175315857,-0.02651272900402546,0.43310585618019104,0.4884446859359741,0.02890792302787304,0.35070398449897766,0.4321158528327942,0.014154181815683842,0.33080726861953735,0.4064421057701111,-0.01368938572704792,0.3476346731185913,0.4078991711139679,-0.035391680896282196,0.4188743531703949,0.5716153979301453,0.020394597202539444,0.3389360308647156,0.5314087867736816,-0.0019850682001560926,0.32526037096977234,0.5023341178894043,-0.032680120319128036,0.3600519597530365,0.5121527910232544,-0.051993343979120255,0.41149845719337463,0.6700254678726196,0.009976004250347614,0.34641194343566895,0.6428199410438538,-0.012765303254127502,0.3325842022895813,0.6028916239738464,-0.03615044802427292,0.3567349314689636,0.5844289064407349,-0.05184898152947426,PAPER
sample_02_0035.jpg,0,0.6203432083129883,0.7069420218467712,5.5229101292297855e-08,0.6022075414657593,0.5080728530883789,-0.014599203132092953,0.5373638272285461,0.39138174057006836,-0.006640022620558739,0.46543875336647034,0.32050326466560364,-0.002244822680950165,0.41369152069091797,0.2800595164299011,0.0026923660188913345,0.4580247700214386,0.4173017740249634,0.03319479525089264,0.3915383517742157,0.35538291931152344,0.017373396083712578,0.37213021516799927,0.3320945203304291,-0.006313498131930828,0.3711129426956177,0.325782835483551,-0.02222517319023609,0.4305263161659241,0.48698651790618896,0.030517548322677612,0.34905940294265747,0.4282771944999695,0.019366972148418427,0.32472363114356995,0.4012296497821808,-0.006258937064558268,0.33591485023498535,0.3999457061290741,-0.027600280940532684,0.41622620820999146,0.5700232982635498,0.021109633147716522,0.33716028928756714,0.5266069769859314,0.0010213672649115324,0.32002103328704834,0.49579089879989624,-0.027878154069185257,0.34950900077819824,0.5037527084350586,-0.046931732445955276,0.40846994519233704,0.6692976951599121,0.009838968515396118,0.34475773572921753,0.6424220204353333,-0.011482775211334229,0.33153069019317627,0.6033428311347961,-0.03307170793414116,0.3545340597629547,0.5854809284210205,-0.04784673824906349,PAPER
sample_02_0036.jpg,0,0.6046137809753418,0.6966259479522705,-3.1044319825923594e-07,0.5911048054695129,0.52988201379776,-0.019043009728193283,0.5200729370117188,0.39866095781326294,-0.02232721447944641,0.446468710899353,0.3102762699127197,-0.029431886970996857,0.3832482099533081,0.26732850074768066,-0.03379679471254349,0.44179075956344604,0.41383278369903564,0.005181159824132919,0.3676706552505493,0.356375128030777,-0.03467825427651405,0.4040253758430481,0.38987743854522705,-0.06054669991135597,0.4454455077648163,0.42544203996658325,-0.07176952809095383,0.42401933670043945,0.5005251169204712,-0.001457767910324037,0.34086084365844727,0.44609472155570984,-0.045054156333208084,0.3979935348033905,0.4745597839355469,-0.06370431184768677,0.44596970081329346,0.49910494685173035,-0.06722390651702881,0.4178481101989746,0.5946152210235596,-0.01494241040199995,0.3397268056869507,0.5471335053443909,-0.06227206811308861,0.40809303522109985,0.5649175643920898,-0.06439065933227539,0.4605199098587036,0.5820481181144714,-0.05362018942832947,0.4218791425228119,0.6967214345932007,-0.030097808688879013,0.36744216084480286,0.6528555154800415,-0.06664958596229553,0.4164770245552063,0.6478469967842102,-0.06935684382915497,0.4620080590248108,0.64964759349823,-0.06306195259094238,PAPER
sample_02_0037.jpg,0,0.5962172746658325,0.6981748342514038,-1.8969483051023417e-07,0.5922593474388123,0.5317134857177734,-0.02756740339100361,0.5184735059738159,0.39725857973098755,-0.035347290337085724,0.43088844418525696,0.3675568103790283,-0.04370781034231186,0.3831537365913391,0.4407448172569275,-0.04468735307455063,0.4407612383365631,0.4303279519081116,0.0070878854021430016,0.3839883506298065,0.37251776456832886,-0.0331386923789978,0.4470219612121582,0.411190003156662,-0.05446929112076759,0.4808416962623596,0.44341158866882324,-0.06211322546005249,0.4260418713092804,0.5214048027992249,0.002061467384919524,0.36569103598594666,0.464158296585083,-0.0485086664557457,0.4500902593135834,0.4956068992614746,-0.06589274853467941,0.4841623306274414,0.5249406099319458,-0.06244438514113426,0.4221106171607971,0.6155461072921753,-0.010532175190746784,0.37887969613075256,0.5619775652885437,-0.06629079580307007,0.4676241874694824,0.581352710723877,-0.06337033212184906,0.4985979199409485,0.6038295030593872,-0.04354633390903473,0.4248405992984772,0.7166272401809692,-0.024699173867702484,0.40570729970932007,0.6547571420669556,-0.060764532536268234,0.46559426188468933,0.6597445011138916,-0.053696610033512115,0.48866817355155945,0.6795533895492554,-0.037531137466430664,PAPER
sample_02_0038.jpg,0,0.597880482673645,0.7071055769920349,-5.9563625143255194e-08,0.5893567800521851,0.532878577709198,-0.029745589941740036,0.5131283402442932,0.40623724460601807,-0.04044109582901001,0.426780104637146,0.39071449637413025,-0.052207816392183304,0.37985166907310486,0.47151583433151245,-0.055314529687166214,0.43989139795303345,0.44228285551071167,0.01122879795730114,0.3860991299152374,0.38167303800582886,-0.03269359469413757,0.4500051736831665,0.42121806740760803,-0.05746092274785042,0.4754675626754761,0.45012760162353516,-0.0672341138124466,0.4264167845249176,0.5347880125045776,0.004784153308719397,0.3703978955745697,0.4708704948425293,-0.05039914697408676,0.4537322223186493,0.5009751915931702,-0.07228884845972061,0.47353696823120117,0.5256693959236145,-0.0711032971739769,0.42357635498046875,0.6279531121253967,-0.010072506032884121,0.38359078764915466,0.5692066550254822,-0.06970001012086868,0.4718778133392334,0.5863336324691772,-0.06884609907865524,0.48789486289024353,0.6037441492080688,-0.04950868710875511,0.42549172043800354,0.7243778109550476,-0.026678137481212616,0.4140716791152954,0.6564791798591614,-0.06208597496151924,0.47284549474716187,0.6605762243270874,-0.053525153547525406,0.48521852493286133,0.6803353428840637,-0.0364554300904274,PAPER
sample_02_0039.jpg,0,0.5953664779663086,0.7063409090042114,-1.1255133358645253e-07,0.5895968675613403,0.5385261178016663,-0.027904659509658813,0.5145940780639648,0.40575140714645386,-0.03645290061831474,0.42691200971603394,0.3880796432495117,-0.04578016698360443,0.3811752498149872,0.46731454133987427,-0.04669899493455887,0.4424532949924469,0.4399520456790924,0.009385581128299236,0.3853219747543335,0.38241448998451233,-0.03203914687037468,0.4475480318069458,0.42423102259635925,-0.05417535826563835,0.47513964772224426,0.4510718584060669,-0.06264589726924896,0.4271796643733978,0.531110942363739,0.003426291048526764,0.368954062461853,0.4728374779224396,-0.049228936433792114,0.45235148072242737,0.5049259662628174,-0.06797569245100021,0.47606906294822693,0.5270594358444214,-0.06510390341281891,0.42268800735473633,0.624474287033081,-0.010271936655044556,0.3791959583759308,0.5718063712120056,-0.06816859543323517,0.4682140350341797,0.5915559530258179,-0.06486910581588745,0.49033066630363464,0.6077669858932495,-0.04421907663345337,0.4242270588874817,0.7234551906585693,-0.025468673557043076,0.406813383102417,0.661662220954895,-0.061392851173877716,0.4682541489601135,0.6661741137504578,-0.052573125809431076,0.4862016439437866,0.6824102401733398,-0.03503090515732765,PAPER
sample_02_0040.jpg,0,0.5956056714057922,0.7076618671417236,-1.0316037446500559e-07,0.5909004211425781,0.5392920970916748,-0.02824590727686882,0.5164490938186646,0.41019633412361145,-0.037529248744249344,0.42955145239830017,0.39334335923194885,-0.047799985855817795,0.3829689919948578,0.4710283577442169,-0.049972712993621826,0.4425639510154724,0.44140201807022095,0.010046170093119144,0.38738539814949036,0.3825356662273407,-0.031642504036426544,0.44913631677627563,0.42265209555625916,-0.05444534495472908,0.47704511880874634,0.4521995782852173,-0.0631297379732132,0.42759907245635986,0.5336655378341675,0.0042454544454813,0.36986175179481506,0.47362396121025085,-0.048306576907634735,0.45242080092430115,0.5041123032569885,-0.06785045564174652,0.4772025942802429,0.5293574333190918,-0.06556086242198944,0.42361217737197876,0.6279025077819824,-0.009481796063482761,0.3822799324989319,0.5747083425521851,-0.06681068241596222,0.4698188602924347,0.591620147228241,-0.0649048238992691,0.49155545234680176,0.6096203327178955,-0.045437101274728775,0.42548659443855286,0.7264001369476318,-0.024810340255498886,0.410413533449173,0.6641693711280823,-0.05995789170265198,0.4698442816734314,0.6678157448768616,-0.05193028599023819,0.4867018759250641,0.6856510043144226,-0.035311032086610794,PAPER
sample_02_0041.jpg,0,0.5940341353416443,0.7044892311096191,-1.6020442217268283e-07,0.5911370515823364,0.5420423150062561,-0.02732999064028263,0.5176922678947449,0.41352057456970215,-0.03633598983287811,0.43068963289260864,0.39465829730033875,-0.04569924622774124,0.3841135501861572,0.4701650142669678,-0.04816129803657532,0.44270095229148865,0.43983668088912964,0.004169209394603968,0.3872464597225189,0.38456934690475464,-0.0355227030813694,0.44693154096603394,0.4218653738498688,-0.05711771547794342,0.4773980975151062,0.4539041221141815,-0.06539873033761978,0.4287443459033966,0.5310509204864502,-0.0010987172136083245,0.36789608001708984,0.47367897629737854,-0.05017980933189392,0.44944190979003906,0.5026745796203613,-0.06771528720855713,0.4805014431476593,0.5326393842697144,-0.0652218759059906,0.4252862334251404,0.6256492137908936,-0.013500411994755268,0.3814588487148285,0.5732119679450989,-0.06772216409444809,0.4673963487148285,0.590363085269928,-0.0647955983877182,0.49471062421798706,0.6125949621200562,-0.04588321968913078,0.42870044708251953,0.7268171310424805,-0.027343029156327248,0.4085811376571655,0.6653943061828613,-0.062243953347206116,0.46712568402290344,0.6696925163269043,-0.05446062237024307,0.4877747893333435,0.6899766325950623,-0.038532037287950516,PAPER
sample_02_0042.jpg,0,0.5939148664474487,0.7047460079193115,-1.4827131167294283e-07,0.5918469429016113,0.5440258979797363,-0.02807098627090454,0.5187405943870544,0.41337108612060547,-0.03706176578998566,0.4306304156780243,0.39657291769981384,-0.046265069395303726,0.3826519250869751,0.46904969215393066,-0.04828304797410965,0.44395267963409424,0.44332942366600037,0.004396520089358091,0.38851431012153625,0.38662582635879517,-0.03637120872735977,0.4462851285934448,0.4222160577774048,-0.05881430208683014,0.47688260674476624,0.4561757743358612,-0.06729702651500702,0.4285496175289154,0.5347656607627869,-0.0004561039968393743,0.36678239703178406,0.476007878780365,-0.05051938071846962,0.448177695274353,0.5024424195289612,-0.06866095215082169,0.481090784072876,0.5318305492401123,-0.0661204531788826,0.42473089694976807,0.6283833384513855,-0.012522649019956589,0.3805808126926422,0.5761243104934692,-0.0675409734249115,0.46728289127349854,0.592190146446228,-0.06427798420190811,0.49601492285728455,0.6149248480796814,-0.044668812304735184,0.42833924293518066,0.7285916805267334,-0.02612794190645218,0.40849190950393677,0.6684207916259766,-0.06181230768561363,0.4676041603088379,0.6712808012962341,-0.05401654541492462,0.4884791076183319,0.6909619569778442,-0.03761587291955948,PAPER
sample_02_0043.jpg,0,0.598905086517334,0.7080591917037964,-1.0020024632240165e-07,0.5942639708518982,0.5401673316955566,-0.027449557557702065,0.518292248249054,0.407851904630661,-0.036785442382097244,0.4275013208389282,0.3987734019756317,-0.04723353683948517,0.3822014331817627,0.48007217049598694,-0.04955016449093819,0.4470491409301758,0.4350449740886688,0.007792687974870205,0.38905930519104004,0.37457096576690674,-0.03324338048696518,0.4514373540878296,0.41885462403297424,-0.05509847775101662,0.4802056849002838,0.4508023262023926,-0.0633915439248085,0.43131983280181885,0.5303423404693604,0.0016269005136564374,0.37510988116264343,0.47293511033058167,-0.0492669977247715,0.45961833000183105,0.5069588422775269,-0.06708763539791107,0.4846309423446655,0.5294560194015503,-0.06462401896715164,0.4266602396965027,0.6261429190635681,-0.012319893576204777,0.38420557975769043,0.5733588337898254,-0.06778480112552643,0.47257062792778015,0.5927560329437256,-0.06516686826944351,0.4957149028778076,0.6091978549957275,-0.04610806331038475,0.4273536205291748,0.7253214716911316,-0.02788778580725193,0.41059714555740356,0.6625081896781921,-0.06135043501853943,0.47049540281295776,0.6681087017059326,-0.05290348455309868,0.4886612892150879,0.6862136125564575,-0.03665218874812126,PAPER
sample_02_0044.jpg,0,0.602826714515686,0.7035882472991943,-1.3137065479895682e-07,0.5981738567352295,0.5342965126037598,-0.029371879994869232,0.5249873399734497,0.4015813171863556,-0.039267398416996,0.4362846314907074,0.38506728410720825,-0.04998615011572838,0.3932783007621765,0.4703119695186615,-0.05288189649581909,0.4485914707183838,0.4265267848968506,0.00866511557251215,0.39195168018341064,0.3674700856208801,-0.03196137398481369,0.45230379700660706,0.4135536849498749,-0.05379624292254448,0.48170605301856995,0.4423964023590088,-0.06215553358197212,0.43453800678253174,0.5218760371208191,0.0034741575364023447,0.37693533301353455,0.4659552276134491,-0.04776112362742424,0.4600781798362732,0.5021888613700867,-0.06607791036367416,0.4872699975967407,0.5253573656082153,-0.0634818822145462,0.4300544261932373,0.6201744675636292,-0.009749072603881359,0.3888816237449646,0.5697672367095947,-0.06666934490203857,0.4771421551704407,0.590674877166748,-0.06498710066080093,0.5031061768531799,0.6075493097305298,-0.045758891850709915,0.43119126558303833,0.7221616506576538,-0.02463158406317234,0.41180604696273804,0.6592091917991638,-0.05894946679472923,0.4717909097671509,0.6649081110954285,-0.050759948790073395,0.492561399936676,0.6827631592750549,-0.03430448845028877,PAPER
sample_02_0045.jpg,0,0.6077624559402466,0.6997897624969482,-1.5989795087989478e-07,0.6059643626213074,0.5326517820358276,-0.0306328646838665,0.5308036804199219,0.3954693675041199,-0.04025899991393089,0.440738707780838,0.37198805809020996,-0.05019208788871765,0.3982425332069397,0.46088600158691406,-0.052173495292663574,0.4515453279018402,0.4213690161705017,0.00571040716022253,0.39336058497428894,0.3611890971660614,-0.03409906104207039,0.456191748380661,0.4066210687160492,-0.0547339953482151,0.4884263873100281,0.4381106495857239,-0.06222347170114517,0.4372543394565582,0.516721785068512,0.0016419821185991168,0.37859097123146057,0.4598504602909088,-0.04832732304930687,0.46421247720718384,0.49578139185905457,-0.06422200053930283,0.4945741295814514,0.5216622948646545,-0.06006892770528793,0.4328518509864807,0.615449070930481,-0.010420842096209526,0.3893640339374542,0.5628451108932495,-0.06590282917022705,0.4784931242465973,0.5826414227485657,-0.0624297596514225,0.5072662234306335,0.6025970578193665,-0.04234842583537102,0.4346023499965668,0.7179050445556641,-0.02442464791238308,0.4140779972076416,0.6558070182800293,-0.059025902301073074,0.4745754301548004,0.6597191095352173,-0.05114272981882095,0.49695420265197754,0.6789059042930603,-0.03484737128019333,PAPER
sample_02_0046.jpg,0,0.640099823474884,0.6587668657302856,-1.7116711603648582e-07,0.6467522978782654,0.48869454860687256,-0.019077666103839874,0.5873671770095825,0.3378974199295044,-0.021005304530262947,0.516808807849884,0.23893028497695923,-0.025958526879549026,0.45977169275283813,0.2689692974090576,-0.02826857380568981,0.4965835511684418,0.3478224575519562,0.013363393023610115,0.42551475763320923,0.26966750621795654,-0.016469547525048256,0.46128153800964355,0.30250972509384155,-0.038654930889606476,0.5027783513069153,0.3423701822757721,-0.049473054707050323,0.4737740755081177,0.42435723543167114,0.0087094372138381,0.3942496180534363,0.34748873114585876,-0.026710109785199165,0.451361745595932,0.37906596064567566,-0.044976163655519485,0.5018278956413269,0.41736698150634766,-0.04823196306824684,0.46150943636894226,0.5103021860122681,-0.0021143474150449038,0.3925292491912842,0.44281524419784546,-0.04266057536005974,0.4608844220638275,0.46321749687194824,-0.04923548921942711,0.5125176310539246,0.49402475357055664,-0.04178297892212868,0.4572466015815735,0.6061205863952637,-0.014582903124392033,0.41230258345603943,0.5382424592971802,-0.046795424073934555,0.4612724483013153,0.5378940105438232,-0.051134929060935974,0.5065338015556335,0.5549626350402832,-0.04640763998031616,PAPER
sample_02_0047.jpg,0,0.66399085521698,0.7083477973937988,3.2808767969072505e-07,0.6832584142684937,0.5232259631156921,-0.046352338045835495,0.6493577361106873,0.32690247893333435,-0.05448674038052559,0.5982939600944519,0.19094592332839966,-0.05730568245053291,0.5363452434539795,0.1335524320602417,-0.06139272823929787,0.5274759531021118,0.3369349539279938,-0.035797473043203354,0.46150171756744385,0.19979926943778992,-0.056782595813274384,0.4174021780490875,0.12850359082221985,-0.07704610377550125,0.375490665435791,0.06287078559398651,-0.09564340114593506,0.4822462499141693,0.40930718183517456,-0.03283942863345146,0.39349663257598877,0.3067324757575989,-0.053088631480932236,0.3390151560306549,0.24229469895362854,-0.07894468307495117,0.2909884750843048,0.18575716018676758,-0.10140387713909149,0.4607931077480316,0.5034164190292358,-0.03539076820015907,0.3711954653263092,0.42693156003952026,-0.06059875711798668,0.31766819953918457,0.3681640625,-0.08861619234085083,0.2694050371646881,0.30923938751220703,-0.11091938614845276,0.45812785625457764,0.6112693548202515,-0.042176298797130585,0.3871702551841736,0.5782696008682251,-0.07114250212907791,0.34139448404312134,0.5494345426559448,-0.09235445410013199,0.300089955329895,0.5084911584854126,-0.10870051383972168,PAPER
sample_02_0048.jpg,0,0.6745412945747375,0.7406861782073975,4.2442766812200716e-07,0.6780524253845215,0.5499624609947205,-0.05099343881011009,0.6242241859436035,0.3655446767807007,-0.058678559958934784,0.5666528940200806,0.23395228385925293,-0.06065758317708969,0.5226133465766907,0.13383661210536957,-0.0627712532877922,0.49222928285598755,0.39742934703826904,-0.037093643099069595,0.4107770323753357,0.26565858721733093,-0.054096512496471405,0.3588818311691284,0.1919596791267395,-0.06917873024940491,0.3112803101539612,0.1301935464143753,-0.08410632610321045,0.4531364142894745,0.48577138781547546,-0.03162006288766861,0.3496023714542389,0.3996068835258484,-0.047962285578250885,0.2850344479084015,0.34297797083854675,-0.06955807656049728,0.22952428460121155,0.2968447208404541,-0.08884058892726898,0.4414764642715454,0.5892206430435181,-0.03234412893652916,0.3399170935153961,0.5410218238830566,-0.05735642835497856,0.2762489318847656,0.501327395439148,-0.08623624593019485,0.21996304392814636,0.4639882445335388,-0.10854437202215195,0.4520588219165802,0.7003300786018372,-0.037709739059209824,0.37192434072494507,0.7103664875030518,-0.0704915001988411,0.31726717948913574,0.7158604860305786,-0.0949135571718216,0.2676848769187927,0.71094810962677,-0.11213450133800507,PAPER
sample_02_0049.jpg,0,0.6778530478477478,0.7559254169464111,3.7703713928749494e-07,0.6748127937316895,0.5664972066879272,-0.04836254194378853,0.6126949787139893,0.3833598494529724,-0.05604458600282669,0.5595384240150452,0.243849977850914,-0.05961652845144272,0.5258506536483765,0.1334446668624878,-0.0636235922574997,0.47654736042022705,0.4235135614871979,-0.031492047011852264,0.38813427090644836,0.3055817484855652,-0.04812387749552727,0.3334372639656067,0.24073195457458496,-0.06357633322477341,0.2836456298828125,0.18864412605762482,-0.07869863510131836,0.4408808946609497,0.5145509243011475,-0.02850484661757946,0.33396825194358826,0.43531641364097595,-0.04208194464445114,0.2672162652015686,0.3837672173976898,-0.0615171454846859,0.20808473229408264,0.3440611660480499,-0.07961548119783401,0.43347057700157166,0.6194960474967957,-0.03219098970293999,0.332644522190094,0.5713850259780884,-0.05380624532699585,0.2700783908367157,0.5312985181808472,-0.08031917363405228,0.2122114896774292,0.4934166669845581,-0.10176465660333633,0.44737040996551514,0.7328630685806274,-0.04085799306631088,0.36974313855171204,0.7480083703994751,-0.07013265788555145,0.3183925151824951,0.7561711668968201,-0.09178664535284042,0.2706684470176697,0.7546406388282776,-0.10765399038791656,PAPER
sample_02_0050.jpg,0,0.6745095252990723,0.7398751974105835,4.800292572326725e-07,0.6771636605262756,0.5490940809249878,-0.05191207677125931,0.6238287091255188,0.36517640948295593,-0.060150522738695145,0.5717343091964722,0.22833123803138733,-0.06323127448558807,0.5319342613220215,0.11880184710025787,-0.06600122898817062,0.4899942874908447,0.395437628030777,-0.030778249725699425,0.4085756838321686,0.26147276163101196,-0.04305761680006981,0.35802334547042847,0.18512746691703796,-0.05406933277845383,0.31241005659103394,0.12472055852413177,-0.06590871512889862,0.4513130784034729,0.481291264295578,-0.024699624627828598,0.3477470874786377,0.38717880845069885,-0.03354446589946747,0.2840006351470947,0.3255773186683655,-0.04866844415664673,0.229363352060318,0.2794225811958313,-0.06356817483901978,0.4399251639842987,0.5828278660774231,-0.025939591228961945,0.33752626180648804,0.525998592376709,-0.04506850242614746,0.2743948698043823,0.4826039671897888,-0.07119835913181305,0.2177380919456482,0.4420761466026306,-0.09237620234489441,0.44861021637916565,0.6921463012695312,-0.032425425946712494,0.36877676844596863,0.7023725509643555,-0.06177012249827385,0.31507599353790283,0.708376407623291,-0.08535121381282806,0.2666758894920349,0.7030133008956909,-0.10249610990285873,PAPER
sample_02_0051.jpg,0,0.6754142045974731,0.7403528690338135,4.72605307777485e-07,0.678000271320343,0.545813262462616,-0.050255611538887024,0.6231657862663269,0.3608560860157013,-0.058619335293769836,0.5728536248207092,0.22359204292297363,-0.062146443873643875,0.5331029891967773,0.11668321490287781,-0.06597918272018433,0.489255428314209,0.3935546875,-0.035025935620069504,0.40686553716659546,0.26314640045166016,-0.04900689050555229,0.35485872626304626,0.1861705780029297,-0.06091995909810066,0.3087041676044464,0.12451891601085663,-0.07384314388036728,0.4506184458732605,0.48109501600265503,-0.031329795718193054,0.34702861309051514,0.3921668827533722,-0.04320947080850601,0.28281015157699585,0.33270928263664246,-0.060385942459106445,0.2288510799407959,0.2861599326133728,-0.07710353285074234,0.44008320569992065,0.5856714248657227,-0.03444688022136688,0.33853819966316223,0.5304142236709595,-0.057224340736866,0.2741132974624634,0.4871259033679962,-0.08605443686246872,0.21709495782852173,0.4492107629776001,-0.10945788770914078,0.4511481821537018,0.6981457471847534,-0.042369499802589417,0.37123674154281616,0.7172268033027649,-0.07605428993701935,0.3160625696182251,0.7282732129096985,-0.10245092213153839,0.26592180132865906,0.7288545966148376,-0.12172028422355652,PAPER
sample_02_0052.jpg,0,0.6762712597846985,0.7382733821868896,4.7424873628187925e-07,0.6779825091362,0.5501098036766052,-0.050177037715911865,0.6223635077476501,0.3644637167453766,-0.058481499552726746,0.5722810626029968,0.22496911883354187,-0.06189030408859253,0.5336315035820007,0.11749555170536041,-0.06551560759544373,0.4884433448314667,0.39642199873924255,-0.0347580686211586,0.4060925841331482,0.2658854126930237,-0.04784400016069412,0.35329192876815796,0.18809150159358978,-0.05820512771606445,0.30757611989974976,0.12848752737045288,-0.06973115354776382,0.4488444924354553,0.4849354922771454,-0.03071867674589157,0.3450618088245392,0.39587679505348206,-0.04065750166773796,0.2807508111000061,0.3381498157978058,-0.055225878953933716,0.22727441787719727,0.2949739992618561,-0.0698464959859848,0.4384102523326874,0.5882992148399353,-0.03355882689356804,0.3371414542198181,0.5335177183151245,-0.05457862466573715,0.27274590730667114,0.490340918302536,-0.08161637932062149,0.21631664037704468,0.4545101821422577,-0.10385731607675552,0.4505220651626587,0.6996595859527588,-0.04131251946091652,0.3712560534477234,0.725655734539032,-0.07423608750104904,0.3154282867908478,0.7398247122764587,-0.10005462914705276,0.26504841446876526,0.7440893650054932,-0.11871636658906937,PAPER
sample_02_0053.jpg,0,0.6747050285339355,0.7388607263565063,4.326918201513763e-07,0.6769248843193054,0.5516696572303772,-0.04961222782731056,0.6206328868865967,0.3666198253631592,-0.05747583881020546,0.5699819922447205,0.2268616259098053,-0.06054583191871643,0.529133141040802,0.1208917647600174,-0.0640823021531105,0.4863937497138977,0.398269385099411,-0.03514054790139198,0.40231215953826904,0.26919832825660706,-0.0476333349943161,0.3493724465370178,0.19398945569992065,-0.05754873901605606,0.3032272756099701,0.13559478521347046,-0.06915758550167084,0.4473167061805725,0.48762691020965576,-0.031696055084466934,0.3413875699043274,0.40237027406692505,-0.04184044897556305,0.27675095200538635,0.3475506007671356,-0.05705675110220909,0.22307085990905762,0.30644989013671875,-0.07242479175329208,0.43742331862449646,0.592082142829895,-0.03496469929814339,0.33547165989875793,0.5396712422370911,-0.057214751839637756,0.27038902044296265,0.49825772643089294,-0.08600759506225586,0.21308788657188416,0.4650816321372986,-0.10962451994419098,0.4501405358314514,0.7032108306884766,-0.04290039837360382,0.3714445233345032,0.7334581613540649,-0.0778200775384903,0.3151455521583557,0.7516907453536987,-0.10558553785085678,0.26392045617103577,0.7602530717849731,-0.12571395933628082,PAPER
sample_02_0054.jpg,0,0.6745011806488037,0.7460031509399414,3.9921138750287355e-07,0.6758180260658264,0.5524975061416626,-0.04850022494792938,0.6186519861221313,0.36648890376091003,-0.05562298372387886,0.5662044286727905,0.22774410247802734,-0.05812736973166466,0.5261260271072388,0.1226900964975357,-0.061309631913900375,0.4845682978630066,0.4014488458633423,-0.033937711268663406,0.3977316617965698,0.27588731050491333,-0.047464001923799515,0.3431793451309204,0.20434239506721497,-0.058869507163763046,0.2954930067062378,0.14772169291973114,-0.07165409624576569,0.4459843039512634,0.4915629029273987,-0.030996181070804596,0.3387896418571472,0.40897464752197266,-0.04283881559967995,0.27321916818618774,0.3565463423728943,-0.06054138392210007,0.21856191754341125,0.31625786423683167,-0.07772974669933319,0.436013400554657,0.5970684289932251,-0.03451463207602501,0.333837628364563,0.5449196696281433,-0.058208808302879333,0.26877593994140625,0.5049293637275696,-0.08838760107755661,0.21105048060417175,0.4734373092651367,-0.11287463456392288,0.4483703076839447,0.7100088596343994,-0.042480722069740295,0.37027329206466675,0.7412112951278687,-0.07843184471130371,0.3141631484031677,0.7605754137039185,-0.10670409351587296,0.2624516189098358,0.7700721621513367,-0.12710003554821014,PAPER
sample_02_0055.jpg,0,0.6736313104629517,0.7460930943489075,4.544499745406938e-07,0.6745800971984863,0.5530354380607605,-0.05249243602156639,0.618793785572052,0.3669438064098358,-0.060938190668821335,0.5657942295074463,0.22960644960403442,-0.06350314617156982,0.524630606174469,0.1239299327135086,-0.06627979874610901,0.4854721426963806,0.40663135051727295,-0.03574501350522041,0.39754319190979004,0.2844635248184204,-0.048506900668144226,0.34139958024024963,0.21388232707977295,-0.0597500316798687,0.2921941876411438,0.1580178290605545,-0.07280748337507248,0.44680055975914,0.4972805976867676,-0.030873801559209824,0.34018951654434204,0.41706159710884094,-0.04291952773928642,0.27498334646224976,0.36367613077163696,-0.0615425705909729,0.22107291221618652,0.32259833812713623,-0.07959728688001633,0.4371691346168518,0.6022704839706421,-0.03285311907529831,0.33491501212120056,0.5540401935577393,-0.05791217088699341,0.27037715911865234,0.5137262344360352,-0.08946242183446884,0.21289527416229248,0.48173484206199646,-0.11472118645906448,0.449371337890625,0.7139989137649536,-0.039493024349212646,0.368982195854187,0.7439354062080383,-0.07738523185253143,0.3108804225921631,0.7651394605636597,-0.1073070541024208,0.25679391622543335,0.774647057056427,-0.1288805454969406,PAPER
sample_02_0056.jpg,0,0.6770625114440918,0.7357310056686401,2.3477318222830945e-07,0.6751782298088074,0.5437261462211609,-0.04260009154677391,0.6177080273628235,0.36194735765457153,-0.048627614974975586,0.554990291595459,0.23293453454971313,-0.05086008459329605,0.509221613407135,0.14020392298698425,-0.05387529358267784,0.4857214093208313,0.4062390923500061,-0.02785539999604225,0.39312615990638733,0.30062687397003174,-0.04624546319246292,0.33394762873649597,0.24658828973770142,-0.06451024860143661,0.28010982275009155,0.201026052236557,-0.08168859779834747,0.45267143845558167,0.4925759434700012,-0.025931671261787415,0.3410961627960205,0.42392614483833313,-0.04563610628247261,0.27139681577682495,0.384507954120636,-0.07130484282970428,0.21081340312957764,0.3536161780357361,-0.09357137233018875,0.4435880482196808,0.5888213515281677,-0.029351120814681053,0.3347834646701813,0.5460816621780396,-0.05412274971604347,0.26757997274398804,0.5155889987945557,-0.0810280591249466,0.207858145236969,0.4913704991340637,-0.10200764238834381,0.453311562538147,0.6929818391799927,-0.03685449808835983,0.36765050888061523,0.681806206703186,-0.06560707092285156,0.3117063045501709,0.676580011844635,-0.08648674935102463,0.2598627805709839,0.6645759344100952,-0.101788230240345,PAPER
sample_02_0057.jpg,0,0.6583801507949829,0.7012210488319397,1.343406950127246e-07,0.668939471244812,0.534359872341156,-0.03772593289613724,0.6039064526557922,0.3806985020637512,-0.03871648758649826,0.525258481502533,0.31056565046310425,-0.04010963812470436,0.4572228491306305,0.298504501581192,-0.04119348153471947,0.5170339941978455,0.33597612380981445,0.017429526895284653,0.4361756145954132,0.2359400987625122,0.008093595504760742,0.37865257263183594,0.17382386326789856,-0.01043044961988926,0.3385506868362427,0.12178182601928711,-0.029908597469329834,0.4830676019191742,0.41144758462905884,0.01928144507110119,0.38942062854766846,0.33229008316993713,-0.01195740606635809,0.39321303367614746,0.3274696469306946,-0.05020647868514061,0.42603564262390137,0.35798701643943787,-0.07459806650876999,0.4650557041168213,0.5004450082778931,0.014220599085092545,0.377707302570343,0.4316261410713196,-0.0234255101531744,0.3900708258152008,0.40944600105285645,-0.06648053228855133,0.4316856861114502,0.44077202677726746,-0.09061167389154434,0.45666441321372986,0.5968339443206787,0.005880360491573811,0.3911103904247284,0.5315940976142883,-0.029170069843530655,0.392316609621048,0.49586594104766846,-0.06447134912014008,0.42411911487579346,0.4947589933872223,-0.0891898050904274,PAPER
sample_02_0058.jpg,0,0.651251494884491,0.7091702222824097,2.861385155483731e-07,0.6490848660469055,0.5718258023262024,-0.04785027727484703,0.5791414976119995,0.44065696001052856,-0.06254317611455917,0.4986363351345062,0.3998592793941498,-0.07601628452539444,0.42750266194343567,0.4192652106285095,-0.08797713369131088,0.49347877502441406,0.3670327365398407,-0.0016750111244618893,0.40898293256759644,0.2742097079753876,-0.012164195999503136,0.3494058847427368,0.21188750863075256,-0.02829994261264801,0.30526068806648254,0.1682068109512329,-0.04515247046947479,0.46049103140830994,0.4494478404521942,0.002842514542862773,0.37313157320022583,0.38865429162979126,-0.025852784514427185,0.3982836902141571,0.3957197964191437,-0.05602054297924042,0.4379212260246277,0.420751690864563,-0.07304980605840683,0.44537442922592163,0.5397480130195618,0.0008519204566255212,0.3614100217819214,0.48188352584838867,-0.031676214188337326,0.3898930251598358,0.46429115533828735,-0.06250468641519547,0.4354564845561981,0.49381163716316223,-0.07783843576908112,0.44250449538230896,0.6340280771255493,-0.005810392089188099,0.3771917223930359,0.5767351984977722,-0.03351050987839699,0.3869527578353882,0.5474691390991211,-0.05727004259824753,0.4210278391838074,0.5527438521385193,-0.07293903827667236,PAPER
sample_02_0059.jpg,0,0.645695149898529,0.738562822341919,3.9637998838770727e-07,0.6338701248168945,0.5963943004608154,-0.053768325597047806,0.5579417943954468,0.48175227642059326,-0.07261670380830765,0.4772690534591675,0.4533255398273468,-0.0895412415266037,0.4039846360683441,0.4792207181453705,-0.1047540232539177,0.4711596369743347,0.41640859842300415,-0.002570944372564554,0.38217246532440186,0.343845397233963,-0.013602734543383121,0.31813281774520874,0.2887532711029053,-0.03040810115635395,0.2701936364173889,0.2508809566497803,-0.04780963063240051,0.4402711093425751,0.5041759610176086,0.0020815376192331314,0.34597283601760864,0.4496360719203949,-0.02684452012181282,0.37543752789497375,0.45451080799102783,-0.05662723630666733,0.4190373420715332,0.4743223190307617,-0.07233960926532745,0.4280702471733093,0.5972850918769836,-0.0008465566788800061,0.3394562900066376,0.5448747277259827,-0.03518233075737953,0.3691539466381073,0.5228766202926636,-0.06634323298931122,0.4157794415950775,0.5449864864349365,-0.08069799840450287,0.42948848009109497,0.6933853030204773,-0.0090473722666502,0.35867711901664734,0.6425179839134216,-0.038142651319503784,0.36901623010635376,0.6079361438751221,-0.06181424483656883,0.40254124999046326,0.6057910919189453,-0.07693006098270416,PAPER
sample_02_0060.jpg,0,0.64177405834198,0.7273811101913452,2.456497156799742e-07,0.6374625563621521,0.5946435928344727,-0.04228149354457855,0.5563752055168152,0.47889620065689087,-0.052977994084358215,0.4664207398891449,0.47632890939712524,-0.06131809949874878,0.3955588638782501,0.5091564655303955,-0.06795983016490936,0.47589224576950073,0.3989381790161133,-0.01207647193223238,0.38658007979393005,0.31744185090065,-0.024239443242549896,0.3230801224708557,0.2608683407306671,-0.037593115121126175,0.2758123576641083,0.21737653017044067,-0.051826559007167816,0.4445841312408447,0.48007848858833313,-0.010752995498478413,0.3430345058441162,0.4290374219417572,-0.03247859701514244,0.33836138248443604,0.41002869606018066,-0.052235618233680725,0.3530471920967102,0.4183048605918884,-0.06492281705141068,0.4354012608528137,0.5753049254417419,-0.0160450991243124,0.34304454922676086,0.526652991771698,-0.05241188034415245,0.37391194701194763,0.5104936361312866,-0.07741635292768478,0.4181410074234009,0.5366909503936768,-0.08737440407276154,0.43821805715560913,0.6718418598175049,-0.025008896365761757,0.3668777644634247,0.61631178855896,-0.06080687791109085,0.38062965869903564,0.5916988849639893,-0.08311885595321655,0.4149320721626282,0.5992881059646606,-0.09594133496284485,PAPER
sample_02_0061.jpg,0,0.6483668088912964,0.737922191619873,2.8840395316365175e-07,0.6346133947372437,0.5962563157081604,-0.0432799831032753,0.5569528937339783,0.48890236020088196,-0.056459248065948486,0.4759502112865448,0.4713546335697174,-0.0682029202580452,0.40478044748306274,0.49123725295066833,-0.07750872522592545,0.46569299697875977,0.41201135516166687,-0.012978816404938698,0.3771888315677643,0.32083868980407715,-0.024180656298995018,0.3184829354286194,0.26893356442451477,-0.036403100937604904,0.27100270986557007,0.22781963646411896,-0.04859336465597153,0.4364086389541626,0.4918764531612396,-0.012641819193959236,0.32825469970703125,0.43014267086982727,-0.024828555062413216,0.26702237129211426,0.38797619938850403,-0.0413343720138073,0.22010734677314758,0.36404678225517273,-0.05552093684673309,0.4307749569416046,0.5831958651542664,-0.0191034022718668,0.3381451666355133,0.5190894603729248,-0.05187518894672394,0.3712230920791626,0.5014551877975464,-0.07078851014375687,0.4094989597797394,0.5212138295173645,-0.07712636888027191,0.43696480989456177,0.6757817268371582,-0.0297908503562212,0.3676300644874573,0.6153897047042847,-0.06477419286966324,0.3787064254283905,0.582758367061615,-0.08205236494541168,0.4042980670928955,0.5751307606697083,-0.09050048142671585,PAPER
sample_02_0062.jpg,0,0.6471242904663086,0.7510848641395569,3.2612112477181654e-07,0.6322216987609863,0.6063823699951172,-0.04220978170633316,0.5519587397575378,0.49711745977401733,-0.05469316616654396,0.467825710773468,0.4954911768436432,-0.06606325507164001,0.402983695268631,0.5627107620239258,-0.07568191736936569,0.45533108711242676,0.44614872336387634,-0.010267859324812889,0.3621774911880493,0.3561626374721527,-0.018308380618691444,0.29998475313186646,0.3115769624710083,-0.027774514630436897,0.248989075422287,0.2770761251449585,-0.03818410262465477,0.42576974630355835,0.5314250588417053,-0.011104391887784004,0.3090232014656067,0.4867526590824127,-0.02140183560550213,0.24088087677955627,0.45884984731674194,-0.03600826486945152,0.1829063892364502,0.44446003437042236,-0.04780596122145653,0.420781672000885,0.6217853426933289,-0.018251731991767883,0.32680678367614746,0.5659593343734741,-0.05268293619155884,0.37458279728889465,0.550916314125061,-0.0686512291431427,0.4181964695453644,0.5704378485679626,-0.07027872651815414,0.4288119971752167,0.7105813026428223,-0.0292020533233881,0.3539005517959595,0.6563722491264343,-0.0647398978471756,0.3787252902984619,0.6339460015296936,-0.07623836398124695,0.4137820601463318,0.6413721442222595,-0.07845296710729599,PAPER
sample_02_0063.jpg,0,0.6516150236129761,0.7519071102142334,4.519599485774961e-07,0.6358917951583862,0.6136836409568787,-0.046507880091667175,0.5581580996513367,0.5114746689796448,-0.06261493265628815,0.4710001051425934,0.5221930146217346,-0.07635427266359329,0.407373309135437,0.5968605875968933,-0.08748059719800949,0.4587186574935913,0.45367997884750366,-0.02362365648150444,0.36796286702156067,0.3404102623462677,-0.03771694004535675,0.3098231554031372,0.2806673049926758,-0.0504656657576561,0.26076069474220276,0.23208613693714142,-0.06249791011214256,0.42574161291122437,0.5422827005386353,-0.022060243412852287,0.30477219820022583,0.5032010078430176,-0.039557602256536484,0.2340279072523117,0.47968921065330505,-0.05735161155462265,0.17599955201148987,0.4674525856971741,-0.07022874057292938,0.4209006130695343,0.635334312915802,-0.02583695389330387,0.3293802738189697,0.5914822220802307,-0.062300048768520355,0.37576207518577576,0.5797290802001953,-0.07475628703832626,0.4178640842437744,0.5980401039123535,-0.07316483557224274,0.43338388204574585,0.7258239984512329,-0.03368929401040077,0.3630506694316864,0.6782147884368896,-0.06706375628709793,0.3872694671154022,0.6566890478134155,-0.07317564636468887,0.4200644791126251,0.6635981798171997,-0.07057300955057144,PAPER
sample_02_0064.jpg,0,0.6559997797012329,0.7530903816223145,4.792921117768856e-07,0.6396122574806213,0.6152539253234863,-0.04630441963672638,0.5637161731719971,0.5152636766433716,-0.06287899613380432,0.47671934962272644,0.5228239297866821,-0.07719092071056366,0.412555992603302,0.5939352512359619,-0.08923253417015076,0.46249470114707947,0.4503353536128998,-0.02668316662311554,0.37434521317481995,0.3260141909122467,-0.04083440080285072,0.3199423551559448,0.2593880593776703,-0.053695596754550934,0.27180424332618713,0.20482365787029266,-0.06601576507091522,0.4283251166343689,0.5396798849105835,-0.025333033874630928,0.30755186080932617,0.4991171658039093,-0.043403878808021545,0.2366020381450653,0.4761650562286377,-0.0617193840444088,0.17644092440605164,0.46234041452407837,-0.07514096796512604,0.4226423501968384,0.6332476735115051,-0.02887715771794319,0.33285361528396606,0.589816689491272,-0.0646364837884903,0.3828749656677246,0.5819395780563354,-0.07599245756864548,0.4255952835083008,0.6007642149925232,-0.07391823828220367,0.43524911999702454,0.7253060340881348,-0.03649198263883591,0.36474892497062683,0.6768295168876648,-0.06847909092903137,0.3901626467704773,0.6565024852752686,-0.07290741801261902,0.423272967338562,0.6631230115890503,-0.06927300244569778,PAPER
sample_02_0065.jpg,0,0.6563542485237122,0.7489837408065796,5.287936915010505e-07,0.6398797035217285,0.612163245677948,-0.049363140016794205,0.5639049410820007,0.5127301216125488,-0.06727900356054306,0.4768446981906891,0.521277129650116,-0.0823487639427185,0.4126572906970978,0.5918480157852173,-0.0947071835398674,0.46346214413642883,0.44761526584625244,-0.028774317353963852,0.37631845474243164,0.3226989507675171,-0.04450022429227829,0.3207134008407593,0.2541247606277466,-0.05802421271800995,0.27228450775146484,0.20041760802268982,-0.07032446563243866,0.4297904968261719,0.5384061932563782,-0.02572616934776306,0.3096414804458618,0.49816957116127014,-0.04535119608044624,0.23772317171096802,0.47290194034576416,-0.06416721642017365,0.17748001217842102,0.4585408568382263,-0.07762809097766876,0.4238710105419159,0.6330130100250244,-0.027979033067822456,0.3346082270145416,0.5888257622718811,-0.06436195224523544,0.38329973816871643,0.5783587694168091,-0.07591471821069717,0.42512235045433044,0.596737265586853,-0.073787160217762,0.4353181719779968,0.7251877784729004,-0.034640006721019745,0.3647755980491638,0.6743525862693787,-0.06668275594711304,0.3893852233886719,0.6536070108413696,-0.07148851454257965,0.4217636287212372,0.6607078909873962,-0.06804029643535614,PAPER
sample_02_0066.jpg,0,0.655228316783905,0.7522398829460144,4.880947699348326e-07,0.6398927569389343,0.6143956184387207,-0.04668579250574112,0.5635870099067688,0.5122554898262024,-0.0635485053062439,0.47575706243515015,0.5211187601089478,-0.07788907736539841,0.41225066781044006,0.5906102657318115,-0.0897185280919075,0.4651104509830475,0.4492960572242737,-0.028759650886058807,0.3775649964809418,0.3242091238498688,-0.04470879212021828,0.321975976228714,0.25644922256469727,-0.058331944048404694,0.2736474275588989,0.2020806074142456,-0.07081639021635056,0.43057945370674133,0.5389463305473328,-0.026843585073947906,0.3099939823150635,0.49641188979148865,-0.04680942744016647,0.23833507299423218,0.47010135650634766,-0.06570502370595932,0.1792130172252655,0.45558226108551025,-0.07928846776485443,0.42442911863327026,0.6337476968765259,-0.029724087566137314,0.33354344964027405,0.5879766941070557,-0.06617115437984467,0.38153335452079773,0.5775452256202698,-0.07717140018939972,0.42447689175605774,0.5964705944061279,-0.07474149763584137,0.43648597598075867,0.726388692855835,-0.03669130057096481,0.36574095487594604,0.6764358282089233,-0.06885796040296555,0.3897499144077301,0.655286967754364,-0.07333430647850037,0.4225243330001831,0.6623194813728333,-0.06961396336555481,PAPER
sample_02_0067.jpg,0,0.6533393859863281,0.7488746643066406,4.991291007172549e-07,0.6377620100975037,0.6119809746742249,-0.04662328213453293,0.5619610548019409,0.5094572901725769,-0.06338866055011749,0.4747583270072937,0.5158354043960571,-0.07777233421802521,0.411337286233902,0.583885669708252,-0.0894852802157402,0.4628463685512543,0.4469771981239319,-0.027066750451922417,0.3763974606990814,0.32258036732673645,-0.04281581938266754,0.320992112159729,0.25493139028549194,-0.056388188153505325,0.2730087637901306,0.20130640268325806,-0.06881336867809296,0.4288993775844574,0.5365813374519348,-0.025168603286147118,0.3091709017753601,0.4943617582321167,-0.04484466090798378,0.2383045107126236,0.46659091114997864,-0.06356801837682724,0.1799183189868927,0.45167356729507446,-0.07709234207868576,0.42308735847473145,0.6314502954483032,-0.028240814805030823,0.33286166191101074,0.585111141204834,-0.06439126282930374,0.3809244930744171,0.572833240032196,-0.0753585696220398,0.4236680865287781,0.5913125872612,-0.07303770631551743,0.43504881858825684,0.7244381904602051,-0.03547171503305435,0.3651266396045685,0.6727446913719177,-0.06746591627597809,0.389334499835968,0.6509677767753601,-0.07209129631519318,0.42198219895362854,0.6583908796310425,-0.06858322769403458,PAPER
sample_02_0068.jpg,0,0.845678448677063,0.5141389966011047,-1.9899324854577571e-07,0.8248454332351685,0.41765281558036804,-0.03336597606539726,0.7856884002685547,0.32439491152763367,-0.05205100029706955,0.7418248653411865,0.29285815358161926,-0.06682847440242767,0.7157464027404785,0.3472649157047272,-0.07493152469396591,0.7076210975646973,0.36219120025634766,-0.032963838428258896,0.6768743991851807,0.3606353998184204,-0.06245649978518486,0.7301260828971863,0.37604498863220215,-0.07095301896333694,0.7481920719146729,0.3804853856563568,-0.07276129722595215,0.7034547328948975,0.4386832118034363,-0.028902901336550713,0.6796686053276062,0.436015784740448,-0.05934445187449455,0.746595561504364,0.44326403737068176,-0.057619355618953705,0.7490167617797852,0.43505266308784485,-0.0514574758708477,0.707179605960846,0.5085915327072144,-0.029267121106386185,0.6904330253601074,0.5080724954605103,-0.058909203857183456,0.7462241649627686,0.5036362409591675,-0.04282296821475029,0.7491143345832825,0.49760913848876953,-0.026795946061611176,0.7118475437164307,0.5769585371017456,-0.03253297135233879,0.7017192244529724,0.5723176598548889,-0.04640192538499832,0.738628625869751,0.5592825412750244,-0.03267395868897438,0.7445803880691528,0.5562158823013306,-0.019912300631403923,PAPER
sample_02_0068.jpg,1,0.2113693654537201,0.3932541608810425,-1.5296046740331803e-07,0.20132866501808167,0.47944527864456177,-0.035702530294656754,0.22293052077293396,0.5746378302574158,-0.054879382252693176,0.2468966245651245,0.6236488223075867,-0.07146330177783966,0.2673152983188629,0.6428163647651672,-0.0820205807685852,0.2996208667755127,0.6260066032409668,-0.029202451929450035,0.3096447288990021,0.6364701986312866,-0.05677712336182594,0.2708874046802521,0.6012126207351685,-0.0650050938129425,0.2660396695137024,0.5877190232276917,-0.06840325891971588,0.3235442340373993,0.5500951409339905,-0.026618797332048416,0.31902503967285156,0.5589534640312195,-0.0547226145863533,0.2612017095088959,0.5185955166816711,-0.056184567511081696,0.26513680815696716,0.5320737361907959,-0.05351255461573601,0.32902899384498596,0.4737151861190796,-0.029793763533234596,0.3278818726539612,0.48359349370002747,-0.06296712160110474,0.272344708442688,0.45985138416290283,-0.053929127752780914,0.27651920914649963,0.4647836983203888,-0.042945798486471176,0.3299735486507416,0.40227580070495605,-0.03617500886321068,0.3187682032585144,0.40590834617614746,-0.0595400370657444,0.28414201736450195,0.397946298122406,-0.05455336347222328,0.28792256116867065,0.3998757004737854,-0.04727786034345627,PAPER
sample_02_0069.jpg,0,0.8404395580291748,0.5281392931938171,-1.4518734303692327e-07,0.818701982498169,0.42981457710266113,-0.028858814388513565,0.7763931751251221,0.32978036999702454,-0.04263582080602646,0.7310614585876465,0.30571311712265015,-0.05299701169133186,0.7129246592521667,0.36750268936157227,-0.056756891310214996,0.7028955221176147,0.3760915696620941,-0.027344629168510437,0.6701930165290833,0.3708767294883728,-0.05682865530252457,0.723928689956665,0.3869883120059967,-0.06715210527181625,0.7442778944969177,0.3885502815246582,-0.07094206660985947,0.6988580822944641,0.45088431239128113,-0.0256486963480711,0.6733877062797546,0.4461326003074646,-0.057275377213954926,0.7373524308204651,0.45236384868621826,-0.05862605944275856,0.7447736263275146,0.4441254734992981,-0.05486387759447098,0.7027068138122559,0.5200905799865723,-0.02825205586850643,0.6866361498832703,0.5166791677474976,-0.05880523473024368,0.7415750622749329,0.5113823413848877,-0.046219032257795334,0.7474079728126526,0.5028121471405029,-0.03239772841334343,0.7085443735122681,0.5866435766220093,-0.03352799266576767,0.700988233089447,0.5792220234870911,-0.04870089143514633,0.7377546429634094,0.566224992275238,-0.03831124305725098,0.7438451051712036,0.560479998588562,-0.02812725305557251,PAPER
sample_02_0069.jpg,1,0.2110661268234253,0.40294504165649414,-3.4693906059146684e-07,0.2145155370235443,0.3638683557510376,-0.0670090988278389,0.2516787052154541,0.3478550910949707,-0.10004203021526337,0.2868454158306122,0.34748995304107666,-0.1226174384355545,0.3168860375881195,0.37288230657577515,-0.13657687604427338,0.33129608631134033,0.4713971018791199,-0.06791701912879944,0.33036932349205017,0.4777584969997406,-0.10103879868984222,0.2889915704727173,0.4549330472946167,-0.10561995953321457,0.2945723235607147,0.4498703181743622,-0.10706563293933868,0.33947423100471497,0.49981915950775146,-0.04981280863285065,0.3265153467655182,0.4937311112880707,-0.0930020660161972,0.2703641653060913,0.46414715051651,-0.09378886222839355,0.2828412652015686,0.4709811508655548,-0.0869833379983902,0.3319240212440491,0.5217790007591248,-0.039324257522821426,0.3201459050178528,0.5149607062339783,-0.08438106626272202,0.2697027325630188,0.4846254289150238,-0.0753200352191925,0.28069108724594116,0.48670071363449097,-0.061646703630685806,0.3169785141944885,0.5419411063194275,-0.033959150314331055,0.30879244208335876,0.5448024272918701,-0.062305599451065063,0.2738153338432312,0.5259605050086975,-0.05954096093773842,0.2789917290210724,0.5329498052597046,-0.052600495517253876,PAPER
sample_02_0070.jpg,0,0.8258806467056274,0.5356493592262268,-1.1607105676603169e-07,0.8076074123382568,0.4428996443748474,-0.031678516417741776,0.7679526805877686,0.35383838415145874,-0.048041969537734985,0.7230005860328674,0.32398200035095215,-0.06116068363189697,0.697338342666626,0.37625953555107117,-0.06814301013946533,0.6953554749488831,0.39542821049690247,-0.02904813177883625,0.6589409112930298,0.3919820785522461,-0.061866551637649536,0.7102303504943848,0.40483877062797546,-0.07285644114017487,0.735106348991394,0.40625783801078796,-0.07535990327596664,0.6916837096214294,0.46672338247299194,-0.026768488809466362,0.66306072473526,0.4646773934364319,-0.0607498474419117,0.7270172834396362,0.4710763692855835,-0.06090124323964119,0.7370855808258057,0.4603101909160614,-0.054500747472047806,0.6958189606666565,0.5339031219482422,-0.029623830690979958,0.6773068904876709,0.5355966091156006,-0.06414686888456345,0.732447624206543,0.5292347073554993,-0.050687480717897415,0.74008709192276,0.5185716152191162,-0.034276265650987625,0.7023922204971313,0.6010791063308716,-0.035258930176496506,0.6916083693504333,0.5984418988227844,-0.054402559995651245,0.7290382981300354,0.5842962861061096,-0.04400881007313728,0.7379058599472046,0.577823281288147,-0.032147400081157684,PAPER
sample_02_0071.jpg,0,0.837926983833313,0.5505785942077637,-1.1471263405837817e-07,0.8167258501052856,0.4517010748386383,-0.031454090029001236,0.7748978137969971,0.3526342511177063,-0.0456688366830349,0.7298752665519714,0.33583229780197144,-0.05582640320062637,0.710162341594696,0.39786607027053833,-0.059340931475162506,0.7003642916679382,0.3966141641139984,-0.02949533425271511,0.6683415174484253,0.39911743998527527,-0.05920412018895149,0.7224692106246948,0.4162333309650421,-0.06933746486902237,0.7425835728645325,0.4140113592147827,-0.07311002910137177,0.695982813835144,0.47085216641426086,-0.02642158977687359,0.6720508933067322,0.4770936667919159,-0.05728541314601898,0.7362917065620422,0.4826815724372864,-0.05777157470583916,0.7428625226020813,0.46781519055366516,-0.053691014647483826,0.7002705931663513,0.5401778817176819,-0.028090592473745346,0.6872494220733643,0.5489882826805115,-0.058340780436992645,0.7420323491096497,0.5422273874282837,-0.046252187341451645,0.7463995814323425,0.5262548327445984,-0.033020760864019394,0.7067065238952637,0.6072853803634644,-0.03271808847784996,0.7024467587471008,0.610647439956665,-0.0480116568505764,0.7386701107025146,0.5980195999145508,-0.03876664489507675,0.7437161207199097,0.5874918699264526,-0.029535969719290733,PAPER
sample_02_0072.jpg,0,0.8253687024116516,0.5802719593048096,-1.1355385254319117e-07,0.8031989932060242,0.4825664460659027,-0.028970953077077866,0.7627114057540894,0.39031195640563965,-0.04283552244305611,0.7176690101623535,0.3807952404022217,-0.05340711399912834,0.7021815776824951,0.4430237412452698,-0.057830002158880234,0.6928730010986328,0.43547138571739197,-0.024977480992674828,0.6587226986885071,0.4351721405982971,-0.05390286445617676,0.7098060846328735,0.4506797790527344,-0.06512482464313507,0.7319069504737854,0.45268645882606506,-0.06944285333156586,0.6902098059654236,0.5076293349266052,-0.02279439941048622,0.6622074246406555,0.5086959004402161,-0.05294860899448395,0.724233865737915,0.5132174491882324,-0.054446008056402206,0.7347725629806519,0.5043752193450928,-0.05063394084572792,0.6948392391204834,0.5739262700080872,-0.025192847475409508,0.676021158695221,0.5770347118377686,-0.055013593286275864,0.7300787568092346,0.5697411894798279,-0.04360302910208702,0.7390009164810181,0.5585797429084778,-0.030130939558148384,0.7009727954864502,0.6388474106788635,-0.03020733781158924,0.6898618936538696,0.6358237862586975,-0.04475754126906395,0.725624144077301,0.6217485666275024,-0.03479248285293579,0.7342104315757751,0.6131538152694702,-0.02474169060587883,PAPER
sample_02_0073.jpg,0,0.7884879112243652,0.5883304476737976,-9.741733464352365e-08,0.7673650979995728,0.49009987711906433,-0.027225924655795097,0.7278557419776917,0.40041711926460266,-0.0395682267844677,0.6826620101928711,0.39394909143447876,-0.04910065978765488,0.6656785607337952,0.4599446952342987,-0.05305040255188942,0.6607611179351807,0.4402390122413635,-0.019213326275348663,0.625304639339447,0.44493401050567627,-0.04755598306655884,0.6730996370315552,0.46392956376075745,-0.05979829281568527,0.6969835758209229,0.4627782106399536,-0.0649709701538086,0.6587072014808655,0.5108316540718079,-0.018137821927666664,0.6291235089302063,0.5174885988235474,-0.04733998700976372,0.6889191269874573,0.5240663290023804,-0.049378372728824615,0.7028895020484924,0.5103670358657837,-0.04553467035293579,0.6637352705001831,0.576948881149292,-0.02199421264231205,0.6436665058135986,0.5876413583755493,-0.052042677998542786,0.6963576078414917,0.5811828374862671,-0.042352281510829926,0.707432746887207,0.5636120438575745,-0.029457151889801025,0.6710332036018372,0.6416467428207397,-0.028276465833187103,0.6560797691345215,0.6459286212921143,-0.043755628168582916,0.691434919834137,0.6346054673194885,-0.03472385182976723,0.7024141550064087,0.6230400800704956,-0.024814007803797722,PAPER
sample_02_0074.jpg,0,0.7486260533332825,0.5231695175170898,-1.4763382694127358e-07,0.7289662957191467,0.4202924370765686,-0.02175372652709484,0.6896210312843323,0.3390149474143982,-0.0327240452170372,0.6424644589424133,0.3182697892189026,-0.04305119812488556,0.6150113344192505,0.35971638560295105,-0.048058055341243744,0.6230087876319885,0.37801337242126465,-0.012432773597538471,0.5765334367752075,0.3702875077724457,-0.04338742792606354,0.6198959946632385,0.3863549530506134,-0.056183457374572754,0.6493883728981018,0.39145177602767944,-0.059579767286777496,0.6204615831375122,0.4470457434654236,-0.013475416228175163,0.5812603235244751,0.44193679094314575,-0.04836830869317055,0.6392514109611511,0.4493098258972168,-0.053366146981716156,0.6613864302635193,0.4428061246871948,-0.049444980919361115,0.6244347095489502,0.5118926167488098,-0.019178707152605057,0.5942453145980835,0.5106832981109619,-0.05504589527845383,0.649463951587677,0.5069278478622437,-0.04627534747123718,0.6710007786750793,0.49659889936447144,-0.031280767172575,0.631144106388092,0.5761189460754395,-0.026626963168382645,0.6070927381515503,0.5716243982315063,-0.0480213537812233,0.6450791954994202,0.558928906917572,-0.04059533029794693,0.66346675157547,0.549487829208374,-0.029588932171463966,PAPER
sample_02_0075.jpg,0,0.7211117744445801,0.20918050408363342,1.7027360632582145e-09,0.7225257754325867,0.11032599210739136,-0.021178098395466805,0.6956504583358765,0.011694977059960365,-0.027896881103515625,0.6669268012046814,-0.04680488258600235,-0.03494502604007721,0.647301435470581,-0.07839053124189377,-0.039603445678949356,0.6267543435096741,0.01181870698928833,-0.00654580257833004,0.5905261635780334,-0.017580993473529816,-0.03816503658890724,0.6206546425819397,-0.0021474435925483704,-0.056844424456357956,0.6509104371070862,0.0036383364349603653,-0.06460943073034286,0.6093370914459229,0.06840063631534576,-0.008474101312458515,0.5675411224365234,0.03084464557468891,-0.044268205761909485,0.6117515563964844,0.06047957390546799,-0.05674684792757034,0.6444652676582336,0.07688872516155243,-0.05631333589553833,0.6014949679374695,0.13207031786441803,-0.01563812419772148,0.5650371313095093,0.10830667614936829,-0.05341631546616554,0.6134229898452759,0.1315426230430603,-0.05314764380455017,0.6462252736091614,0.14398851990699768,-0.04199923202395439,0.6008774042129517,0.20337967574596405,-0.024343548342585564,0.5687732696533203,0.18333351612091064,-0.04916410893201828,0.6020061373710632,0.18471206724643707,-0.04689773544669151,0.6309592127799988,0.18635262548923492,-0.03812258690595627,PAPER
sample_02_0078.jpg,0,0.8744046688079834,0.5178046226501465,5.977191221973044e-07,0.8389890789985657,0.4524635970592499,-0.03688644617795944,0.7816227674484253,0.46419286727905273,-0.05390700697898865,0.7507622838020325,0.5796112418174744,-0.06945490092039108,0.7363848090171814,0.6731855273246765,-0.08479748666286469,0.6916467547416687,0.4788839817047119,-0.033442601561546326,0.6090341210365295,0.46451592445373535,-0.05612245574593544,0.556476891040802,0.45701295137405396,-0.07074441760778427,0.5104867815971375,0.44979411363601685,-0.08104569464921951,0.6943590641021729,0.5572908520698547,-0.033869579434394836,0.6118373274803162,0.6077337861061096,-0.05832210183143616,0.5595815181732178,0.6405726075172424,-0.07429255545139313,0.5156625509262085,0.6646703481674194,-0.08257363736629486,0.7173182964324951,0.6164913177490234,-0.03856043145060539,0.6885564923286438,0.6734980344772339,-0.07603631168603897,0.7301004528999329,0.6393964886665344,-0.08717586100101471,0.7575646638870239,0.6032441854476929,-0.08403720706701279,0.7512258291244507,0.6593510508537292,-0.045956965535879135,0.7332574725151062,0.7030363082885742,-0.07453852146863937,0.760892927646637,0.6699195504188538,-0.07677897810935974,0.7810674905776978,0.6312487721443176,-0.07179252058267593,PAPER
sample_02_0079.jpg,0,0.8562945127487183,0.5655726790428162,6.336751994240331e-07,0.8185310363769531,0.5168020129203796,-0.03922613710165024,0.7644189596176147,0.5417153239250183,-0.057569198310375214,0.7413257956504822,0.652118444442749,-0.07447493821382523,0.7267757654190063,0.7402392029762268,-0.09013470262289047,0.6752045154571533,0.5467020273208618,-0.033799704164266586,0.5953689813613892,0.5258318185806274,-0.05962793529033661,0.5429556965827942,0.5140073895454407,-0.07551189512014389,0.4994881749153137,0.5068436861038208,-0.08529181033372879,0.6794527769088745,0.6246983408927917,-0.032840143889188766,0.5980935096740723,0.6706222891807556,-0.06141216680407524,0.5464684367179871,0.7016271948814392,-0.07845231890678406,0.5052101612091064,0.7243337035179138,-0.08558978140354156,0.7042068243026733,0.6837887167930603,-0.036628324538469315,0.6783521771430969,0.7408550977706909,-0.07776258885860443,0.7190218567848206,0.7105782628059387,-0.08970920741558075,0.7445139288902283,0.6772626638412476,-0.08472349494695663,0.7389585971832275,0.726671040058136,-0.043236155062913895,0.7234697341918945,0.7692893743515015,-0.07338172197341919,0.7479395270347595,0.7377963066101074,-0.0763094499707222,0.7651764750480652,0.6958209872245789,-0.07034915685653687,PAPER
sample_02_0079.jpg,1,0.1484563648700714,0.6438021063804626,-6.611202820749895e-07,0.16086415946483612,0.5263237953186035,-0.0408305861055851,0.20553597807884216,0.41465190052986145,-0.06036561354994774,0.2655181586742401,0.3674290180206299,-0.0764976367354393,0.3080395460128784,0.41458019614219666,-0.08272544294595718,0.2948644161224365,0.4661508798599243,-0.012101287953555584,0.31854939460754395,0.46270036697387695,-0.048694271594285965,0.2641543447971344,0.475460410118103,-0.06192898005247116,0.26085272431373596,0.48057857155799866,-0.06822973489761353,0.303353875875473,0.538366436958313,-0.00597343547269702,0.32300588488578796,0.5375751256942749,-0.04537027329206467,0.2556482255458832,0.5410354733467102,-0.04699307307600975,0.26409652829170227,0.5334847569465637,-0.039748888462781906,0.3044212758541107,0.6136139631271362,-0.008910509757697582,0.32011231780052185,0.6183748841285706,-0.049153685569763184,0.259100079536438,0.6099613308906555,-0.034956034272909164,0.2648141086101532,0.5988054275512695,-0.016664819791913033,0.2996200621128082,0.6882368326187134,-0.01607429049909115,0.30542296171188354,0.68918776512146,-0.03805665671825409,0.2608284652233124,0.6733385324478149,-0.029755806550383568,0.26149415969848633,0.6638725399971008,-0.018589725717902184,PAPER
sample_02_0080.jpg,0,0.8582592010498047,0.5354196429252625,5.719543878512923e-07,0.8208938241004944,0.485549658536911,-0.03960106521844864,0.7659994959831238,0.5068454146385193,-0.05799184367060661,0.7415180206298828,0.6163169145584106,-0.07475216686725616,0.7250412702560425,0.701769232749939,-0.09030915796756744,0.6789318323135376,0.5105904340744019,-0.03696916252374649,0.5978320837020874,0.4872532784938812,-0.06320511549711227,0.5444607138633728,0.47451063990592957,-0.07875820994377136,0.4999522566795349,0.46735647320747375,-0.08834389597177505,0.6821754574775696,0.5899865031242371,-0.035803720355033875,0.598846971988678,0.638698935508728,-0.06445713341236115,0.5473932027816772,0.6703498363494873,-0.08076886832714081,0.5049845576286316,0.6941357851028442,-0.08766161650419235,0.7058699727058411,0.6494787931442261,-0.03913293778896332,0.6820371150970459,0.7040400505065918,-0.07949376106262207,0.7228260040283203,0.6730058193206787,-0.09002572298049927,0.7465989589691162,0.640098512172699,-0.08465690910816193,0.7392095327377319,0.6936856508255005,-0.045438770204782486,0.724927544593811,0.7346677184104919,-0.07440169155597687,0.7501491904258728,0.7005273699760437,-0.0761752650141716,0.7674434185028076,0.6575284600257874,-0.0698920339345932,PAPER
sample_02_0080.jpg,1,0.15032702684402466,0.6131887435913086,-6.439561275328742e-07,0.1555899977684021,0.48058968782424927,-0.04768289253115654,0.19709599018096924,0.3639959692955017,-0.07167641073465347,0.25695809721946716,0.3147994577884674,-0.09013732522726059,0.30257511138916016,0.3607487082481384,-0.09787151217460632,0.29055026173591614,0.41600608825683594,-0.03060244396328926,0.32072001695632935,0.41514045000076294,-0.06571631133556366,0.26223427057266235,0.42917340993881226,-0.07512258738279343,0.25835350155830383,0.4271325469017029,-0.07981225103139877,0.30323994159698486,0.4884626269340515,-0.019894151017069817,0.32188597321510315,0.48560139536857605,-0.05767033249139786,0.25067466497421265,0.4957043528556824,-0.05731062963604927,0.2591862976551056,0.4833084046840668,-0.05063401162624359,0.3075321614742279,0.5664458870887756,-0.01721566542983055,0.3244463801383972,0.564811110496521,-0.05552912876009941,0.258577436208725,0.565140962600708,-0.039441194385290146,0.2634156346321106,0.5530816912651062,-0.021818095818161964,0.3073742389678955,0.6405113935470581,-0.019004546105861664,0.3081680238246918,0.6354583501815796,-0.040672775357961655,0.2613731920719147,0.6290777921676636,-0.03261194005608559,0.2621266841888428,0.62621009349823,-0.022590020671486855,PAPER
sample_02_0081.jpg,0,0.8559359908103943,0.5263810157775879,6.229756763787009e-07,0.8246031403541565,0.4610663056373596,-0.039102260023355484,0.7725399136543274,0.4669068455696106,-0.05841683968901634,0.7503599524497986,0.5764804482460022,-0.07624857872724533,0.7370868921279907,0.6677363514900208,-0.09385727345943451,0.6806551814079285,0.4894919693470001,-0.04030836373567581,0.6011519432067871,0.46233394742012024,-0.06668293476104736,0.5512347221374512,0.4449915587902069,-0.08288741111755371,0.5077338814735413,0.43263283371925354,-0.09333456307649612,0.6839760541915894,0.5681501626968384,-0.04088786244392395,0.6019383668899536,0.6163446307182312,-0.07067957520484924,0.550847053527832,0.6477352380752563,-0.08852315694093704,0.5069157481193542,0.670936107635498,-0.09656992554664612,0.7070062756538391,0.628681480884552,-0.045604899525642395,0.6879792809486389,0.6742714047431946,-0.08740710467100143,0.7311212420463562,0.6359173059463501,-0.09883718192577362,0.7543485164642334,0.5970497131347656,-0.09425056725740433,0.7399714589118958,0.6733478307723999,-0.05301276966929436,0.7248324155807495,0.7155591249465942,-0.08279427886009216,0.7519441843032837,0.6765080690383911,-0.084126316010952,0.7703142762184143,0.6303881406784058,-0.07778012752532959,PAPER
sample_02_0081.jpg,1,0.13639676570892334,0.6281260848045349,-6.160614702821476e-07,0.13982820510864258,0.5071988105773926,-0.04430876299738884,0.1804954707622528,0.39578139781951904,-0.06656339019536972,0.2385861873626709,0.3491514325141907,-0.08386456966400146,0.2827061414718628,0.39103490114212036,-0.09125978499650955,0.26898980140686035,0.441996693611145,-0.027689306065440178,0.2985095977783203,0.4410315454006195,-0.06076176464557648,0.24431490898132324,0.4569736421108246,-0.06858690828084946,0.23933933675289154,0.45468246936798096,-0.07215103507041931,0.2819637060165405,0.5108960866928101,-0.01935132034122944,0.30234959721565247,0.5086332559585571,-0.055327918380498886,0.23438817262649536,0.5205435752868652,-0.05419424548745155,0.24056562781333923,0.5081512928009033,-0.047049783170223236,0.2865746021270752,0.5846544504165649,-0.018777737393975258,0.3040422201156616,0.5852595567703247,-0.0566713847219944,0.24008354544639587,0.585852324962616,-0.04064079746603966,0.2426779866218567,0.571320116519928,-0.023051051422953606,0.2854548990726471,0.6561492681503296,-0.02234792336821556,0.2896869480609894,0.6561758518218994,-0.04487936198711395,0.2427019476890564,0.6472857594490051,-0.036581818014383316,0.24092577397823334,0.6369688510894775,-0.026362981647253036,PAPER
sample_02_0082.jpg,0,0.8572421073913574,0.5261315703392029,6.039833806426032e-07,0.8252602815628052,0.46316829323768616,-0.04085909202694893,0.77243971824646,0.4710761606693268,-0.06055808439850807,0.7498680353164673,0.5819815993309021,-0.07849765568971634,0.7349978685379028,0.6727708578109741,-0.09593101590871811,0.6802152395248413,0.48808321356773376,-0.0412568673491478,0.599625289440155,0.4608921408653259,-0.06908845901489258,0.5489095449447632,0.44338124990463257,-0.08601001650094986,0.5047882795333862,0.4313833713531494,-0.09685415029525757,0.6840803027153015,0.566758394241333,-0.04149119183421135,0.6010530591011047,0.6180261373519897,-0.07311942428350449,0.5497838854789734,0.6504967212677002,-0.09147016704082489,0.5052388906478882,0.6742619872093201,-0.09949800372123718,0.7073701620101929,0.6277697086334229,-0.04628714174032211,0.6897115111351013,0.6791975498199463,-0.09031583368778229,0.7348509430885315,0.6399034261703491,-0.10232587158679962,0.7580780386924744,0.5984563827514648,-0.09759768098592758,0.740254282951355,0.6731203198432922,-0.053930480033159256,0.7285073399543762,0.7166950702667236,-0.08566320687532425,0.7579936981201172,0.6781155467033386,-0.08776342123746872,0.7764779329299927,0.6322518587112427,-0.08165282011032104,PAPER
sample_02_0082.jpg,1,0.15807360410690308,0.5893576145172119,-6.336488240776816e-07,0.1647634357213974,0.472627192735672,-0.036148108541965485,0.2072969675064087,0.3547694683074951,-0.05290047451853752,0.26689276099205017,0.3033584654331207,-0.06673908978700638,0.30951255559921265,0.34419649839401245,-0.07068350166082382,0.2892596125602722,0.3951743543148041,-0.009847737848758698,0.32561197876930237,0.38803327083587646,-0.04431574419140816,0.2686364948749542,0.4075993299484253,-0.0559525266289711,0.2625507116317749,0.41136136651039124,-0.061035122722387314,0.2990832030773163,0.4646388292312622,-0.004720190539956093,0.3299330472946167,0.4588228464126587,-0.04089348018169403,0.26215267181396484,0.4712929129600525,-0.04122834652662277,0.2677074372768402,0.45972830057144165,-0.03359592333436012,0.3033970594406128,0.5384421944618225,-0.007996165193617344,0.33275121450424194,0.5374303460121155,-0.04477941617369652,0.2688790559768677,0.5405641794204712,-0.02822289429605007,0.26938146352767944,0.5331547260284424,-0.008859118446707726,0.30332985520362854,0.6132041811943054,-0.014985279180109501,0.31982770562171936,0.6106462478637695,-0.03453994542360306,0.27363723516464233,0.60466468334198,-0.024096718057990074,0.2706829905509949,0.6003547310829163,-0.011681539937853813,PAPER
sample_02_0084.jpg,0,0.9096893072128296,0.2351808249950409,1.8616687214034755e-07,0.8667716979980469,0.12762078642845154,-0.027812475338578224,0.8030520677566528,0.055945985019207,-0.03835660591721535,0.7616373300552368,-0.0023488104343414307,-0.04852532222867012,0.7404407262802124,-0.060214877128601074,-0.060360319912433624,0.7216278910636902,0.17206136882305145,-0.03534294292330742,0.6437685489654541,0.15560053288936615,-0.055566783994436264,0.5972166061401367,0.14752523601055145,-0.07114521414041519,0.5548883676528931,0.1433234065771103,-0.0849059447646141,0.7212146520614624,0.25274181365966797,-0.04017038270831108,0.643008828163147,0.2888517379760742,-0.06171499937772751,0.5941844582557678,0.3141104578971863,-0.08084173500537872,0.5518811941146851,0.33848345279693604,-0.09658458083868027,0.741531252861023,0.31987589597702026,-0.047554440796375275,0.6748979091644287,0.38516610860824585,-0.07267530262470245,0.6323825716972351,0.4254229664802551,-0.09297116845846176,0.5959608554840088,0.4604966342449188,-0.10830096155405045,0.7767936587333679,0.3702963590621948,-0.05746948719024658,0.7430534958839417,0.4509044587612152,-0.08382416516542435,0.7192460894584656,0.5038143992424011,-0.09913530200719833,0.6972337365150452,0.5482075810432434,-0.10993698984384537,PAPER
sample_02_0084.jpg,1,0.09415331482887268,0.5746765732765198,6.049756962056563e-07,0.1308608502149582,0.4998915195465088,-0.039638932794332504,0.19236956536769867,0.4875792860984802,-0.049732208251953125,0.24273604154586792,0.5526326298713684,-0.055949866771698,0.27995699644088745,0.6112831830978394,-0.05872972682118416,0.26395636796951294,0.44965916872024536,-0.014926603995263577,0.33389049768447876,0.419394314289093,-0.03739013150334358,0.38048529624938965,0.40241268277168274,-0.051233917474746704,0.42045730352401733,0.38978567719459534,-0.059060823172330856,0.26009657979011536,0.534248948097229,-0.01105632446706295,0.3313347101211548,0.5801184177398682,-0.036645498126745224,0.37308740615844727,0.6116625070571899,-0.049618903547525406,0.4142723083496094,0.6409281492233276,-0.05192257836461067,0.23530790209770203,0.5999274253845215,-0.013142758049070835,0.2575781047344208,0.6333078742027283,-0.05555467680096626,0.2106078714132309,0.5956121683120728,-0.05665408447384834,0.1922307014465332,0.578401505947113,-0.04282931983470917,0.20201566815376282,0.6496447324752808,-0.01806168258190155,0.21742570400238037,0.6659331321716309,-0.05203399062156677,0.1810833066701889,0.629700779914856,-0.047186531126499176,0.16694560647010803,0.6110944747924805,-0.03381078317761421,PAPER
sample_02_0085.jpg,0,0.8893905878067017,0.3710164427757263,2.7964196647189965e-07,0.8402526378631592,0.2769511044025421,-0.03757510706782341,0.768267035484314,0.23161983489990234,-0.04974894970655441,0.7116013765335083,0.18970002233982086,-0.059322889894247055,0.6708860993385315,0.13713455200195312,-0.06922925263643265,0.7041179537773132,0.36448028683662415,-0.033426832407712936,0.628121018409729,0.3628694415092468,-0.04978027567267418,0.58195960521698,0.3616371154785156,-0.06202501803636551,0.5412151217460632,0.3640323877334595,-0.07344719767570496,0.7103047966957092,0.44117656350135803,-0.0317876823246479,0.6374261975288391,0.4857066869735718,-0.04728870466351509,0.5896769165992737,0.5085883736610413,-0.06179643049836159,0.5490965843200684,0.5307888388633728,-0.07477905601263046,0.7358909845352173,0.5002334713935852,-0.03467487916350365,0.6755058765411377,0.5647989511489868,-0.05648954585194588,0.6362060904502869,0.5993629693984985,-0.07600196450948715,0.5987285375595093,0.6292468905448914,-0.09125859290361404,0.7736813426017761,0.5398222208023071,-0.04117894545197487,0.7465236783027649,0.619511604309082,-0.06797683238983154,0.7266446352005005,0.6732922792434692,-0.08569630980491638,0.7051193714141846,0.7185987234115601,-0.09832330048084259,PAPER
sample_02_0086.jpg,0,0.8887277841567993,0.356866717338562,3.6177596030029235e-07,0.845674991607666,0.2567048668861389,-0.03960799425840378,0.7752881646156311,0.20366321504116058,-0.05251079052686691,0.7203882932662964,0.15866199135780334,-0.062141671776771545,0.680816113948822,0.10603295266628265,-0.0723019614815712,0.7077099084854126,0.3305380940437317,-0.037852659821510315,0.6331079602241516,0.32253530621528625,-0.05390814319252968,0.5866695642471313,0.31946462392807007,-0.06520933657884598,0.5467499494552612,0.3189528286457062,-0.07608810812234879,0.71134352684021,0.40772128105163574,-0.035536617040634155,0.6381667852401733,0.4458633065223694,-0.05050119012594223,0.5889071822166443,0.4665186405181885,-0.065243661403656,0.5478664636611938,0.4860594868659973,-0.07853709906339645,0.7355055212974548,0.46961116790771484,-0.03770545870065689,0.6731773018836975,0.530184268951416,-0.060831762850284576,0.6326172351837158,0.56671142578125,-0.08299476653337479,0.5957854390144348,0.5982309579849243,-0.09985971450805664,0.773119330406189,0.5122092366218567,-0.0432470440864563,0.7450539469718933,0.5879114866256714,-0.07229702174663544,0.7249129414558411,0.6420407295227051,-0.09246709942817688,0.7045080065727234,0.6876634359359741,-0.10668489336967468,PAPER
sample_02_0087.jpg,0,0.8889414668083191,0.3515651524066925,3.7429239796438196e-07,0.8466647267341614,0.2492578625679016,-0.041887909173965454,0.77688068151474,0.1941574215888977,-0.05687987059354782,0.7220929861068726,0.14858701825141907,-0.0682852566242218,0.681846022605896,0.0935734212398529,-0.080300472676754,0.708173394203186,0.321063369512558,-0.04313993081450462,0.6328903436660767,0.3120628595352173,-0.06128039211034775,0.5860929489135742,0.3078002631664276,-0.07338632643222809,0.5457896590232849,0.30606213212013245,-0.08480273932218552,0.7113687992095947,0.39990806579589844,-0.04070408642292023,0.637632429599762,0.4374909996986389,-0.05792604759335518,0.5881708860397339,0.45860594511032104,-0.07344365119934082,0.5468634366989136,0.4781501889228821,-0.08727075159549713,0.7355188131332397,0.46372804045677185,-0.04279596358537674,0.6720825433731079,0.5237218141555786,-0.06822430342435837,0.6314713358879089,0.5612070560455322,-0.09110261499881744,0.5948456525802612,0.5934816598892212,-0.10842683166265488,0.7737646698951721,0.5075455904006958,-0.04833489656448364,0.7466606497764587,0.5838243961334229,-0.0795501172542572,0.7268279790878296,0.6391569375991821,-0.10071563720703125,0.706450879573822,0.6863663196563721,-0.11561208963394165,PAPER
sample_02_0088.jpg,0,0.8811089992523193,0.35514330863952637,3.2891347245822544e-07,0.837704062461853,0.25640419125556946,-0.03798435628414154,0.7664179801940918,0.2036336213350296,-0.05022004619240761,0.7102723121643066,0.159709170460701,-0.05929498001933098,0.6714591383934021,0.10598582029342651,-0.06901863217353821,0.7002692818641663,0.33025923371315,-0.03827642649412155,0.6235958337783813,0.32243233919143677,-0.05480383709073067,0.5766541361808777,0.31876713037490845,-0.06613778322935104,0.5356379747390747,0.318387508392334,-0.07705676555633545,0.7030269503593445,0.4089355766773224,-0.036404889076948166,0.6293376684188843,0.44832003116607666,-0.052229683846235275,0.5803985595703125,0.47052621841430664,-0.06715445220470428,0.5388518571853638,0.49201327562332153,-0.08040621131658554,0.7262744307518005,0.47092175483703613,-0.03860393166542053,0.6641928553581238,0.5347325205802917,-0.061880405992269516,0.6241878271102905,0.5731258392333984,-0.08365737646818161,0.5874986052513123,0.6065819263458252,-0.10034915059804916,0.7634575366973877,0.5132442116737366,-0.04400864616036415,0.737332820892334,0.5926611423492432,-0.07302019745111465,0.7185840606689453,0.6486451029777527,-0.09277337789535522,0.6991066336631775,0.6960254907608032,-0.10662887990474701,PAPER
sample_02_0090.jpg,0,0.8783100247383118,0.08098404854536057,-2.5198556841132813e-07,0.8844335675239563,-0.004783460404723883,-0.02552206441760063,0.8562179803848267,-0.10002539306879044,-0.03463974595069885,0.8223910331726074,-0.14673176407814026,-0.042846500873565674,0.7880803942680359,-0.15899500250816345,-0.046667102724313736,0.7859538793563843,-0.1044771745800972,-0.007636898197233677,0.7758094072341919,-0.1293746829032898,-0.037531234323978424,0.8089982867240906,-0.105272576212883,-0.05381004884839058,0.8227236270904541,-0.09303273260593414,-0.06043708696961403,0.7649593949317932,-0.053653210401535034,-0.005927717313170433,0.7563821077346802,-0.0825052261352539,-0.030880047008395195,0.795868992805481,-0.05199183523654938,-0.03418101742863655,0.8032515645027161,-0.04132654517889023,-0.03146864101290703,0.7513715028762817,0.011831746436655521,-0.01073505636304617,0.7402908205986023,-0.01763562299311161,-0.0390666164457798,0.7822096347808838,0.004070803057402372,-0.02958979643881321,0.7914838790893555,0.014782147482037544,-0.017288850620388985,0.7441456317901611,0.09066326171159744,-0.017840450629591942,0.7318779826164246,0.06060945242643356,-0.03514055535197258,0.7664434909820557,0.06507539004087448,-0.02499973773956299,0.7795904278755188,0.06821703910827637,-0.013235341757535934,PAPER
sample_02_0091.jpg,0,0.06525297462940216,0.6625030040740967,1.897639378967142e-07,0.09620670974254608,0.5375980138778687,-0.03599731624126434,0.1507059633731842,0.44368401169776917,-0.05445992201566696,0.19630075991153717,0.3766671121120453,-0.07036323100328445,0.22773200273513794,0.3083641529083252,-0.08696343749761581,0.24570585787296295,0.5643687844276428,-0.029331296682357788,0.31759148836135864,0.524021565914154,-0.04968207702040672,0.3616369962692261,0.5055555701255798,-0.0680859237909317,0.40124136209487915,0.4928548336029053,-0.08244216442108154,0.2523942291736603,0.6500388979911804,-0.02941644750535488,0.3357166647911072,0.6590219140052795,-0.04622765630483627,0.38490718603134155,0.6639840006828308,-0.0604751892387867,0.425848126411438,0.6672000885009766,-0.07186299562454224,0.23800884187221527,0.7213846445083618,-0.03484214469790459,0.3098280727863312,0.7570261359214783,-0.054066095501184464,0.3529590666294098,0.7752794623374939,-0.06814231723546982,0.3933188319206238,0.7890926599502563,-0.07800929993391037,0.21014748513698578,0.7831797003746033,-0.043994005769491196,0.2612707316875458,0.8342607617378235,-0.0595027357339859,0.2954513132572174,0.8633505702018738,-0.06753164529800415,0.3309934139251709,0.8885114192962646,-0.07396217435598373,PAPER
sample_02_0091.jpg,1,0.8198813796043396,0.5492860078811646,-2.0751734552959533e-07,0.7979384660720825,0.44323331117630005,-0.021778475493192673,0.742085874080658,0.3663581311702728,-0.02997327782213688,0.684224009513855,0.3968198001384735,-0.037133216857910156,0.6661486029624939,0.4793068468570709,-0.03830583021044731,0.6810033917427063,0.4070741832256317,-0.008883992210030556,0.6292369961738586,0.4121728539466858,-0.039122678339481354,0.6756426692008972,0.4275156557559967,-0.0524890311062336,0.7022516131401062,0.427089661359787,-0.057353824377059937,0.6825742721557617,0.4810193181037903,-0.01123103592544794,0.6431677937507629,0.49591538310050964,-0.04038522019982338,0.7050827145576477,0.49391502141952515,-0.042132094502449036,0.7198342084884644,0.4773643910884857,-0.03713156655430794,0.6904565095901489,0.5493426322937012,-0.019309360533952713,0.6574267148971558,0.5651355385780334,-0.05179703235626221,0.7162875533103943,0.5515705943107605,-0.042534276843070984,0.7311038374900818,0.5311309695243835,-0.0283761415630579,0.7019742727279663,0.6160281896591187,-0.02933536469936371,0.6771101355552673,0.6219796538352966,-0.047327037900686264,0.7155786752700806,0.6031434535980225,-0.03859119489789009,0.7291686534881592,0.588324248790741,-0.027794141322374344,PAPER
sample_02_0092.jpg,0,0.08329927921295166,0.6141678690910339,1.9448053478754446e-07,0.1076178103685379,0.4814584255218506,-0.035958562046289444,0.15843315422534943,0.37630176544189453,-0.054301679134368896,0.20142391324043274,0.302284836769104,-0.07028871774673462,0.22704283893108368,0.2295614778995514,-0.08704603463411331,0.2593212425708771,0.4838404655456543,-0.029315806925296783,0.3301624655723572,0.4357665181159973,-0.05019011348485947,0.37360358238220215,0.41171514987945557,-0.06896286457777023,0.412078857421875,0.3933722674846649,-0.08344057202339172,0.26991212368011475,0.5679193735122681,-0.029370905831456184,0.35356202721595764,0.5664771795272827,-0.04685471951961517,0.40262913703918457,0.566095769405365,-0.06216709688305855,0.4443252384662628,0.5657145380973816,-0.07442061603069305,0.259846568107605,0.6408424377441406,-0.034749533981084824,0.3322342038154602,0.6647120118141174,-0.0543852299451828,0.3756411075592041,0.6770223379135132,-0.06980416923761368,0.4161047339439392,0.685616672039032,-0.08059380948543549,0.23571749031543732,0.7073885202407837,-0.043871667236089706,0.2883642911911011,0.75211501121521,-0.05903816968202591,0.32360896468162537,0.7766926288604736,-0.06767482310533524,0.3594682812690735,0.7972478866577148,-0.0746939405798912,PAPER
sample_02_0092.jpg,1,0.8251393437385559,0.5744292736053467,-1.2091953749404638e-07,0.8033185601234436,0.46512091159820557,-0.026962021365761757,0.7468701601028442,0.3877137005329132,-0.03604606166481972,0.6895571351051331,0.43004000186920166,-0.04299919679760933,0.6738459467887878,0.522103488445282,-0.043206918984651566,0.6826726198196411,0.4233234226703644,-0.008859573863446712,0.6371843814849854,0.4381044805049896,-0.04076756536960602,0.6840222477912903,0.4616519808769226,-0.05620419979095459,0.7080158591270447,0.45960745215415955,-0.06256245076656342,0.6835251450538635,0.4976712167263031,-0.009780102409422398,0.6512699127197266,0.5198830366134644,-0.0385100431740284,0.7119045853614807,0.5220913290977478,-0.040818534791469574,0.7236625552177429,0.49908649921417236,-0.03642939403653145,0.6911484599113464,0.5680535435676575,-0.01775023713707924,0.6655550003051758,0.591300368309021,-0.04970666021108627,0.72270667552948,0.579398512840271,-0.04224706068634987,0.7331243753433228,0.5512708425521851,-0.029598265886306763,0.7035516500473022,0.6352185010910034,-0.028472449630498886,0.6865061521530151,0.6461571455001831,-0.04365549981594086,0.7226855754852295,0.630195140838623,-0.03485564514994621,0.7306155562400818,0.6135706901550293,-0.02475777640938759,PAPER
sample_02_0093.jpg,0,0.08813579380512238,0.5626993179321289,1.9520703631314973e-07,0.12273474037647247,0.43781334161758423,-0.03351303189992905,0.18475496768951416,0.35320597887039185,-0.0490543432533741,0.2352638691663742,0.30162715911865234,-0.062493305653333664,0.2692784070968628,0.2406882643699646,-0.07665935158729553,0.27313870191574097,0.4809993505477905,-0.02731419913470745,0.34664884209632874,0.4508829116821289,-0.04659705609083176,0.3913626968860626,0.4398239850997925,-0.06369897723197937,0.4300861358642578,0.4339582026004791,-0.07678887248039246,0.27630364894866943,0.5694438815116882,-0.02727779746055603,0.35866397619247437,0.5933787822723389,-0.041716933250427246,0.40664029121398926,0.6091877222061157,-0.054289769381284714,0.4461245834827423,0.6220735311508179,-0.06454147398471832,0.25896987318992615,0.6418824195861816,-0.03239748254418373,0.3280874192714691,0.6877769231796265,-0.05041412636637688,0.36844897270202637,0.7128726243972778,-0.06458588689565659,0.4058527648448944,0.7321664094924927,-0.07444866746664047,0.22817328572273254,0.702721893787384,-0.04105912894010544,0.27070072293281555,0.768563449382782,-0.056243978440761566,0.29972559213638306,0.8080486059188843,-0.0651080459356308,0.3298906683921814,0.8419788479804993,-0.07193730026483536,PAPER
sample_02_0093.jpg,1,0.8253917694091797,0.537335991859436,-2.955165427920292e-07,0.8029851913452148,0.442745566368103,-0.02469537779688835,0.7453436851501465,0.37265482544898987,-0.032612062990665436,0.6881276965141296,0.4117140769958496,-0.038411177694797516,0.6685714721679688,0.49066075682640076,-0.037646546959877014,0.6811656355857849,0.41433486342430115,-0.009796741418540478,0.6338165998458862,0.4267274737358093,-0.041185133159160614,0.6802534461021423,0.43526506423950195,-0.054988518357276917,0.705234944820404,0.4324900209903717,-0.05965738743543625,0.6842219233512878,0.4875440001487732,-0.010402576997876167,0.6497412323951721,0.5079118013381958,-0.040221937000751495,0.7132439017295837,0.49751266837120056,-0.041678041219711304,0.7248283624649048,0.48056498169898987,-0.035878825932741165,0.6942201256752014,0.555325984954834,-0.017258362844586372,0.6669818758964539,0.5754135251045227,-0.051763903349637985,0.7253522276878357,0.5546849370002747,-0.04241015762090683,0.7346236109733582,0.5359641909599304,-0.027636148035526276,0.7081711292266846,0.6240556836128235,-0.02606653980910778,0.6874816417694092,0.632726788520813,-0.044999025762081146,0.7256214022636414,0.6093929409980774,-0.03532981127500534,0.7355189919471741,0.596079409122467,-0.02343764714896679,PAPER
sample_02_0094.jpg,0,0.09821571409702301,0.5598776340484619,2.5501313416498306e-07,0.12647224962711334,0.4358862042427063,-0.033158935606479645,0.18349143862724304,0.3444981873035431,-0.048532482236623764,0.231851264834404,0.28433096408843994,-0.06145023927092552,0.26219430565834045,0.21890512108802795,-0.07494258135557175,0.27910712361335754,0.4572140872478485,-0.02680395543575287,0.3511851131916046,0.41843611001968384,-0.04550403729081154,0.3960302472114563,0.40010517835617065,-0.06259561330080032,0.4351680874824524,0.38710278272628784,-0.07607292383909225,0.28600966930389404,0.5440440773963928,-0.02716870978474617,0.36762574315071106,0.5565832853317261,-0.040570538491010666,0.4164908230304718,0.5643569231033325,-0.054064542055130005,0.4568353295326233,0.5712199807167053,-0.06543515622615814,0.27109184861183167,0.6181849241256714,-0.032472461462020874,0.34062904119491577,0.6534833908081055,-0.04924074560403824,0.38386160135269165,0.6725401282310486,-0.06473034620285034,0.42381739616394043,0.686718225479126,-0.07653291523456573,0.242815762758255,0.682813286781311,-0.04122535511851311,0.28771325945854187,0.7402975559234619,-0.057083405554294586,0.3188597857952118,0.7750728726387024,-0.06703484803438187,0.351447194814682,0.805040717124939,-0.07491673529148102,PAPER
sample_02_0095.jpg,0,0.10692194104194641,0.5753039717674255,2.3884348365754704e-07,0.13727104663848877,0.4506148099899292,-0.034208994358778,0.19515711069107056,0.36048880219459534,-0.049736201763153076,0.24313083291053772,0.3001657724380493,-0.0629824846982956,0.27453675866127014,0.23574072122573853,-0.07665670663118362,0.2906651496887207,0.4766428470611572,-0.02408084273338318,0.3616436719894409,0.4430364966392517,-0.041884832084178925,0.4058077335357666,0.4298725724220276,-0.05881176143884659,0.44477689266204834,0.42127832770347595,-0.07223192602396011,0.2959241569042206,0.5630316734313965,-0.023736312985420227,0.3765512704849243,0.579691469669342,-0.03626639395952225,0.4244740307331085,0.5905685424804688,-0.048555489629507065,0.46392858028411865,0.598401665687561,-0.05899737402796745,0.2799365222454071,0.6351862549781799,-0.02886115200817585,0.34986886382102966,0.6738340854644775,-0.04495728760957718,0.3913975954055786,0.693548858165741,-0.05875571444630623,0.4305477440357208,0.707696259021759,-0.06901268661022186,0.25073879957199097,0.697482705116272,-0.03774353861808777,0.29540395736694336,0.7572232484817505,-0.05218817666172981,0.32592010498046875,0.7920892238616943,-0.06099643185734749,0.3582540452480316,0.8225445747375488,-0.06805090606212616,PAPER
sample_02_0096.jpg,0,0.11345241963863373,0.5844581723213196,2.571026413988875e-07,0.13963760435581207,0.46225684881210327,-0.034011706709861755,0.19374370574951172,0.3711658716201782,-0.05032479390501976,0.24159397184848785,0.30800333619117737,-0.06403471529483795,0.2718535363674164,0.24080893397331238,-0.07798310369253159,0.29125162959098816,0.47436654567718506,-0.025764379650354385,0.3610292375087738,0.4330735504627228,-0.04459565505385399,0.40392935276031494,0.41207748651504517,-0.062057334929704666,0.44147390127182007,0.3962540626525879,-0.07577987760305405,0.29943349957466125,0.5594547390937805,-0.025719795376062393,0.37832409143447876,0.5644422173500061,-0.03951207548379898,0.42664244771003723,0.5672021508216858,-0.0535510815680027,0.46681058406829834,0.5694378018379211,-0.06521779298782349,0.2858917713165283,0.6333698034286499,-0.03080093488097191,0.35452979803085327,0.6580982804298401,-0.04760254546999931,0.39842596650123596,0.6700763702392578,-0.06340569257736206,0.438996821641922,0.6786261796951294,-0.07545477896928787,0.25931063294410706,0.6997648477554321,-0.039422549307346344,0.3052930235862732,0.7485480308532715,-0.05512094870209694,0.33677545189857483,0.777159571647644,-0.06517155468463898,0.36960941553115845,0.802144467830658,-0.07313288748264313,PAPER
sample_02_0096.jpg,1,0.8247643709182739,0.5378802418708801,-5.069929898127157e-07,0.7992994785308838,0.4370904564857483,-0.01795385219156742,0.7374617457389832,0.3659348487854004,-0.02649611234664917,0.6788859367370605,0.393758088350296,-0.03527571260929108,0.6634443998336792,0.4725489020347595,-0.038436051458120346,0.670961320400238,0.4039548635482788,-0.019244620576500893,0.6174845099449158,0.41354900598526,-0.051836103200912476,0.6731218695640564,0.42719951272010803,-0.06613469123840332,0.697627604007721,0.423827588558197,-0.07281281054019928,0.6765462756156921,0.48012566566467285,-0.02448253706097603,0.6375844478607178,0.5006395578384399,-0.05583326891064644,0.7019781470298767,0.4883565604686737,-0.05546582490205765,0.7136873602867126,0.46792155504226685,-0.05129433423280716,0.6866790652275085,0.5489543080329895,-0.03459186106920242,0.6550319194793701,0.5678974986076355,-0.06782069802284241,0.7159769535064697,0.5446187257766724,-0.05544062703847885,0.7296377420425415,0.5223165154457092,-0.04133794456720352,0.6986663341522217,0.6142538189888,-0.04652264714241028,0.6780797839164734,0.6236000657081604,-0.06394024193286896,0.718063473701477,0.6005959510803223,-0.05370774120092392,0.7310322523117065,0.5848435163497925,-0.043654125183820724,PAPER
sample_02_0097.jpg,0,0.11893042922019958,0.5776300430297852,2.54990283110601e-07,0.14505009353160858,0.4548732042312622,-0.03343794494867325,0.19944441318511963,0.36583465337753296,-0.049595680087804794,0.24881570041179657,0.3079691231250763,-0.06318505108356476,0.2797398567199707,0.2426617443561554,-0.07707474380731583,0.29681164026260376,0.4680939316749573,-0.02545379474759102,0.36583736538887024,0.4272008538246155,-0.044285595417022705,0.4085359275341034,0.40696871280670166,-0.06182563677430153,0.4461376368999481,0.39176326990127563,-0.07558880746364594,0.30416783690452576,0.5526130795478821,-0.025759588927030563,0.383363276720047,0.56036776304245,-0.03976850211620331,0.43163567781448364,0.5645338296890259,-0.05365370959043503,0.4717360734939575,0.5672964453697205,-0.06499791890382767,0.28998488187789917,0.6250790953636169,-0.031094009056687355,0.3587709963321686,0.6526442766189575,-0.04781153425574303,0.40258896350860596,0.6656590104103088,-0.06313767284154892,0.4431185722351074,0.6739698052406311,-0.07468066364526749,0.26299425959587097,0.6897632479667664,-0.039898425340652466,0.3098940849304199,0.7370872497558594,-0.055110663175582886,0.34162405133247375,0.764204740524292,-0.06434507668018341,0.37452924251556396,0.7873827815055847,-0.0716354250907898,PAPER
sample_02_0097.jpg,1,0.8292108774185181,0.5478403568267822,-4.3192363818889135e-07,0.8019024133682251,0.4452577233314514,-0.020992739126086235,0.7393864989280701,0.3679070472717285,-0.030539702624082565,0.6801576614379883,0.3964523375034332,-0.03969709202647209,0.6625284552574158,0.47926244139671326,-0.04281020909547806,0.6686775088310242,0.40626147389411926,-0.018000908195972443,0.6199243068695068,0.41469523310661316,-0.05071035400032997,0.6767880916595459,0.4301742613315582,-0.06626325845718384,0.6992758512496948,0.42555609345436096,-0.07382571697235107,0.6738847494125366,0.4852261245250702,-0.022100472822785378,0.6405918002128601,0.4974273145198822,-0.05248194560408592,0.7056757211685181,0.4869905412197113,-0.05326453596353531,0.7149162888526917,0.46786051988601685,-0.0501713901758194,0.6847289800643921,0.555518627166748,-0.03154723346233368,0.659310519695282,0.5678714513778687,-0.06358380615711212,0.7187243103981018,0.5452209115028381,-0.05320512130856514,0.7286334037780762,0.5226083993911743,-0.0407671183347702,0.6982473134994507,0.6196774840354919,-0.0430888868868351,0.6818017363548279,0.6225882768630981,-0.058180395513772964,0.7201292514801025,0.5994411706924438,-0.04799729585647583,0.73080974817276,0.5839495062828064,-0.03841385617852211,PAPER
sample_02_0098.jpg,0,0.11471904814243317,0.5922096967697144,2.6409358611090283e-07,0.13151633739471436,0.4614676833152771,-0.03729972988367081,0.17584604024887085,0.35475707054138184,-0.05651229992508888,0.21699675917625427,0.2764820158481598,-0.07252039760351181,0.24307721853256226,0.20282766222953796,-0.08858553320169449,0.28486472368240356,0.4352186620235443,-0.02998567558825016,0.35166504979133606,0.37682706117630005,-0.05036814138293266,0.39355576038360596,0.3466487526893616,-0.0689627155661583,0.4307023882865906,0.32295626401901245,-0.08326596766710281,0.29925939440727234,0.5169215798377991,-0.028844283893704414,0.3784313201904297,0.5019218325614929,-0.04342341423034668,0.4262969195842743,0.4914019703865051,-0.057327330112457275,0.4657204747200012,0.482065349817276,-0.06879880279302597,0.2909213900566101,0.5931146144866943,-0.03305025398731232,0.36289358139038086,0.6013383865356445,-0.04920758679509163,0.40741121768951416,0.6014491319656372,-0.06373701244592667,0.4479253590106964,0.5980222225189209,-0.07490837574005127,0.2688116431236267,0.6642566323280334,-0.04120779410004616,0.3212319612503052,0.6976358890533447,-0.055672965943813324,0.3561045527458191,0.7148678302764893,-0.0644187480211258,0.391277015209198,0.7290424108505249,-0.0713428184390068,PAPER
sample_02_0098.jpg,1,0.8243674635887146,0.5480015277862549,-4.138454698932037e-07,0.7990953326225281,0.4430822432041168,-0.022040681913495064,0.7373420000076294,0.366037517786026,-0.03170110285282135,0.6775458455085754,0.396107941865921,-0.04074006527662277,0.6594963669776917,0.47851788997650146,-0.04366818815469742,0.6668928861618042,0.3987727463245392,-0.018614592030644417,0.6177164316177368,0.4117017090320587,-0.05162864923477173,0.6736826300621033,0.4286380112171173,-0.06732087582349777,0.6965446472167969,0.4233778119087219,-0.07492457330226898,0.6716537475585938,0.4778028726577759,-0.022167040035128593,0.6388400793075562,0.4962628483772278,-0.05339072644710541,0.7035091519355774,0.4856257438659668,-0.05442941561341286,0.7139520049095154,0.46327826380729675,-0.05127052590250969,0.6815897822380066,0.5486174821853638,-0.03127766773104668,0.6568841338157654,0.5666683912277222,-0.06399653106927872,0.7163853049278259,0.5443463325500488,-0.05438601225614548,0.7272107601165771,0.5184650421142578,-0.042196787893772125,0.6941882371902466,0.612745463848114,-0.042635075747966766,0.6799032688140869,0.6212169528007507,-0.058419615030288696,0.7180242538452148,0.5991490483283997,-0.04954652115702629,0.7281489968299866,0.5812458395957947,-0.04076092690229416,PAPER
sample_02_0099.jpg,0,0.11237004399299622,0.5867975950241089,2.4867051706678467e-07,0.12455359101295471,0.45172691345214844,-0.03798390179872513,0.16498303413391113,0.33978885412216187,-0.05736547335982323,0.20364224910736084,0.2557324171066284,-0.07352973520755768,0.2294844537973404,0.18114054203033447,-0.08961349725723267,0.27693238854408264,0.4090225100517273,-0.028384238481521606,0.34154579043388367,0.3450021743774414,-0.049269165843725204,0.3830028772354126,0.3112157881259918,-0.06891210377216339,0.4200253188610077,0.28488481044769287,-0.08397980034351349,0.294019877910614,0.4863291084766388,-0.026549693197011948,0.37169718742370605,0.460840106010437,-0.04150989651679993,0.419800728559494,0.4449121952056885,-0.05597292631864548,0.4591251313686371,0.43141645193099976,-0.06784139573574066,0.2886529564857483,0.5621432065963745,-0.030354904010891914,0.36129266023635864,0.5585082769393921,-0.04614681005477905,0.4056122899055481,0.5543392896652222,-0.06027223914861679,0.44565606117248535,0.5479129552841187,-0.07108546793460846,0.2694038152694702,0.6360715627670288,-0.0383182130753994,0.3243531286716461,0.6593289375305176,-0.05186925083398819,0.3604373633861542,0.6702924370765686,-0.060167133808135986,0.39618560671806335,0.6791114211082458,-0.06680560857057571,PAPER
sample_02_0099.jpg,1,0.8220759630203247,0.5718651413917542,-3.325140198739973e-07,0.799236536026001,0.4604085683822632,-0.020880885422229767,0.7361990213394165,0.37666183710098267,-0.029216280207037926,0.6784577965736389,0.4039519727230072,-0.036958277225494385,0.6624607443809509,0.4869289994239807,-0.038305044174194336,0.6669329404830933,0.4055634140968323,-0.01520460657775402,0.6187965869903564,0.42108386754989624,-0.046484194695949554,0.674062967300415,0.4399087727069855,-0.06152452528476715,0.6969539523124695,0.4307270348072052,-0.06917299330234528,0.6708274483680725,0.48663759231567383,-0.01892419345676899,0.6421861052513123,0.4989984333515167,-0.047045160084962845,0.7057830095291138,0.49505615234375,-0.047460589557886124,0.7136825919151306,0.47214555740356445,-0.04483882337808609,0.6806101202964783,0.5585253238677979,-0.028371909633278847,0.6616390347480774,0.5726569890975952,-0.05778128653764725,0.7189987897872925,0.5587596893310547,-0.04861277714371681,0.7261550426483154,0.5314695835113525,-0.03789865970611572,0.6939102411270142,0.6204198598861694,-0.04017270728945732,0.6838385462760925,0.6273456811904907,-0.052180107682943344,0.7191564440727234,0.6112708449363708,-0.043061673641204834,0.724753201007843,0.5935935974121094,-0.035337820649147034,PAPER
sample_02_0102.jpg,0,-0.03790596127510071,0.49640950560569763,1.8379127197931666e-07,0.031655073165893555,0.37574732303619385,-0.012269734404981136,0.11858640611171722,0.32538679242134094,-0.028827941045165062,0.20124965906143188,0.33010295033454895,-0.04061665013432503,0.26475512981414795,0.33719903230667114,-0.05164032801985741,0.14912988245487213,0.42518335580825806,-0.06822838634252548,0.26497459411621094,0.49202442169189453,-0.08992374688386917,0.32634812593460083,0.5314627885818481,-0.09026923030614853,0.3690231442451477,0.5623546838760376,-0.08697118610143661,0.13328589498996735,0.5343398451805115,-0.07024579495191574,0.25928884744644165,0.6058461666107178,-0.09396740794181824,0.3257657289505005,0.6416548490524292,-0.09373841434717178,0.37235593795776367,0.6664754152297974,-0.0905248150229454,0.11418785154819489,0.6278817057609558,-0.06982028484344482,0.23106825351715088,0.6986892223358154,-0.08845023810863495,0.2960585057735443,0.7338266968727112,-0.0903591439127922,0.344002902507782,0.7504777312278748,-0.08853146433830261,0.09102486073970795,0.7011127471923828,-0.06815861165523529,0.18420030176639557,0.7578250169754028,-0.07985395193099976,0.237364262342453,0.7840515375137329,-0.07998576760292053,0.2815394401550293,0.7965409159660339,-0.07710613310337067,PAPER
sample_02_0102.jpg,1,0.6712850332260132,0.40096911787986755,-1.2693283224507468e-07,0.5963504314422607,0.324210524559021,-0.022390810772776604,0.5170475840568542,0.3009761571884155,-0.03150412067770958,0.4545166492462158,0.28636401891708374,-0.042227473109960556,0.4017300605773926,0.2746385931968689,-0.05376487225294113,0.4552346467971802,0.435896098613739,-0.009737132117152214,0.37986886501312256,0.4994484782218933,-0.031985092908144,0.34969258308410645,0.5314731001853943,-0.054307736456394196,0.3230491578578949,0.5577141046524048,-0.0705164447426796,0.46895739436149597,0.5020946264266968,-0.014679033309221268,0.3958030641078949,0.5735914707183838,-0.03162194788455963,0.3536989092826843,0.6195787787437439,-0.05089786276221275,0.3191143572330475,0.6604500412940979,-0.06821876019239426,0.495053768157959,0.5560272932052612,-0.024288423359394073,0.43354102969169617,0.6288571953773499,-0.040104035288095474,0.3947935700416565,0.6735005378723145,-0.05210632458329201,0.36128029227256775,0.7117723226547241,-0.0638781487941742,0.5309510231018066,0.6024847030639648,-0.03749249875545502,0.4904032349586487,0.6767871975898743,-0.05159549042582512,0.4602923095226288,0.7204433679580688,-0.05803195759654045,0.4315367639064789,0.7603123188018799,-0.06435398757457733,PAPER
sample_02_0103.jpg,0,0.554956316947937,0.6043186187744141,-4.532806201495987e-07,0.4949372112751007,0.5597085952758789,-0.0360625796020031,0.41897091269493103,0.5730850696563721,-0.04667151719331741,0.35757946968078613,0.6549890637397766,-0.05481189861893654,0.32252535223960876,0.7296438217163086,-0.05936490744352341,0.3546036183834076,0.6458624005317688,0.005736235529184341,0.3373376131057739,0.7010873556137085,-0.02768683433532715,0.37304046750068665,0.7400796413421631,-0.054070230573415756,0.39877375960350037,0.7708505392074585,-0.06575248390436172,0.36362966895103455,0.7190361022949219,0.013674989342689514,0.3569919466972351,0.7819123864173889,-0.02536870539188385,0.40020447969436646,0.8157431483268738,-0.053202055394649506,0.42772984504699707,0.847472071647644,-0.06229379400610924,0.3822234869003296,0.7712769508361816,0.014289520680904388,0.3660837709903717,0.8338615894317627,-0.024131838232278824,0.39485427737236023,0.8628672361373901,-0.04111712425947189,0.4162568747997284,0.8900887966156006,-0.04137880727648735,0.4087410569190979,0.8124392628669739,0.012400416657328606,0.38197022676467896,0.8648989200592041,-0.015333269722759724,0.3798459470272064,0.8941718935966492,-0.024644458666443825,0.3730832040309906,0.9216269850730896,-0.02279210463166237,PAPER
sample_02_0104.jpg,0,0.6387726068496704,0.4716334640979767,-2.442457400775311e-07,0.5902823209762573,0.4062099754810333,-0.03522995859384537,0.519821286201477,0.37917792797088623,-0.044770725071430206,0.4566064476966858,0.43134796619415283,-0.05172441899776459,0.4218702018260956,0.5079518556594849,-0.05739881098270416,0.46272552013397217,0.33533725142478943,0.008311355486512184,0.42450958490371704,0.36086606979370117,-0.006701297126710415,0.4317312240600586,0.3952506184577942,-0.024645162746310234,0.43799370527267456,0.408639132976532,-0.036619171500205994,0.4649948477745056,0.40502452850341797,0.016396500170230865,0.4349581003189087,0.46783334016799927,-0.009706852026283741,0.45482081174850464,0.5248419642448425,-0.03863830864429474,0.4676227271556854,0.5623518228530884,-0.05278659239411354,0.4778730869293213,0.46823906898498535,0.01891402155160904,0.45015063881874084,0.5318263173103333,-0.014927600510418415,0.46815505623817444,0.580489993095398,-0.04160451889038086,0.484737366437912,0.6195622682571411,-0.050251320004463196,0.496651828289032,0.5198600888252258,0.019758598878979683,0.4676874876022339,0.5754583477973938,-0.006888668518513441,0.472220778465271,0.6041932106018066,-0.02095426619052887,0.47742119431495667,0.6227613687515259,-0.024518726393580437,PAPER
sample_02_0105.jpg,0,0.6739134788513184,0.49912288784980774,-6.644621066698164e-07,0.6201369762420654,0.45441508293151855,-0.0397644080221653,0.5521945357322693,0.4422248601913452,-0.055572766810655594,0.48794102668762207,0.48510777950286865,-0.06957413256168365,0.44576308131217957,0.5472097396850586,-0.0827614814043045,0.49070581793785095,0.4019837975502014,-0.004857173189520836,0.44889065623283386,0.5032336115837097,-0.04065309092402458,0.46235835552215576,0.5924651622772217,-0.0754406750202179,0.48619526624679565,0.6501715183258057,-0.09321369230747223,0.49095410108566284,0.4674791395664215,0.005077196750789881,0.46540582180023193,0.5633251667022705,-0.03611719608306885,0.4896883964538574,0.6420207023620605,-0.07414723932743073,0.5149989128112793,0.6925156116485596,-0.09224126487970352,0.49564290046691895,0.5199418663978577,0.009113841690123081,0.47383007407188416,0.5994435548782349,-0.03298497945070267,0.49144312739372253,0.6601861715316772,-0.061831746250391006,0.5141322612762451,0.7070593237876892,-0.06967992335557938,0.5011858344078064,0.5634846091270447,0.010718516074120998,0.46789488196372986,0.6252831220626831,-0.017110228538513184,0.47282230854034424,0.6620736718177795,-0.028783204033970833,0.48126065731048584,0.6908942461013794,-0.029333844780921936,PAPER
sample_02_0106.jpg,0,0.6841436624526978,0.6443726420402527,-4.600837257839885e-07,0.6336719989776611,0.6147380471229553,-0.04686511307954788,0.5616797804832458,0.6182647943496704,-0.05664195492863655,0.5030888319015503,0.6828399300575256,-0.061412256211042404,0.46622735261917114,0.7489328384399414,-0.06343638896942139,0.5014820098876953,0.5592640042304993,0.0076841674745082855,0.46257495880126953,0.629185676574707,-0.016680335626006126,0.47497034072875977,0.6979804039001465,-0.04257366806268692,0.4903310537338257,0.7399797439575195,-0.05738712102174759,0.505851149559021,0.6313279271125793,0.022703174501657486,0.4767540991306305,0.7172614336013794,-0.011477065272629261,0.4984375238418579,0.7872231006622314,-0.04850435256958008,0.511482298374176,0.8317023515701294,-0.06644471734762192,0.5202983021736145,0.6930563449859619,0.030027085915207863,0.4921914041042328,0.7652613520622253,-0.011234084144234657,0.5084604024887085,0.8197326064109802,-0.047912366688251495,0.519772469997406,0.8567225337028503,-0.061621274799108505,0.5388442873954773,0.7390947937965393,0.035100411623716354,0.5080666542053223,0.8013439178466797,-0.00250438554212451,0.510461688041687,0.8385695219039917,-0.028066275641322136,0.5098451972007751,0.8563278913497925,-0.03802139312028885,PAPER
sample_02_0107.jpg,0,0.1384938657283783,0.33399105072021484,4.539948861292942e-08,0.23228885233402252,0.27468135952949524,0.021768350154161453,0.31510087847709656,0.29618340730667114,0.022853488102555275,0.3745385408401489,0.3641360402107239,0.018692513927817345,0.4036587178707123,0.43191245198249817,0.015109208412468433,0.3684408664703369,0.2943156361579895,-0.00962032750248909,0.46469321846961975,0.4314170479774475,-0.024186979979276657,0.493740975856781,0.5154513716697693,-0.023105837404727936,0.5067524313926697,0.5655447244644165,-0.01848861202597618,0.35317689180374146,0.37337368726730347,-0.02865905500948429,0.45585542917251587,0.5177002549171448,-0.0426894836127758,0.48654502630233765,0.604681134223938,-0.04117502272129059,0.5022987127304077,0.6645916104316711,-0.037198133766651154,0.3260592818260193,0.45763248205184937,-0.04591488838195801,0.4263410270214081,0.582421064376831,-0.05560494214296341,0.47053492069244385,0.6708618402481079,-0.05548897385597229,0.4995977282524109,0.736770749092102,-0.05429765209555626,0.2912759482860565,0.540138304233551,-0.060944728553295135,0.37467095255851746,0.6242843866348267,-0.06781109422445297,0.4218800663948059,0.6769300699234009,-0.06780252605676651,0.4606815576553345,0.7194470167160034,-0.06614062935113907,PAPER
sample_02_0107.jpg,1,0.6978002190589905,0.5322854518890381,-3.3407761179660156e-07,0.6315087080001831,0.4939331114292145,-0.03365717828273773,0.5591238737106323,0.49859383702278137,-0.04459737613797188,0.5048229694366455,0.5435222387313843,-0.055968768894672394,0.46089643239974976,0.5853170156478882,-0.06635991483926773,0.4916774332523346,0.46623677015304565,0.002742708195000887,0.42867311835289,0.4987933933734894,-0.023790471255779266,0.42960402369499207,0.5486669540405273,-0.05346089228987694,0.4437563121318817,0.5814393758773804,-0.07417605817317963,0.49760037660598755,0.5431211590766907,0.005312932655215263,0.4437744617462158,0.600835919380188,-0.030138356611132622,0.4550146460533142,0.6569427847862244,-0.07226702570915222,0.47249871492385864,0.6878575086593628,-0.0997721403837204,0.5160378813743591,0.6114389896392822,0.0015352132031694055,0.4719371199607849,0.6715867519378662,-0.03598476201295853,0.47479960322380066,0.724876880645752,-0.07601851969957352,0.49310627579689026,0.7617313265800476,-0.09935899823904037,0.546085000038147,0.6651699542999268,-0.004585231188684702,0.5161525011062622,0.727177083492279,-0.038170602172613144,0.5072550773620605,0.7687325477600098,-0.06764951348304749,0.5065197348594666,0.799579381942749,-0.08670800179243088,PAPER
sample_02_0108.jpg,0,1.0394750833511353,0.6011391878128052,-3.015717027210485e-07,1.0087642669677734,0.5601837038993835,-0.03348618373274803,0.9603026509284973,0.5542429685592651,-0.04936128854751587,0.9183566570281982,0.620707631111145,-0.06282434612512589,0.8883886933326721,0.6818544268608093,-0.07456304877996445,0.8840117454528809,0.558404266834259,-0.016218766570091248,0.855600118637085,0.6440335512161255,-0.0496063157916069,0.876264214515686,0.6953251957893372,-0.07359340786933899,0.9035683274269104,0.7067477107048035,-0.08576826006174088,0.8917772173881531,0.6341621279716492,-0.01319979690015316,0.8688113689422607,0.7168422341346741,-0.052099745720624924,0.9091249704360962,0.738895058631897,-0.0713278129696846,0.942995011806488,0.7245963215827942,-0.07476716488599777,0.9117041230201721,0.6934199333190918,-0.015622721053659916,0.9046704173088074,0.7650476098060608,-0.05884983763098717,0.9458287358283997,0.7630726099014282,-0.06747408211231232,0.9741456508636475,0.7361114621162415,-0.061022788286209106,0.939011812210083,0.7394843697547913,-0.02016371674835682,0.9341071844100952,0.7961248755455017,-0.05439816787838936,0.9631808996200562,0.7925630211830139,-0.058680370450019836,0.9841558337211609,0.7645706534385681,-0.0522577129304409,PAPER
sample_02_0112.jpg,0,1.02315092086792,0.5604908466339111,5.6577263762846997e-08,0.9750668406486511,0.5415631532669067,-0.020332153886556625,0.930522084236145,0.5125946402549744,-0.026928022503852844,0.8968112468719482,0.4723852574825287,-0.030886197462677956,0.8612608909606934,0.47499170899391174,-0.03402473032474518,0.8590393662452698,0.5082662105560303,-0.012086165137588978,0.7860577702522278,0.5002745985984802,-0.023384667932987213,0.7417344450950623,0.5001451373100281,-0.03292592987418175,0.7052620053291321,0.4972725510597229,-0.04001518711447716,0.8650989532470703,0.4947762191295624,-0.008239496499300003,0.7896686792373657,0.491768479347229,-0.020155956968665123,0.7415424585342407,0.49767300486564636,-0.02680596336722374,0.7053674459457397,0.5087149739265442,-0.030956555157899857,0.8786794543266296,0.4905748963356018,-0.007618984207510948,0.8140292763710022,0.48930370807647705,-0.019301585853099823,0.7716154456138611,0.49663981795310974,-0.022326873615384102,0.7390130758285522,0.5059736967086792,-0.023650992661714554,0.8966150283813477,0.48788583278656006,-0.009580516256392002,0.8557570576667786,0.4854169487953186,-0.021834762766957283,0.8252251744270325,0.4874997138977051,-0.026835191994905472,0.7992609143257141,0.48851972818374634,-0.029446039348840714,PAPER
sample_02_0113.jpg,0,0.9873901605606079,0.6213127374649048,4.407444009757455e-07,0.9560922980308533,0.6860999464988708,-0.08133513480424881,0.9007596969604492,0.6973767280578613,-0.11220680922269821,0.8449105620384216,0.6698650121688843,-0.12625324726104736,0.7862335443496704,0.6488269567489624,-0.13737356662750244,0.8188878297805786,0.6582959294319153,-0.07766302675008774,0.7319981455802917,0.6405901312828064,-0.10107838362455368,0.6754092574119568,0.6389504671096802,-0.11992032825946808,0.6305063962936401,0.6404361724853516,-0.13231419026851654,0.8178505301475525,0.619345486164093,-0.04152834787964821,0.7296825647354126,0.6204619407653809,-0.06415915489196777,0.6675534248352051,0.6286507248878479,-0.08249720185995102,0.623772144317627,0.6426749229431152,-0.0945998877286911,0.8233739733695984,0.5956977009773254,-0.010712317191064358,0.7448683977127075,0.6032720804214478,-0.02972574345767498,0.6926171779632568,0.6178895831108093,-0.04655065760016441,0.6510085463523865,0.6288939714431763,-0.05750620737671852,0.8324381113052368,0.5793067216873169,0.01397525891661644,0.7779031991958618,0.583397626876831,-0.0025850324891507626,0.7408965826034546,0.5910260677337646,-0.015011217445135117,0.7097836136817932,0.5955235958099365,-0.023195961490273476,PAPER
sample_02_0114.jpg,0,0.9550668001174927,0.6717635989189148,3.832628578948061e-07,0.9197608232498169,0.7263076305389404,-0.07427273690700531,0.8644732236862183,0.7364910840988159,-0.10015106946229935,0.8098120093345642,0.7108175158500671,-0.11133415251970291,0.7532216906547546,0.6949506402015686,-0.11985607445240021,0.788029670715332,0.6784306764602661,-0.06041231006383896,0.7053746581077576,0.6695430874824524,-0.07856018841266632,0.6491396427154541,0.6689850091934204,-0.09468116611242294,0.6033924221992493,0.6710682511329651,-0.10602961480617523,0.7865940928459167,0.6492109298706055,-0.027881959453225136,0.6975873708724976,0.6509287357330322,-0.04613346979022026,0.6363685727119446,0.6635732650756836,-0.06360627710819244,0.5929148197174072,0.6783149838447571,-0.07559788972139359,0.790839672088623,0.6379137635231018,-0.0010403769556432962,0.71268230676651,0.6381691694259644,-0.019630547612905502,0.6596250534057617,0.6566948294639587,-0.03929579257965088,0.619159460067749,0.6695052981376648,-0.05143895000219345,0.799332320690155,0.6317106485366821,0.020361239090561867,0.7429322004318237,0.627765417098999,0.005280924960970879,0.703831136226654,0.6328469514846802,-0.008337643928825855,0.672432005405426,0.6352382302284241,-0.017941484227776527,PAPER
sample_02_0114.jpg,1,0.01823844015598297,0.6271200180053711,-1.7892405423935998e-07,0.09123468399047852,0.5319501161575317,0.001942465198226273,0.17358675599098206,0.524420976638794,-0.00179882044903934,0.22772201895713806,0.5474632978439331,-0.013114533387124538,0.2798061966896057,0.5615091323852539,-0.02828187122941017,0.22128725051879883,0.5901514887809753,-0.003446799935773015,0.29250219464302063,0.5959020853042603,-0.028587467968463898,0.33714398741722107,0.5992178320884705,-0.05179961770772934,0.37544769048690796,0.6075479984283447,-0.0726218894124031,0.20921453833580017,0.6374778747558594,-0.030785925686359406,0.3002035617828369,0.644555389881134,-0.061649955809116364,0.356705904006958,0.6449612379074097,-0.09388875216245651,0.40784376859664917,0.6500539779663086,-0.12004711478948593,0.1844964623451233,0.6800230741500854,-0.06077951192855835,0.26787543296813965,0.6849538087844849,-0.0955309271812439,0.3229963779449463,0.6781525611877441,-0.12889577448368073,0.3704843521118164,0.674447774887085,-0.15454959869384766,0.14939066767692566,0.71869957447052,-0.09052824974060059,0.21231037378311157,0.70960932970047,-0.12723764777183533,0.2574356198310852,0.6922737956047058,-0.1542092263698578,0.2976173162460327,0.6786642074584961,-0.17622403800487518,PAPER
sample_02_0115.jpg,0,0.9572330713272095,0.6838715672492981,4.879232733401295e-07,0.9221363663673401,0.7493137121200562,-0.07867151498794556,0.8663392066955566,0.7632924318313599,-0.10616979002952576,0.8133766055107117,0.7363802790641785,-0.11820695549249649,0.7567452788352966,0.7226265668869019,-0.1277485489845276,0.7830089926719666,0.731126606464386,-0.0646185427904129,0.6985764503479004,0.7190143465995789,-0.08011707663536072,0.6445276141166687,0.7129979133605957,-0.09453793615102768,0.6010544300079346,0.7112869024276733,-0.10554111003875732,0.7848552465438843,0.6878412961959839,-0.03036218136548996,0.6961315274238586,0.6898537874221802,-0.046489059925079346,0.6368210315704346,0.6965951323509216,-0.06429846584796906,0.5953676104545593,0.7098400592803955,-0.07717783749103546,0.7940831780433655,0.6584818363189697,-0.001777934841811657,0.7178888916969299,0.6642279028892517,-0.01660456880927086,0.6661884784698486,0.6798539161682129,-0.036387283354997635,0.6258500218391418,0.6923196315765381,-0.05044451355934143,0.8082289695739746,0.632255494594574,0.02069760300219059,0.7566394209861755,0.6316156387329102,0.00723814545199275,0.719643771648407,0.6376803517341614,-0.007098829839378595,0.6885850429534912,0.6410683393478394,-0.018157247453927994,PAPER
sample_02_0115.jpg,1,0.04046891629695892,0.6496279239654541,-1.0306831654816051e-07,0.11066554486751556,0.5431870222091675,0.023738078773021698,0.19266267120838165,0.5376259088516235,0.028547735884785652,0.24462784826755524,0.5601088404655457,0.020935239270329475,0.29869216680526733,0.5730909109115601,0.009041705168783665,0.23641113936901093,0.6196945309638977,0.0180396419018507,0.3050931394100189,0.6171639561653137,-0.004501672927290201,0.34329044818878174,0.6083548069000244,-0.023928724229335785,0.3705342411994934,0.6079878211021423,-0.041223615407943726,0.2214430570602417,0.6623687744140625,-0.023655783385038376,0.3148953318595886,0.651706874370575,-0.0558941587805748,0.37527209520339966,0.6444158554077148,-0.08686144649982452,0.42736756801605225,0.6471582651138306,-0.11040348559617996,0.1973499059677124,0.7025301456451416,-0.06770734488964081,0.2810743749141693,0.6942535638809204,-0.10645144432783127,0.33849281072616577,0.681161642074585,-0.1393168419599533,0.38610684871673584,0.6752436757087708,-0.16278453171253204,0.1679084599018097,0.7363326549530029,-0.10965751111507416,0.23533768951892853,0.7189465761184692,-0.15222673118114471,0.28425490856170654,0.6983376741409302,-0.18164576590061188,0.3252195715904236,0.6840562224388123,-0.20419421792030334,PAPER
sample_02_0116.jpg,0,0.9587051272392273,0.6972786784172058,4.067431120802212e-07,0.926513135433197,0.7532936334609985,-0.07693137228488922,0.8720335960388184,0.7630428075790405,-0.10381501913070679,0.8164599537849426,0.7373689413070679,-0.11581362783908844,0.7589454054832458,0.7242457270622253,-0.12513601779937744,0.7896531820297241,0.7242923974990845,-0.061138469725847244,0.706072211265564,0.7154135704040527,-0.07759576290845871,0.6510570049285889,0.7128259539604187,-0.09290160238742828,0.6060395240783691,0.714405357837677,-0.10417874902486801,0.7880667448043823,0.687969982624054,-0.026991114020347595,0.699649453163147,0.6908556222915649,-0.04318457469344139,0.6403058171272278,0.7013711929321289,-0.060104258358478546,0.5974870920181274,0.7168987989425659,-0.0721181333065033,0.7933514714241028,0.6660308241844177,0.0013453055871650577,0.7168458700180054,0.6702244281768799,-0.01398610882461071,0.6654703617095947,0.687890887260437,-0.03208790346980095,0.6248502731323242,0.7024971842765808,-0.044203244149684906,0.8032459020614624,0.6472581028938293,0.023674366995692253,0.750022828578949,0.6455560922622681,0.010778130032122135,0.7128942012786865,0.6537565588951111,-0.001883040415123105,0.6827059388160706,0.6603233218193054,-0.011264719069004059,PAPER
sample_02_0116.jpg,1,0.03665371239185333,0.6393640637397766,-3.2036076014207993e-09,0.10989522933959961,0.5310037136077881,0.015918944031000137,0.18997354805469513,0.5238878726959229,0.014322781935334206,0.2409878671169281,0.5467385053634644,0.0014090684708207846,0.2980502247810364,0.5586747527122498,-0.017013084143400192,0.23797985911369324,0.6075684428215027,0.002159338677302003,0.31300652027130127,0.6133013963699341,-0.022836817428469658,0.36377623677253723,0.6152255535125732,-0.045486290007829666,0.40575680136680603,0.6235033273696899,-0.06682237237691879,0.219999298453331,0.6510099172592163,-0.03800604119896889,0.31101134419441223,0.6555418372154236,-0.07228805869817734,0.36926692724227905,0.6527385711669922,-0.10662375390529633,0.41984039545059204,0.6573114395141602,-0.13425444066524506,0.19267627596855164,0.6891072392463684,-0.0799684077501297,0.2734411358833313,0.6882531046867371,-0.11897619068622589,0.3299630880355835,0.6775870323181152,-0.15360990166664124,0.37650880217552185,0.6711954474449158,-0.18003971874713898,0.15816867351531982,0.7194741368293762,-0.12054143846035004,0.22358375787734985,0.7101147770881653,-0.16203375160694122,0.2691993713378906,0.6946189999580383,-0.19102582335472107,0.306782990694046,0.6822330951690674,-0.21458086371421814,PAPER
sample_02_0117.jpg,0,0.9603610634803772,0.69234299659729,4.1705374087541713e-07,0.9250726699829102,0.753071129322052,-0.07280872762203217,0.8700072765350342,0.7664705514907837,-0.09813272207975388,0.8156996965408325,0.7421258091926575,-0.10954369604587555,0.7593210339546204,0.7293205857276917,-0.11832556873559952,0.7855141162872314,0.7322494983673096,-0.056325823068618774,0.7000744938850403,0.724158763885498,-0.07141301780939102,0.645852267742157,0.7206658124923706,-0.08588048815727234,0.602048933506012,0.7205222249031067,-0.09705543518066406,0.7855053544044495,0.6912457942962646,-0.025078266859054565,0.6968756914138794,0.6959311366081238,-0.04081239551305771,0.6384527683258057,0.7043233513832092,-0.05780511721968651,0.5973539352416992,0.7187893390655518,-0.07004792243242264,0.7935201525688171,0.6650403738021851,0.0005402379902079701,0.7164410948753357,0.6719446182250977,-0.014083269983530045,0.6659772396087646,0.6885006427764893,-0.031869158148765564,0.6268107891082764,0.7017935514450073,-0.0442550890147686,0.8069876432418823,0.6419686079025269,0.020359205082058907,0.7552280426025391,0.6414976716041565,0.007136674132198095,0.7189638018608093,0.6490691900253296,-0.005782336462289095,0.688698410987854,0.6538636684417725,-0.015448067337274551,PAPER
sample_02_0117.jpg,1,0.028171822428703308,0.6522224545478821,1.6605008923420428e-08,0.09952625632286072,0.5474611520767212,0.011299380101263523,0.17922453582286835,0.5391778945922852,0.007786568254232407,0.22987425327301025,0.5613003969192505,-0.006052674259990454,0.28563714027404785,0.5723772048950195,-0.025184661149978638,0.22519971430301666,0.6265232563018799,-0.0001704772876109928,0.29747244715690613,0.6326321959495544,-0.025995129719376564,0.3451884984970093,0.6366007328033447,-0.05022480711340904,0.38420575857162476,0.6442893743515015,-0.07252740114927292,0.20779597759246826,0.6719263195991516,-0.037890832871198654,0.29679757356643677,0.6714684367179871,-0.0719708725810051,0.3552321195602417,0.6692299246788025,-0.10783342272043228,0.40714770555496216,0.6711994409561157,-0.13694041967391968,0.18073008954524994,0.711774468421936,-0.0778120756149292,0.2610180079936981,0.7089179158210754,-0.11655212193727493,0.3162580728530884,0.7002683877944946,-0.15254290401935577,0.36348187923431396,0.6955735683441162,-0.18043211102485657,0.14729733765125275,0.7443069815635681,-0.1167140007019043,0.20878930389881134,0.7311855554580688,-0.1583428829908371,0.2537972033023834,0.716101884841919,-0.1880718469619751,0.29325783252716064,0.7061764597892761,-0.21240933239459991,PAPER
sample_02_0118.jpg,0,0.032142072916030884,0.6457276940345764,-5.1602220274560295e-09,0.10008194297552109,0.5424512624740601,0.019311416894197464,0.18362931907176971,0.5381919741630554,0.02037999778985977,0.23563088476657867,0.5644090175628662,0.01003347896039486,0.2888323962688446,0.5712350010871887,-0.005834435112774372,0.2317502200603485,0.6207978129386902,0.004913751967251301,0.30453598499298096,0.6257117390632629,-0.01858382299542427,0.35521745681762695,0.6256098747253418,-0.04035792499780655,0.39572736620903015,0.6284253597259521,-0.0607900507748127,0.21582213044166565,0.6640472412109375,-0.0356433130800724,0.30364990234375,0.6594005823135376,-0.06802304834127426,0.3623184263706207,0.6558499932289124,-0.1012645959854126,0.41292309761047363,0.6567695736885071,-0.1278778463602066,0.18967531621456146,0.7007107734680176,-0.07755458354949951,0.26876187324523926,0.6961948871612549,-0.11410127580165863,0.3261251449584961,0.6845245957374573,-0.1473197340965271,0.3736395239830017,0.6759503483772278,-0.17302446067333221,0.15646719932556152,0.7290592789649963,-0.11790625005960464,0.21893209218978882,0.7199371457099915,-0.15745671093463898,0.26565828919410706,0.7027956247329712,-0.18535661697387695,0.30555224418640137,0.6900526881217957,-0.20816493034362793,PAPER
sample_02_0118.jpg,1,0.9535617232322693,0.686704695224762,4.906405024485139e-07,0.9236350655555725,0.7397526502609253,-0.08329984545707703,0.8687828183174133,0.7509329319000244,-0.11315825581550598,0.8154890537261963,0.7324573397636414,-0.1259024739265442,0.7593236565589905,0.7244354486465454,-0.13587068021297455,0.7913362979888916,0.7096824049949646,-0.07562947273254395,0.7093309164047241,0.7011117935180664,-0.09721792489290237,0.6541858911514282,0.7030612826347351,-0.11524085700511932,0.6094837188720703,0.706870973110199,-0.12765339016914368,0.7891449332237244,0.681185245513916,-0.03940065577626228,0.701816976070404,0.6828879117965698,-0.06086264178156853,0.6419384479522705,0.6942429542541504,-0.08094358444213867,0.5993133187294006,0.70753014087677,-0.09484077990055084,0.793732225894928,0.6668424606323242,-0.008930832147598267,0.7192752957344055,0.6685481071472168,-0.029106318950653076,0.6674150228500366,0.6853227615356445,-0.05194984748959541,0.6273386478424072,0.6962072253227234,-0.06689334660768509,0.8028357028961182,0.6562798023223877,0.015570061281323433,0.7505144476890564,0.6534938216209412,-0.0007243852014653385,0.7125701904296875,0.6573436856269836,-0.016582829877734184,0.6821167469024658,0.6589251756668091,-0.02825058437883854,PAPER
sample_02_0119.jpg,0,0.9135503768920898,0.3232020437717438,-1.2659695869388088e-07,0.8755940198898315,0.20727983117103577,-0.022003578022122383,0.8194555044174194,0.1284385323524475,-0.03385360538959503,0.7654432058334351,0.10502222180366516,-0.04701247438788414,0.7218805551528931,0.14828017354011536,-0.055518001317977905,0.7418125867843628,0.1998279094696045,-0.010981349274516106,0.6865096092224121,0.18776598572731018,-0.05390893667936325,0.7422149777412415,0.19000166654586792,-0.07699219882488251,0.7819038033485413,0.19456836581230164,-0.08436060696840286,0.7469011545181274,0.27418169379234314,-0.015110522508621216,0.6982197165489197,0.26673623919487,-0.06181369349360466,0.766791582107544,0.2554782032966614,-0.0753505751490593,0.8021328449249268,0.25117388367652893,-0.07431139051914215,0.7593243718147278,0.34887975454330444,-0.024928614497184753,0.7227869033813477,0.34172123670578003,-0.07142305374145508,0.7891204357147217,0.32014086842536926,-0.06595830619335175,0.8222840428352356,0.31258583068847656,-0.04935575649142265,0.7748300433158875,0.42578768730163574,-0.03630166873335838,0.7432533502578735,0.4112963080406189,-0.06451967358589172,0.7865472435951233,0.38255298137664795,-0.05703216791152954,0.8137781620025635,0.37294310331344604,-0.043263990432024,PAPER
sample_02_0120.jpg,0,0.8882470726966858,0.4550497531890869,-6.256059492670829e-08,0.8486121296882629,0.34157660603523254,-0.02363721653819084,0.7860857248306274,0.2732076346874237,-0.030579788610339165,0.7242496013641357,0.27348607778549194,-0.03939632326364517,0.6904639601707458,0.3314213156700134,-0.04365179315209389,0.7167108058929443,0.3513999283313751,0.006595341023057699,0.6523513197898865,0.35720697045326233,-0.030647853389382362,0.6868845224380493,0.35385003685951233,-0.05049247294664383,0.7269479632377625,0.3435232937335968,-0.05634269490838051,0.7245268225669861,0.423510879278183,0.005101438146084547,0.6749440431594849,0.43157878518104553,-0.04346876218914986,0.7363565564155579,0.4224678575992584,-0.05886024981737137,0.7764964699745178,0.4071621894836426,-0.055575717240571976,0.7395686507225037,0.4908755421638489,-0.003241652622818947,0.6996483206748962,0.5037410259246826,-0.05363292247056961,0.7596205472946167,0.482904851436615,-0.053409378975629807,0.797690212726593,0.4604690670967102,-0.037229087203741074,0.7586451172828674,0.5582550168037415,-0.013292280957102776,0.7295318841934204,0.5688672661781311,-0.047264035791158676,0.7670276165008545,0.5405385494232178,-0.04730026423931122,0.7940170168876648,0.5119606256484985,-0.036712560802698135,PAPER
sample_02_0121.jpg,0,0.8710255026817322,0.47940462827682495,5.010207004829681e-08,0.841509222984314,0.3807881772518158,-0.026377050206065178,0.7758476138114929,0.314670205116272,-0.03323831781744957,0.7153441905975342,0.3144475817680359,-0.040764883160591125,0.6833003759384155,0.37045717239379883,-0.044907741248607635,0.7095074653625488,0.38460227847099304,0.0014808159321546555,0.648604154586792,0.3957420289516449,-0.03404189273715019,0.662975549697876,0.3890150785446167,-0.053185321390628815,0.6965929865837097,0.376651793718338,-0.058767061680555344,0.7164722681045532,0.45596927404403687,0.0016303001902997494,0.6721493005752563,0.46625080704689026,-0.045964937657117844,0.7254667282104492,0.45590153336524963,-0.06181260570883751,0.7661885619163513,0.43631064891815186,-0.05855898559093475,0.7319877743721008,0.5212036371231079,-0.004904353059828281,0.6956270337104797,0.540060818195343,-0.05559592694044113,0.7500269412994385,0.5135143995285034,-0.058620113879442215,0.7883297204971313,0.48496919870376587,-0.044785767793655396,0.7517421245574951,0.5862650871276855,-0.013112137094140053,0.7237339019775391,0.6015735268592834,-0.04934867471456528,0.7573190331459045,0.5745307803153992,-0.05271686613559723,0.7845760583877563,0.5439445376396179,-0.04445274546742439,PAPER
sample_02_0122.jpg,0,0.867571234703064,0.46422022581100464,2.2010267386463056e-08,0.8356061577796936,0.36517927050590515,-0.0293290913105011,0.7695334553718567,0.29939156770706177,-0.03682464733719826,0.7042070627212524,0.3029336929321289,-0.044624123722314835,0.6734606027603149,0.3659113645553589,-0.04943311959505081,0.7027165293693542,0.3768743574619293,8.64574612933211e-05,0.6404392123222351,0.3854857087135315,-0.03535453975200653,0.6529925465583801,0.3746756613254547,-0.053967881947755814,0.6825109124183655,0.35750555992126465,-0.05961284041404724,0.7099212408065796,0.44508448243141174,0.0015559669118374586,0.6651766300201416,0.45389115810394287,-0.048276159912347794,0.7205041646957397,0.44307640194892883,-0.0653519257903099,0.7621411085128784,0.42552411556243896,-0.06242728605866432,0.7251772284507751,0.5093480348587036,-0.003834826173260808,0.6873347759246826,0.5297173857688904,-0.05743476748466492,0.7433746457099915,0.5052738785743713,-0.061661891639232635,0.7832755446434021,0.47863373160362244,-0.04757542908191681,0.7434655427932739,0.5756875872612,-0.010931665077805519,0.7121534943580627,0.5960218906402588,-0.049915947020053864,0.7446727156639099,0.5710578560829163,-0.05471847578883171,0.7715011835098267,0.5422235727310181,-0.04690243676304817,PAPER
sample_02_0123.jpg,0,0.8655927181243896,0.4734378457069397,-6.675446684312192e-08,0.8321914076805115,0.3721145987510681,-0.027519242838025093,0.7645614743232727,0.31038898229599,-0.03354422748088837,0.6980960369110107,0.3160461485385895,-0.03992938995361328,0.6655027270317078,0.37475788593292236,-0.04188777133822441,0.699878454208374,0.38471847772598267,0.0015317329671233892,0.6375926733016968,0.3974369764328003,-0.034571364521980286,0.6684750914573669,0.39477887749671936,-0.05116023123264313,0.704814612865448,0.3788830637931824,-0.054846134036779404,0.7086426615715027,0.452761173248291,0.0023625618778169155,0.6607964038848877,0.4679260849952698,-0.04699394106864929,0.7199982404708862,0.4551180899143219,-0.062222812324762344,0.7586920857429504,0.43514782190322876,-0.05820828303694725,0.7245419025421143,0.5167584419250488,-0.003758411854505539,0.6845108866691589,0.5382290482521057,-0.057232096791267395,0.7445684671401978,0.5125159621238708,-0.059305861592292786,0.7820905447006226,0.4844043254852295,-0.04376807436347008,0.743331789970398,0.5826399922370911,-0.01132515724748373,0.7124431133270264,0.6017487645149231,-0.04987015202641487,0.7493675947189331,0.5737891793251038,-0.05342920869588852,0.776432991027832,0.5422197580337524,-0.04451652616262436,PAPER
sample_02_0125.jpg,0,0.6688746809959412,0.5423782467842102,-1.7125034901255276e-07,0.6274520754814148,0.4175896644592285,-0.01805480197072029,0.5509701371192932,0.3323945105075836,-0.026526859030127525,0.48197683691978455,0.3550862967967987,-0.03641590476036072,0.448442280292511,0.4473079442977905,-0.03858255594968796,0.4872383773326874,0.35181179642677307,0.00244224164634943,0.4185665547847748,0.3543935716152191,-0.033964455127716064,0.48255935311317444,0.3850412666797638,-0.054051317274570465,0.5107576251029968,0.3819068968296051,-0.063266821205616,0.48350682854652405,0.43411368131637573,-0.0030573878902941942,0.42780280113220215,0.44825005531311035,-0.03408634662628174,0.5026923418045044,0.4579612612724304,-0.035249341279268265,0.5160493850708008,0.43456360697746277,-0.030699096620082855,0.4870379865169525,0.5164660811424255,-0.015752693638205528,0.4329529404640198,0.5295034646987915,-0.04707590863108635,0.5040528178215027,0.5268462896347046,-0.032058607786893845,0.5240035057067871,0.5050003528594971,-0.01507867593318224,0.49466782808303833,0.5950822234153748,-0.030796213075518608,0.45422127842903137,0.601514458656311,-0.04580710828304291,0.4987123906612396,0.5917521119117737,-0.032616592943668365,0.5173504948616028,0.5756316781044006,-0.01931232213973999,PAPER
sample_02_0126.jpg,0,0.6667794585227966,0.5499320030212402,-2.303777932866069e-07,0.6310564875602722,0.4232666790485382,-0.022584348917007446,0.5546871423721313,0.33938464522361755,-0.03233810141682625,0.4831125736236572,0.36362653970718384,-0.04237385839223862,0.44812464714050293,0.45543617010116577,-0.04419006407260895,0.4880564510822296,0.3526853024959564,-0.0011576319811865687,0.4214635193347931,0.3505595922470093,-0.038708508014678955,0.48406121134757996,0.37848973274230957,-0.05992092937231064,0.5124226212501526,0.37740227580070496,-0.07006726413965225,0.4842556118965149,0.43555358052253723,-0.005144058261066675,0.4299764037132263,0.4468133747577667,-0.036596961319446564,0.5052716135978699,0.45914527773857117,-0.038449808955192566,0.5180224776268005,0.44038400053977966,-0.034823060035705566,0.4876137375831604,0.5188720226287842,-0.017034165561199188,0.4369429349899292,0.529630184173584,-0.04900205880403519,0.508620023727417,0.5269707441329956,-0.03545261546969414,0.5277129411697388,0.510014533996582,-0.01958663947880268,0.495709091424942,0.5980634689331055,-0.03180826082825661,0.46039852499961853,0.6014162302017212,-0.04748091101646423,0.5036547780036926,0.590040385723114,-0.03594570606946945,0.5199368000030518,0.5779030919075012,-0.024205222725868225,PAPER
sample_02_0127.jpg,0,0.6668402552604675,0.5413791537284851,-2.1527539217913727e-07,0.6291556358337402,0.41460126638412476,-0.022411242127418518,0.5545467138290405,0.33498549461364746,-0.03280453011393547,0.48428431153297424,0.3664828836917877,-0.04306091368198395,0.45214739441871643,0.4563066363334656,-0.04510493203997612,0.4889523983001709,0.3477799892425537,-0.0060925534926354885,0.4204641580581665,0.3576882481575012,-0.044616036117076874,0.4848654270172119,0.3857443928718567,-0.06565455347299576,0.5135828852653503,0.3770604729652405,-0.0759340301156044,0.4850395917892456,0.43211501836776733,-0.010078376159071922,0.4295659363269806,0.4549461603164673,-0.04139207303524017,0.5040633678436279,0.4661390781402588,-0.04154165834188461,0.5166777968406677,0.4403325021266937,-0.0375116728246212,0.48822662234306335,0.5156949758529663,-0.02168022096157074,0.4369930028915405,0.5359288454055786,-0.0532531701028347,0.5071730613708496,0.5337525606155396,-0.03794392943382263,0.5255623459815979,0.5080142021179199,-0.021594809368252754,0.4962990880012512,0.5949491262435913,-0.03614252805709839,0.4591251015663147,0.6081766486167908,-0.051393575966358185,0.5022332072257996,0.5962644815444946,-0.03897571191191673,0.5194153785705566,0.5769031643867493,-0.02690860442817211,PAPER
sample_02_0128.jpg,0,0.6712265610694885,0.5368091464042664,-2.398477079168515e-07,0.6303461194038391,0.41120776534080505,-0.02124582976102829,0.5559804439544678,0.3313590884208679,-0.029798779636621475,0.48520129919052124,0.3572332561016083,-0.0386299230158329,0.45286670327186584,0.4481702446937561,-0.03925975784659386,0.49039512872695923,0.34505367279052734,0.0015902648447081447,0.4238271415233612,0.35021722316741943,-0.03398814797401428,0.4853956401348114,0.3784995675086975,-0.05444306880235672,0.5126203894615173,0.37228766083717346,-0.06452427804470062,0.48677030205726624,0.42932018637657166,-0.0025069979019463062,0.43147534132003784,0.4475022852420807,-0.032297950237989426,0.5031298995018005,0.45806270837783813,-0.03386370837688446,0.5165517330169678,0.4362635910511017,-0.030586203560233116,0.49062198400497437,0.5129033327102661,-0.014348484575748444,0.43938925862312317,0.5290204286575317,-0.044467248022556305,0.5072247385978699,0.5258552432060242,-0.031078914180397987,0.5263422727584839,0.5048421621322632,-0.015916354954242706,0.49968889355659485,0.5919984579086304,-0.029055174440145493,0.46267130970954895,0.6008262038230896,-0.042960554361343384,0.5029655694961548,0.5893704891204834,-0.03122074343264103,0.5196382403373718,0.5735141634941101,-0.01968584582209587,PAPER
sample_02_0129.jpg,0,0.6714789271354675,0.5441842079162598,-1.2642107094507082e-07,0.6310902833938599,0.4161747395992279,-0.024478016421198845,0.555518388748169,0.3359488844871521,-0.03658098727464676,0.48487958312034607,0.363065242767334,-0.04914182797074318,0.447617769241333,0.45195040106773376,-0.05382861569523811,0.48767128586769104,0.348134845495224,-0.003843783400952816,0.4200047552585602,0.35664722323417664,-0.04312710836529732,0.4838501811027527,0.38603106141090393,-0.06489281356334686,0.5119727253913879,0.37866154313087463,-0.07545412331819534,0.4845687448978424,0.433582067489624,-0.007816499099135399,0.42958787083625793,0.456704318523407,-0.042650263756513596,0.5032963752746582,0.4625008702278137,-0.04551359638571739,0.5174717903137207,0.43564948439598083,-0.042231496423482895,0.4896388649940491,0.5204384326934814,-0.019824976101517677,0.43899405002593994,0.5391228795051575,-0.055488988757133484,0.5086042284965515,0.5329214334487915,-0.041932087391614914,0.5275955200195312,0.5069460272789001,-0.025545993819832802,0.49922654032707214,0.6016796827316284,-0.03465108573436737,0.4633094072341919,0.6118175983428955,-0.0525440089404583,0.506628692150116,0.5989682078361511,-0.04087837412953377,0.5235788822174072,0.578561007976532,-0.02856326848268509,PAPER
sample_02_0130.jpg,0,0.6682688593864441,0.2856372892856598,-1.8486385044980125e-07,0.6401610374450684,0.15778812766075134,-0.03122539445757866,0.5707306265830994,0.061858803033828735,-0.04415742680430412,0.49233490228652954,0.08210011571645737,-0.05487075820565224,0.4473036229610443,0.15935304760932922,-0.05721719563007355,0.4915441870689392,0.07925109565258026,-0.006194511894136667,0.4302460551261902,0.07194720208644867,-0.04351497441530228,0.4916565716266632,0.10211533308029175,-0.06434226781129837,0.5187539458274841,0.10599513351917267,-0.0738414078950882,0.4820076823234558,0.16395226120948792,-0.004777657799422741,0.4328954815864563,0.16929209232330322,-0.0381384938955307,0.5107068419456482,0.1859564632177353,-0.042685817927122116,0.522898256778717,0.17316192388534546,-0.03968077898025513,0.4815215468406677,0.24891453981399536,-0.011164205148816109,0.4356785714626312,0.25646665692329407,-0.045059386640787125,0.5075441598892212,0.25677627325057983,-0.03292722627520561,0.5239169597625732,0.2420903444290161,-0.017057782039046288,0.4855675995349884,0.3342498540878296,-0.020602485164999962,0.45122718811035156,0.3353118896484375,-0.03711557388305664,0.4956170320510864,0.32492706179618835,-0.025151362642645836,0.5103586912155151,0.31383034586906433,-0.012260043993592262,PAPER
sample_02_0130.jpg,1,0.6540740728378296,0.6973811388015747,7.681927627345431e-08,0.6242505311965942,0.768447756767273,-0.05797771364450455,0.573339581489563,0.7856330871582031,-0.08229903876781464,0.5220370292663574,0.7622765302658081,-0.09759926050901413,0.46829119324684143,0.7515064477920532,-0.11036711931228638,0.47595036029815674,0.7315511107444763,-0.05607447773218155,0.38558074831962585,0.7496356964111328,-0.08325528353452682,0.32870399951934814,0.7603198885917664,-0.10411785542964935,0.2837887704372406,0.771267294883728,-0.11758483946323395,0.4701411724090576,0.6831116676330566,-0.03819603845477104,0.37267130613327026,0.6994032263755798,-0.06217467039823532,0.3099677562713623,0.7198439240455627,-0.07880899310112,0.2647627592086792,0.7418913245201111,-0.0897115170955658,0.47420305013656616,0.650315523147583,-0.025700608268380165,0.38796237111091614,0.6629458665847778,-0.047101233154535294,0.3285614252090454,0.6859790682792664,-0.06244458258152008,0.2818010449409485,0.7055395245552063,-0.07187219709157944,0.4863493740558624,0.6264321208000183,-0.018249258399009705,0.4199754595756531,0.6306697130203247,-0.03710290044546127,0.3736453652381897,0.6477253437042236,-0.04800022393465042,0.33697548508644104,0.6651414632797241,-0.05447274446487427,PAPER
sample_02_0131.jpg,0,0.6592901349067688,0.5315964818000793,-3.5155633781869255e-07,0.6173492670059204,0.4110036790370941,-0.02501385286450386,0.5412948727607727,0.34260398149490356,-0.035916827619075775,0.4765913784503937,0.3632107377052307,-0.04662768170237541,0.4361383318901062,0.43534404039382935,-0.04875542223453522,0.47054874897003174,0.36167243123054504,-0.00975748524069786,0.40254586935043335,0.37541264295578003,-0.04917645826935768,0.46751880645751953,0.3934261202812195,-0.06869445741176605,0.4950891435146332,0.3783394694328308,-0.07730694115161896,0.47219645977020264,0.44201016426086426,-0.013668667525053024,0.41786888241767883,0.4672898054122925,-0.04836621135473251,0.4942874014377594,0.4662172198295593,-0.04859631508588791,0.5077555775642395,0.4379384219646454,-0.04384400323033333,0.4800334870815277,0.5218894481658936,-0.025469353422522545,0.43088552355766296,0.5460085868835449,-0.061966150999069214,0.5028267502784729,0.5322651267051697,-0.0468946136534214,0.5211005210876465,0.5014575719833374,-0.02953909896314144,0.49226874113082886,0.5969732999801636,-0.04017603024840355,0.45369768142700195,0.6132636070251465,-0.05885334685444832,0.49820828437805176,0.5928890705108643,-0.0461563803255558,0.5168948173522949,0.5744138956069946,-0.033131781965494156,PAPER
sample_02_0132.jpg,0,0.6450514793395996,0.3250429928302765,-1.9010052199064376e-07,0.6195880174636841,0.20475390553474426,-0.023986998945474625,0.5567203760147095,0.11071091890335083,-0.033055201172828674,0.4860388934612274,0.13361790776252747,-0.0407361276447773,0.44456058740615845,0.20875509083271027,-0.04186347872018814,0.47864001989364624,0.13820916414260864,-0.006764936726540327,0.42393726110458374,0.12883761525154114,-0.0394514761865139,0.4826588034629822,0.1518823653459549,-0.05676615610718727,0.5093637108802795,0.15593796968460083,-0.0648270845413208,0.4697352945804596,0.21827398240566254,-0.00834325049072504,0.4272943437099457,0.22046658396720886,-0.037287887185811996,0.5013245940208435,0.22939468920230865,-0.040429115295410156,0.5142399072647095,0.2213456630706787,-0.03778836503624916,0.4717671275138855,0.30098462104797363,-0.016272645443677902,0.432846337556839,0.30358415842056274,-0.04798341915011406,0.5019474625587463,0.29890793561935425,-0.03644842281937599,0.5162445306777954,0.28881242871284485,-0.021886885166168213,0.48034754395484924,0.3869364857673645,-0.026238227263092995,0.4495979845523834,0.3783099055290222,-0.04330650717020035,0.49287959933280945,0.36481326818466187,-0.03160173445940018,0.5057150721549988,0.3596532940864563,-0.01920962519943714,PAPER
sample_02_0132.jpg,1,0.6567384004592896,0.6808631420135498,8.23740435862419e-08,0.6319863200187683,0.7398858070373535,-0.05828535556793213,0.5829956531524658,0.7602571249008179,-0.08348721265792847,0.531082808971405,0.7389277219772339,-0.09935624152421951,0.47906824946403503,0.7199347019195557,-0.1125408485531807,0.4901989698410034,0.7039488554000854,-0.06013897433876991,0.40181201696395874,0.7208095788955688,-0.08956490457057953,0.34027597308158875,0.72858065366745,-0.1107909083366394,0.2922741174697876,0.7383112907409668,-0.12457779049873352,0.4808528423309326,0.6616969108581543,-0.04300211742520332,0.38438889384269714,0.682118833065033,-0.06975613534450531,0.3204571306705475,0.7013859152793884,-0.08677385747432709,0.27388519048690796,0.7244172096252441,-0.0975133627653122,0.4806526005268097,0.6330238580703735,-0.03108026832342148,0.39599406719207764,0.6536760926246643,-0.054868731647729874,0.33666181564331055,0.6788676381111145,-0.07019336521625519,0.2902425229549408,0.7027503848075867,-0.07912760972976685,0.4894067943096161,0.6140239834785461,-0.02421712316572666,0.42494699358940125,0.6232643127441406,-0.04552773758769035,0.3796917200088501,0.6387969851493835,-0.05761667340993881,0.3436158001422882,0.6563929319381714,-0.06429050117731094,PAPER
sample_02_0133.jpg,0,0.6446006298065186,0.37207284569740295,-2.105911391936388e-07,0.6174085736274719,0.255176842212677,-0.022363487631082535,0.554835855960846,0.17411170899868011,-0.03113277442753315,0.4866904616355896,0.2030305564403534,-0.03892721235752106,0.4465417265892029,0.2749372720718384,-0.040193937718868256,0.48140981793403625,0.1971178948879242,-0.007120040711015463,0.4228178858757019,0.1922507882118225,-0.040948767215013504,0.4797091484069824,0.2162860929965973,-0.058731283992528915,0.507017195224762,0.21688008308410645,-0.06664114445447922,0.47399458289146423,0.2732056975364685,-0.008725639432668686,0.42922326922416687,0.28160983324050903,-0.03816108778119087,0.5011683106422424,0.29115885496139526,-0.0404631607234478,0.5151402950286865,0.278605580329895,-0.03710974007844925,0.47560572624206543,0.34993183612823486,-0.016693979501724243,0.43449386954307556,0.36072438955307007,-0.04853825643658638,0.5025290250778198,0.35701650381088257,-0.0366317555308342,0.5197260975837708,0.34167546033859253,-0.021432284265756607,0.48312729597091675,0.42884206771850586,-0.026648225262761116,0.44996339082717896,0.4316089451313019,-0.043517980724573135,0.4922713041305542,0.4191039204597473,-0.03214498609304428,0.5075977444648743,0.41004741191864014,-0.019787926226854324,PAPER
sample_02_0133.jpg,1,0.6505967378616333,0.6952808499336243,1.2552190753467585e-07,0.6276016235351562,0.745055079460144,-0.057695172727108,0.5809520483016968,0.7613964080810547,-0.08320670574903488,0.5310329794883728,0.7412947416305542,-0.10057254135608673,0.4793094992637634,0.7158424258232117,-0.11521527916193008,0.48273205757141113,0.7067157626152039,-0.05348360911011696,0.39835745096206665,0.7227728962898254,-0.08312822878360748,0.33800873160362244,0.7289341688156128,-0.10502415895462036,0.29083579778671265,0.7352734208106995,-0.1195196732878685,0.4745970368385315,0.6670653820037842,-0.03815368562936783,0.38174906373023987,0.6835711002349854,-0.065663643181324,0.3191928267478943,0.6999955177307129,-0.08448387682437897,0.27248573303222656,0.7198086380958557,-0.096372090280056,0.4749726355075836,0.6398668885231018,-0.028546055778861046,0.39307308197021484,0.6547553539276123,-0.05364876240491867,0.3330722451210022,0.6786052584648132,-0.07037459313869476,0.28520166873931885,0.7012444138526917,-0.07981132715940475,0.48437583446502686,0.6212038397789001,-0.023997189477086067,0.41838398575782776,0.6285684704780579,-0.04598240181803703,0.3715243935585022,0.6444435119628906,-0.058365318924188614,0.3335872292518616,0.6637201309204102,-0.06510521471500397,PAPER
sample_02_0134.jpg,0,0.6598425507545471,0.520317792892456,-2.6543926878730417e-07,0.6233168244361877,0.4021230936050415,-0.029069043695926666,0.5487598180770874,0.33950114250183105,-0.04280957952141762,0.48417285084724426,0.36830955743789673,-0.055786147713661194,0.44680851697921753,0.443095862865448,-0.060521893203258514,0.4774167835712433,0.3569354712963104,-0.01638203300535679,0.41204774379730225,0.3764203190803528,-0.0561612993478775,0.47394824028015137,0.39243581891059875,-0.07533016800880432,0.5016022324562073,0.37599432468414307,-0.08389792591333389,0.4796307384967804,0.4401060938835144,-0.01864592917263508,0.4283146858215332,0.47231537103652954,-0.05618356913328171,0.5003238320350647,0.46594202518463135,-0.057869695127010345,0.5154232382774353,0.436542809009552,-0.053709130734205246,0.4886060357093811,0.5219259262084961,-0.0287603959441185,0.44215455651283264,0.5520218014717102,-0.06868523359298706,0.5103595852851868,0.5316508412361145,-0.05718626827001572,0.5302517414093018,0.49883997440338135,-0.04129171371459961,0.5018249154090881,0.5952249765396118,-0.04178573936223984,0.4675898551940918,0.6125097870826721,-0.0643179714679718,0.5084247589111328,0.5904388427734375,-0.05574167147278786,0.5257884860038757,0.5701780915260315,-0.04499560967087746,PAPER
sample_02_0135.jpg,0,0.6626193523406982,0.7002983689308167,4.48116210804983e-08,0.6315474510192871,0.7649388313293457,-0.05975538119673729,0.5799548029899597,0.7760921120643616,-0.08519521355628967,0.5265809297561646,0.7523114681243896,-0.10043542087078094,0.4697318971157074,0.7493231296539307,-0.11327046900987625,0.4824100136756897,0.7151203751564026,-0.062301140278577805,0.3889070749282837,0.7392319440841675,-0.08810223639011383,0.3316587209701538,0.7534605860710144,-0.10762445628643036,0.2855027914047241,0.7668803930282593,-0.12014617770910263,0.4761938452720642,0.6689557433128357,-0.04152830317616463,0.37424615025520325,0.6897081136703491,-0.0656442791223526,0.31107956171035767,0.711662232875824,-0.0818558782339096,0.2653505802154541,0.7368136048316956,-0.09271357208490372,0.47914376854896545,0.641055166721344,-0.025308459997177124,0.3894447684288025,0.6545456647872925,-0.04636655002832413,0.3316410183906555,0.6759629249572754,-0.06177712231874466,0.285932719707489,0.696821928024292,-0.07150451093912125,0.4880940914154053,0.6235434412956238,-0.013952352106571198,0.42113548517227173,0.6241391897201538,-0.030736465007066727,0.3777313828468323,0.6383171081542969,-0.04115210101008415,0.34333986043930054,0.6536635756492615,-0.048009905964136124,PAPER
sample_02_0135.jpg,1,0.6630101799964905,0.27946871519088745,-1.1884450401566937e-07,0.6445313692092896,0.15354923903942108,-0.020596696063876152,0.5881045460700989,0.05460222437977791,-0.02989385649561882,0.521600067615509,0.03954773768782616,-0.03950239717960358,0.47510629892349243,0.08448468893766403,-0.04483828693628311,0.5070666670799255,0.08141788095235825,-0.00487583177164197,0.4480910897254944,0.04846195504069328,-0.03458917886018753,0.4934425354003906,0.06231076642870903,-0.05178031325340271,0.5237752199172974,0.07807988673448563,-0.05952572077512741,0.4955855906009674,0.15807762742042542,-0.008320911787450314,0.4422518014907837,0.1291026920080185,-0.04043060913681984,0.5134674310684204,0.13995805382728577,-0.04881037026643753,0.5437929034233093,0.152740016579628,-0.04712377488613129,0.4942948520183563,0.2380867600440979,-0.016731491312384605,0.446848064661026,0.21163026988506317,-0.050860319286584854,0.5171170234680176,0.2078167349100113,-0.0442458838224411,0.5465900301933289,0.21585991978645325,-0.030665790662169456,0.5005684494972229,0.32464122772216797,-0.0266317930072546,0.46217846870422363,0.2883322238922119,-0.04996037110686302,0.5075132846832275,0.27461493015289307,-0.042988475412130356,0.5315455794334412,0.280820369720459,-0.03183002024888992,PAPER
sample_02_0136.jpg,0,0.673961341381073,0.48809871077537537,2.3938719095895067e-07,0.6453765630722046,0.37361472845077515,-0.04054117947816849,0.5792052745819092,0.3091370165348053,-0.05257496237754822,0.5239232182502747,0.37760013341903687,-0.06143917888402939,0.5064317584037781,0.48100849986076355,-0.07023654878139496,0.4833049774169922,0.3491331934928894,-0.03895562142133713,0.3947398066520691,0.3060165047645569,-0.05886562913656235,0.34146398305892944,0.286403089761734,-0.07163772732019424,0.292586088180542,0.26767921447753906,-0.08353614062070847,0.473479300737381,0.4471915364265442,-0.03874941170215607,0.38808393478393555,0.4860355257987976,-0.06568428128957748,0.33202290534973145,0.5172991752624512,-0.08509035408496857,0.28415095806121826,0.5401813387870789,-0.09876876324415207,0.4877852201461792,0.5282014608383179,-0.04244539514183998,0.43182462453842163,0.5770233273506165,-0.0841195210814476,0.465960830450058,0.5646323561668396,-0.0999269038438797,0.4943590462207794,0.5468853712081909,-0.10201994329690933,0.5168080925941467,0.5900135636329651,-0.04915197193622589,0.47307583689689636,0.6238588690757751,-0.08493597060441971,0.5020346641540527,0.6017588376998901,-0.09336007386445999,0.5358197689056396,0.5757647156715393,-0.09351618587970734,PAPER
sample_02_0137.jpg,0,0.6724423170089722,0.5044773817062378,2.539128161060944e-07,0.6416677236557007,0.38772961497306824,-0.04124024137854576,0.5773575901985168,0.33463460206985474,-0.05434046685695648,0.5218331217765808,0.40152037143707275,-0.06187639757990837,0.5006855130195618,0.49509191513061523,-0.07024680823087692,0.47585728764533997,0.37841445207595825,-0.03989233076572418,0.3881025016307831,0.35358935594558716,-0.05436192452907562,0.3316064476966858,0.3492872714996338,-0.06521320343017578,0.2813612222671509,0.33779364824295044,-0.07753147184848785,0.4677909016609192,0.4700655937194824,-0.03619927540421486,0.378509521484375,0.5243545174598694,-0.052944667637348175,0.3232796788215637,0.5671830773353577,-0.07112831622362137,0.27844685316085815,0.5872637629508972,-0.08743324130773544,0.48174020648002625,0.545852780342102,-0.036113936454057693,0.39542514085769653,0.606438398361206,-0.06370316445827484,0.34610527753829956,0.634345293045044,-0.08619523793458939,0.30473434925079346,0.6453666090965271,-0.1024305522441864,0.5124040842056274,0.6007185578346252,-0.03888716921210289,0.4620320796966553,0.6329286098480225,-0.06601232290267944,0.46669521927833557,0.6318121552467346,-0.07718634605407715,0.4781777560710907,0.6275646686553955,-0.08493852615356445,PAPER
sample_02_0138.jpg,0,0.6801947355270386,0.5108578205108643,1.569027716641358e-07,0.6499838829040527,0.38952013850212097,-0.04153428226709366,0.5843529105186462,0.3285019099712372,-0.05690116435289383,0.5268949866294861,0.3989623486995697,-0.06714986264705658,0.5066043138504028,0.5036277770996094,-0.07881945371627808,0.4817294478416443,0.3757440447807312,-0.04241010546684265,0.39370104670524597,0.36160147190093994,-0.05857444927096367,0.33705466985702515,0.3642893433570862,-0.07201780378818512,0.28544169664382935,0.3605826497077942,-0.08646367490291595,0.4715702533721924,0.4723065197467804,-0.03917442262172699,0.3842807412147522,0.5298166275024414,-0.057863157242536545,0.32840847969055176,0.5699887275695801,-0.07918564975261688,0.2828569710254669,0.5931735038757324,-0.09836956858634949,0.4825999438762665,0.553153395652771,-0.039372529834508896,0.39720654487609863,0.6222822666168213,-0.06488128751516342,0.3461555540561676,0.6460477113723755,-0.08810488879680634,0.3033028244972229,0.6554867029190063,-0.10560327023267746,0.5094655752182007,0.6145107746124268,-0.04270043969154358,0.4433836340904236,0.6619940996170044,-0.0667620450258255,0.41644006967544556,0.6785697937011719,-0.08050792664289474,0.3956838846206665,0.6841832399368286,-0.09154757857322693,PAPER
sample_02_0139.jpg,0,0.6754286289215088,0.5248311758041382,1.1817954970183564e-07,0.6469097137451172,0.3981592059135437,-0.04285365343093872,0.581773579120636,0.33332958817481995,-0.058200858533382416,0.5221942663192749,0.40333837270736694,-0.06842954456806183,0.500144898891449,0.5015456676483154,-0.07978121191263199,0.4790864884853363,0.3818361461162567,-0.04188167676329613,0.3916986882686615,0.37138161063194275,-0.05998534336686134,0.3358672261238098,0.37715229392051697,-0.07528681308031082,0.2848244309425354,0.37657999992370605,-0.09041298180818558,0.46771472692489624,0.4800565838813782,-0.03780943527817726,0.38117751479148865,0.5346180200576782,-0.05804263800382614,0.32610076665878296,0.5732436180114746,-0.08060459047555923,0.2808700501918793,0.5971779823303223,-0.10019050538539886,0.4765256941318512,0.5628378391265869,-0.03760683909058571,0.39373159408569336,0.6284003853797913,-0.06266487389802933,0.34072691202163696,0.6528394818305969,-0.08668742328882217,0.29601970314979553,0.6652241945266724,-0.10446428507566452,0.5016092658042908,0.6275205016136169,-0.04089529439806938,0.43402308225631714,0.6754443645477295,-0.06347907334566116,0.392774760723114,0.6986556649208069,-0.07836801558732986,0.3564348518848419,0.712822437286377,-0.0904218778014183,PAPER
sample_02_0140.jpg,0,0.6697030663490295,0.5171111822128296,1.765948383081195e-07,0.6372648477554321,0.399124413728714,-0.04145118221640587,0.5698856115341187,0.34817472100257874,-0.054200220853090286,0.5155583620071411,0.41739121079444885,-0.0624299980700016,0.49188104271888733,0.5108981132507324,-0.07107843458652496,0.4728981554508209,0.386618047952652,-0.039082374423742294,0.38531294465065,0.37689828872680664,-0.05735272169113159,0.33013463020324707,0.3854528069496155,-0.07074649631977081,0.2792251706123352,0.38519933819770813,-0.0842875987291336,0.467431902885437,0.48295190930366516,-0.03776596114039421,0.3821576237678528,0.5388707518577576,-0.05911951884627342,0.3285594582557678,0.5809572339057922,-0.079005666077137,0.28400570154190063,0.6083142757415771,-0.09573717415332794,0.482992559671402,0.5646510124206543,-0.040968891233205795,0.41036248207092285,0.6296406984329224,-0.07630127668380737,0.39542755484580994,0.6353905200958252,-0.09867359697818756,0.37814265489578247,0.629656970500946,-0.11165200173854828,0.512463390827179,0.6233128309249878,-0.04713428393006325,0.46489110589027405,0.6592837572097778,-0.08160184323787689,0.4802190959453583,0.6445865035057068,-0.0953398197889328,0.49840056896209717,0.624686062335968,-0.1031731590628624,PAPER
sample_02_0141.jpg,0,0.6728411912918091,0.5175931453704834,1.013977666275423e-07,0.6404556035995483,0.40505436062812805,-0.045382797718048096,0.5703139305114746,0.3611908555030823,-0.05767353996634483,0.5181689262390137,0.42986568808555603,-0.06438051909208298,0.4968353509902954,0.5240490436553955,-0.07071030139923096,0.4732719361782074,0.39892399311065674,-0.037606023252010345,0.38661453127861023,0.3953671455383301,-0.05592342093586922,0.33343076705932617,0.41027095913887024,-0.0691433846950531,0.28254640102386475,0.41652125120162964,-0.08199756592512131,0.468459814786911,0.4901413321495056,-0.03387237712740898,0.3828478157520294,0.5553019642829895,-0.054369088262319565,0.33070337772369385,0.6074541211128235,-0.07279164344072342,0.2867966592311859,0.6423934698104858,-0.08751673996448517,0.48347562551498413,0.569361686706543,-0.03557434678077698,0.4187299311161041,0.6364973783493042,-0.07275137305259705,0.418512761592865,0.6372084021568298,-0.09381646662950516,0.4108557403087616,0.6233828067779541,-0.10336514562368393,0.5116730332374573,0.6247490644454956,-0.04062353074550629,0.46461930871009827,0.661231517791748,-0.07522983103990555,0.48620256781578064,0.6424801349639893,-0.0867067202925682,0.5096169710159302,0.6185719966888428,-0.09145921468734741,PAPER
sample_02_0142.jpg,0,0.6717172861099243,0.5126152038574219,1.4945302950764017e-07,0.6389638781547546,0.4017956256866455,-0.04395298287272453,0.5708436965942383,0.3595590591430664,-0.0585135854780674,0.5184580087661743,0.4296346604824066,-0.06789014488458633,0.49537941813468933,0.5238029956817627,-0.07761402428150177,0.47315001487731934,0.39929890632629395,-0.03725665807723999,0.38774511218070984,0.4002680778503418,-0.054779328405857086,0.3343963921070099,0.4170737564563751,-0.06904701143503189,0.28353291749954224,0.424331933259964,-0.08350208401679993,0.4696526825428009,0.4897801876068115,-0.03422408550977707,0.3843734562397003,0.5550563335418701,-0.052974846214056015,0.33203160762786865,0.6039792895317078,-0.0718429759144783,0.2867570221424103,0.634701669216156,-0.08825565129518509,0.48522114753723145,0.5682187080383301,-0.03620000556111336,0.4115528166294098,0.6326922178268433,-0.06816568970680237,0.39094680547714233,0.6416592597961426,-0.08786150068044662,0.36652570962905884,0.6362172961235046,-0.09969156235456467,0.5124634504318237,0.6232801079750061,-0.0416414774954319,0.46274232864379883,0.6589621305465698,-0.07285571843385696,0.4722321927547455,0.650637686252594,-0.08354569971561432,0.4823720455169678,0.6351267099380493,-0.0896119624376297,PAPER
sample_02_0143.jpg,0,0.6627110838890076,0.3221154808998108,-2.1652620318945992e-07,0.6453503966331482,0.1997719705104828,-0.023292668163776398,0.5911201238632202,0.10346857458353043,-0.034418124705553055,0.5307193398475647,0.06649519503116608,-0.04635705053806305,0.47896891832351685,0.0888979583978653,-0.05379525572061539,0.5035443902015686,0.12917500734329224,-0.009990681894123554,0.4388815462589264,0.09911762923002243,-0.049912165850400925,0.48860472440719604,0.12596555054187775,-0.0715693011879921,0.5283214449882507,0.15147870779037476,-0.07893580198287964,0.4929262101650238,0.20763838291168213,-0.013275502249598503,0.4276241064071655,0.18456853926181793,-0.054045263677835464,0.49570441246032715,0.20230600237846375,-0.0650159940123558,0.5332233905792236,0.21120361983776093,-0.06298241764307022,0.49289628863334656,0.2885608971118927,-0.02232365310192108,0.43935641646385193,0.269162118434906,-0.06363514810800552,0.5080323219299316,0.273959219455719,-0.05654198303818703,0.543036162853241,0.2786504626274109,-0.04037557169795036,0.5007182359695435,0.3734018802642822,-0.033247724175453186,0.45823436975479126,0.3529675602912903,-0.06066232919692993,0.5036211609840393,0.34183642268180847,-0.0537320077419281,0.5321609973907471,0.3416421413421631,-0.04098429158329964,PAPER
sample_02_0143.jpg,1,0.6610627174377441,0.6759781241416931,1.0365182134819406e-07,0.6338164806365967,0.7393305897712708,-0.06360036879777908,0.5835419297218323,0.7541237473487854,-0.08856100589036942,0.5292550325393677,0.7286727428436279,-0.10288626700639725,0.47351524233818054,0.7116996645927429,-0.1146024540066719,0.4855697751045227,0.714425802230835,-0.06091943383216858,0.39943769574165344,0.7343320846557617,-0.08887610584497452,0.3404110372066498,0.7420242428779602,-0.11018874496221542,0.293994277715683,0.7497593760490417,-0.12447858601808548,0.4761960208415985,0.66609787940979,-0.040215764194726944,0.38164860010147095,0.6835802793502808,-0.06398598849773407,0.3194425106048584,0.7006165385246277,-0.08067861199378967,0.27416521310806274,0.7215458154678345,-0.09218746423721313,0.4767804741859436,0.6321297287940979,-0.025430426001548767,0.3936471939086914,0.6475889682769775,-0.046841733157634735,0.33630606532096863,0.6690353751182556,-0.06321477144956589,0.28981977701187134,0.6878255009651184,-0.07392919808626175,0.48639586567878723,0.6095680594444275,-0.016287706792354584,0.42172712087631226,0.6164977550506592,-0.036340195685625076,0.37796422839164734,0.6319781541824341,-0.049413081258535385,0.3420577049255371,0.6468051075935364,-0.05782322213053703,PAPER
sample_02_0144.jpg,0,0.6132867932319641,0.48620617389678955,-1.6690802340235678e-07,0.6081104278564453,0.35091689229011536,-0.022059066221117973,0.5399093627929688,0.25046515464782715,-0.027114763855934143,0.46591612696647644,0.2852599620819092,-0.030905473977327347,0.4403828978538513,0.38770797848701477,-0.027920886874198914,0.4621597230434418,0.28936508297920227,-0.00781065970659256,0.4093318581581116,0.29222333431243896,-0.03988869488239288,0.46757736802101135,0.32076409459114075,-0.05656608194112778,0.49217069149017334,0.31906676292419434,-0.06571504473686218,0.46066224575042725,0.3749537169933319,-0.012097003869712353,0.4186535179615021,0.3805069029331207,-0.04162424057722092,0.4922412037849426,0.3869347870349884,-0.043967392295598984,0.5033425092697144,0.3667166829109192,-0.040839456021785736,0.46830812096595764,0.45778000354766846,-0.022940725088119507,0.43564820289611816,0.46421149373054504,-0.05697374418377876,0.5051804780960083,0.45643335580825806,-0.04696783050894737,0.516370415687561,0.43148091435432434,-0.033309850841760635,0.4804031550884247,0.5353018641471863,-0.035850975662469864,0.4612598121166229,0.5306194424629211,-0.054959025233983994,0.5045645833015442,0.5190626382827759,-0.04595332592725754,0.5115911364555359,0.5088046193122864,-0.03628693148493767,PAPER
sample_02_0144.jpg,1,0.49031853675842285,0.6387052536010742,-8.827700526126137e-08,0.4744179844856262,0.639584481716156,-0.027263332158327103,0.4449205994606018,0.643679678440094,-0.045676007866859436,0.4118921458721161,0.6555824875831604,-0.05923078954219818,0.38273733854293823,0.6590458154678345,-0.0727531686425209,0.4139787256717682,0.6133993268013,-0.049746323376894,0.35572564601898193,0.6326979994773865,-0.07292366027832031,0.31954050064086914,0.6578565835952759,-0.08676522225141525,0.2942587435245514,0.680688202381134,-0.095120370388031,0.40810179710388184,0.593158483505249,-0.04385824501514435,0.337058424949646,0.6068468689918518,-0.06943124532699585,0.3020244240760803,0.6403501033782959,-0.08196251094341278,0.2787250876426697,0.6726453304290771,-0.08879672735929489,0.40543532371520996,0.5863661766052246,-0.03842603415250778,0.3421429395675659,0.606462836265564,-0.06026818975806236,0.3069305419921875,0.6390323042869568,-0.06870002299547195,0.283523827791214,0.6696028113365173,-0.0722765102982521,0.40601712465286255,0.5887562036514282,-0.03420289605855942,0.35874253511428833,0.6134764552116394,-0.05108562856912613,0.3297487497329712,0.6413608193397522,-0.057346075773239136,0.30854612588882446,0.6678939461708069,-0.06027203053236008,PAPER
sample_02_0145.jpg,0,0.6310698986053467,0.4699952006340027,-1.783297278734608e-07,0.6125249266624451,0.3402917683124542,-0.02309034951031208,0.5469290018081665,0.24750162661075592,-0.031467437744140625,0.4773534834384918,0.2743512690067291,-0.03921498730778694,0.4474863111972809,0.36205506324768066,-0.04027920961380005,0.4691210687160492,0.2839954197406769,-0.007773605640977621,0.4104032516479492,0.2875727415084839,-0.04255310446023941,0.46863263845443726,0.30933940410614014,-0.059341076761484146,0.497995525598526,0.3050610423088074,-0.06699640303850174,0.4681214988231659,0.369663804769516,-0.011736271902918816,0.4180753827095032,0.3806905746459961,-0.047314584255218506,0.49213528633117676,0.3826574981212616,-0.05088161677122116,0.5123512744903564,0.36483854055404663,-0.046179138123989105,0.47590190172195435,0.4535515308380127,-0.022224243730306625,0.4392613172531128,0.4631175994873047,-0.06224355474114418,0.509472131729126,0.45123374462127686,-0.05299665406346321,0.5295350551605225,0.43072348833084106,-0.03706247732043266,0.4890359044075012,0.5333539247512817,-0.034516721963882446,0.46786704659461975,0.5298268795013428,-0.059011783450841904,0.5124581456184387,0.5153876543045044,-0.051534365862607956,0.5265159010887146,0.5037658214569092,-0.04044075682759285,PAPER
sample_02_0145.jpg,1,0.49767449498176575,0.6359549164772034,-2.395134117705311e-07,0.4710214138031006,0.6072351932525635,0.011125023476779461,0.42875826358795166,0.6041476726531982,0.009569567628204823,0.39174753427505493,0.617639422416687,0.005402633920311928,0.362519234418869,0.632010281085968,-0.0006834166124463081,0.41585272550582886,0.5745372176170349,-0.012076769024133682,0.3539808392524719,0.5985496044158936,-0.0259756650775671,0.3151555359363556,0.6320643424987793,-0.03294011577963829,0.28851932287216187,0.6616834998130798,-0.03672868758440018,0.41352444887161255,0.5732091069221497,-0.02552022598683834,0.34036439657211304,0.5991736054420471,-0.04464486241340637,0.29777607321739197,0.6375676989555359,-0.052487563341856,0.27141112089157104,0.6777100563049316,-0.05612044408917427,0.41236719489097595,0.5885854363441467,-0.03686130791902542,0.34348800778388977,0.6173830032348633,-0.053338054567575455,0.3031249940395355,0.6537823677062988,-0.05515524372458458,0.2769067585468292,0.684687614440918,-0.05436713248491287,0.413164347410202,0.6148491501808167,-0.04645167291164398,0.3588651120662689,0.6479874849319458,-0.06223437935113907,0.3279756009578705,0.6739957332611084,-0.06470939517021179,0.3038060665130615,0.6961327791213989,-0.0640377476811409,PAPER
sample_02_0146.jpg,0,0.6732019186019897,0.4681156873703003,1.605201731535999e-07,0.6462960839271545,0.31435734033584595,-0.034488245844841,0.5940425992012024,0.18777242302894592,-0.045719776302576065,0.5495855212211609,0.08523660898208618,-0.05556732788681984,0.5304266214370728,-0.006171196699142456,-0.06730194389820099,0.4914782643318176,0.2973361611366272,-0.03161335363984108,0.4072263240814209,0.2450041025876999,-0.05248373746871948,0.3544807732105255,0.2165404111146927,-0.07095523923635483,0.3060753643512726,0.190215066075325,-0.08792227506637573,0.48202353715896606,0.38914480805397034,-0.03415433317422867,0.3903915584087372,0.393768310546875,-0.05787304416298866,0.33126068115234375,0.3943692445755005,-0.08269456028938293,0.2786463797092438,0.39211970567703247,-0.10374618321657181,0.49482348561286926,0.4758867025375366,-0.040283843874931335,0.4096304178237915,0.49479347467422485,-0.06826905161142349,0.35594239830970764,0.5051276683807373,-0.09023557603359222,0.3071245551109314,0.5115038156509399,-0.1068621426820755,0.5238759517669678,0.554558515548706,-0.049516305327415466,0.4629109501838684,0.5998905301094055,-0.07756669074296951,0.42365217208862305,0.6305283308029175,-0.09240712225437164,0.38667452335357666,0.6545448899269104,-0.10282721370458603,PAPER
sample_02_0147.jpg,0,0.6724777221679688,0.4916006922721863,2.6856869794755767e-07,0.6504156589508057,0.34839728474617004,-0.03833983838558197,0.5985168814659119,0.23034867644309998,-0.05463719367980957,0.5551372766494751,0.13549964129924774,-0.06913820654153824,0.5427873134613037,0.04136240482330322,-0.08552570641040802,0.4964146316051483,0.3401184678077698,-0.046553462743759155,0.41210806369781494,0.28017401695251465,-0.07231243699789047,0.3609221875667572,0.24392050504684448,-0.09153396636247635,0.31351637840270996,0.2134716808795929,-0.10807989537715912,0.48453280329704285,0.43149641156196594,-0.04787689074873924,0.38992443680763245,0.43101972341537476,-0.07673855125904083,0.32923173904418945,0.42567381262779236,-0.10102508217096329,0.2751613259315491,0.42167985439300537,-0.1209297776222229,0.4943805932998657,0.5144160985946655,-0.05246560648083687,0.4076809585094452,0.5388498306274414,-0.08416125178337097,0.3547045588493347,0.5493195056915283,-0.10340913385152817,0.3069012463092804,0.5549783110618591,-0.11696629226207733,0.5188459753990173,0.5873672962188721,-0.060497574508190155,0.45204222202301025,0.6196140050888062,-0.0906326025724411,0.40873274207115173,0.6418606042861938,-0.10514476895332336,0.3671354353427887,0.6589449644088745,-0.11480218917131424,PAPER
sample_02_0148.jpg,0,0.6690797209739685,0.49380844831466675,2.555964897510421e-07,0.6515722870826721,0.35321760177612305,-0.04284675046801567,0.6034359335899353,0.23027044534683228,-0.06062374636530876,0.5615153312683105,0.12633629143238068,-0.07554252445697784,0.5424562096595764,0.02921810746192932,-0.0918845385313034,0.49714863300323486,0.3235461711883545,-0.04916040226817131,0.41507744789123535,0.25225386023521423,-0.0749155804514885,0.3651518225669861,0.21006512641906738,-0.09485302865505219,0.3181304335594177,0.17280738055706024,-0.1124190241098404,0.4822905361652374,0.4138065576553345,-0.04867169260978699,0.3877493739128113,0.4062829613685608,-0.07754829525947571,0.32774868607521057,0.3974662721157074,-0.10238079726696014,0.274527907371521,0.38982993364334106,-0.12335403263568878,0.48996731638908386,0.5001096129417419,-0.051946207880973816,0.4025939404964447,0.5184229612350464,-0.08395583182573318,0.3486747145652771,0.5232818126678467,-0.10424518585205078,0.3002486526966095,0.5241311192512512,-0.11925262212753296,0.5134837627410889,0.5778960585594177,-0.05905778333544731,0.44542452692985535,0.6163516044616699,-0.09068139642477036,0.40003305673599243,0.6406421661376953,-0.10691238939762115,0.35651201009750366,0.6571916341781616,-0.1181032732129097,PAPER
sample_02_0149.jpg,0,0.6523882746696472,0.5203616619110107,1.998253935653338e-07,0.6268303394317627,0.4071207642555237,-0.04647073894739151,0.5731697678565979,0.3515040874481201,-0.06706304848194122,0.5129067897796631,0.4261552393436432,-0.0845029205083847,0.48372629284858704,0.5209206938743591,-0.10219648480415344,0.4763393700122833,0.37372681498527527,-0.05241675302386284,0.38231271505355835,0.316289484500885,-0.07709068059921265,0.33028918504714966,0.2819916605949402,-0.09207173436880112,0.28143900632858276,0.254204660654068,-0.10398340970277786,0.4613337814807892,0.4748568832874298,-0.04951257258653641,0.37806689739227295,0.5031477212905884,-0.08501893281936646,0.32195115089416504,0.5270498394966125,-0.107050821185112,0.27153754234313965,0.5468109846115112,-0.12104501575231552,0.46925458312034607,0.5591726899147034,-0.05061773955821991,0.417772501707077,0.6062158346176147,-0.09431813657283783,0.46128031611442566,0.6045459508895874,-0.10887058079242706,0.4936966598033905,0.5986332893371582,-0.10907193273305893,0.4886843264102936,0.6341696977615356,-0.05516695976257324,0.4216775894165039,0.6867185235023499,-0.08495169878005981,0.3946329951286316,0.7009246349334717,-0.09379632025957108,0.3726932108402252,0.7079501152038574,-0.0964798629283905,PAPER
sample_02_0150.jpg,0,0.6619685888290405,0.5273528695106506,1.4818503757396684e-07,0.6367725133895874,0.416263222694397,-0.048136256635189056,0.5837964415550232,0.34765541553497314,-0.06951858848333359,0.5279446244239807,0.4183143377304077,-0.08713045716285706,0.49883362650871277,0.5162228941917419,-0.10599159449338913,0.4753265082836151,0.39522838592529297,-0.053448814898729324,0.38211244344711304,0.3492685556411743,-0.0758979320526123,0.32694852352142334,0.3301124572753906,-0.09063555300235748,0.2739187180995941,0.3138274550437927,-0.10423644632101059,0.46226149797439575,0.4997144937515259,-0.04968423396348953,0.3811280131340027,0.554201066493988,-0.08390400558710098,0.329778790473938,0.5989022254943848,-0.10896293818950653,0.2836528420448303,0.6312566995620728,-0.12673580646514893,0.46816056966781616,0.5838909149169922,-0.0497853048145771,0.3999350666999817,0.6503538489341736,-0.08868051320314407,0.39506587386131287,0.6551232933998108,-0.10654368996620178,0.3871360421180725,0.6569424867630005,-0.11379081755876541,0.48609623312950134,0.6532094478607178,-0.05377456545829773,0.4063534736633301,0.7135114669799805,-0.08463586866855621,0.3559788763523102,0.740646481513977,-0.09846781939268112,0.3103170692920685,0.7557908296585083,-0.10633430629968643,PAPER
sample_02_0151.jpg,0,0.6597506999969482,0.5301730632781982,6.727564993980195e-08,0.6353192925453186,0.41705697774887085,-0.051080942153930664,0.5818521976470947,0.3585734963417053,-0.07471092790365219,0.5266361236572266,0.43463170528411865,-0.0949878841638565,0.4969722330570221,0.5240492820739746,-0.11651208251714706,0.4730364680290222,0.3955736458301544,-0.05554988980293274,0.3798729479312897,0.3619456887245178,-0.08067477494478226,0.32579609751701355,0.3435138165950775,-0.09663853049278259,0.27389922738075256,0.3297611474990845,-0.10922451317310333,0.46347635984420776,0.4972988963127136,-0.05198075994849205,0.3827481269836426,0.5601470470428467,-0.09358257800340652,0.3299051523208618,0.6135525703430176,-0.12033607065677643,0.282345712184906,0.659248948097229,-0.13585349917411804,0.4721841812133789,0.5816622972488403,-0.05262618139386177,0.4190922677516937,0.6539419889450073,-0.10259811580181122,0.4541870653629303,0.6534936428070068,-0.1199875995516777,0.4798012971878052,0.6479961276054382,-0.12065397948026657,0.4908505976200104,0.652545690536499,-0.05676833167672157,0.4159739017486572,0.7107753157615662,-0.08996794372797012,0.37011006474494934,0.7312352657318115,-0.10039591789245605,0.3264922499656677,0.7429152727127075,-0.10364387184381485,PAPER
sample_02_0152.jpg,0,0.6707020998001099,0.5230890512466431,1.0975016095926549e-07,0.643750011920929,0.41441795229911804,-0.04906637966632843,0.5905531644821167,0.3482915163040161,-0.07068835943937302,0.5354081988334656,0.42517250776290894,-0.08865969628095627,0.5050289630889893,0.5159474015235901,-0.10760904103517532,0.48131781816482544,0.3941566050052643,-0.050464507192373276,0.386987566947937,0.353260338306427,-0.07241830974817276,0.3312453031539917,0.3376525044441223,-0.08720707893371582,0.27766531705856323,0.3237968981266022,-0.10050666332244873,0.46813616156578064,0.4966251850128174,-0.04670024663209915,0.3867962956428528,0.5518195629119873,-0.08048150688409805,0.33573368191719055,0.6033887267112732,-0.10596967488527298,0.29125460982322693,0.6421636939048767,-0.12369786202907562,0.4727737307548523,0.5794726014137268,-0.04729713127017021,0.40489476919174194,0.6420237421989441,-0.08791583776473999,0.40522798895835876,0.6479631066322327,-0.10634422302246094,0.4024643003940582,0.6489608883857727,-0.11290339380502701,0.4883924722671509,0.6470381617546082,-0.05178159475326538,0.4075753688812256,0.7037855386734009,-0.08271826803684235,0.356183797121048,0.7297396659851074,-0.09587223827838898,0.30890214443206787,0.7434587478637695,-0.10297675430774689,PAPER
sample_02_0153.jpg,0,0.6688991785049438,0.5181172490119934,1.6164239013960469e-07,0.6428726315498352,0.41026434302330017,-0.05137094855308533,0.5916067361831665,0.34726768732070923,-0.07457611709833145,0.5371083617210388,0.4272450804710388,-0.09327548742294312,0.5105277895927429,0.521974503993988,-0.11301407963037491,0.4827624559402466,0.3937543034553528,-0.055071085691452026,0.3874213695526123,0.35489019751548767,-0.07731515169143677,0.3308969736099243,0.3390377163887024,-0.09231378883123398,0.2771950364112854,0.3253605365753174,-0.10587254166603088,0.4694923460483551,0.4963769316673279,-0.04988079518079758,0.3847271203994751,0.5499048233032227,-0.08305436372756958,0.33394840359687805,0.5995886325836182,-0.108505018055439,0.29113703966140747,0.6377289295196533,-0.12651358544826508,0.4734487235546112,0.5788571834564209,-0.04896705225110054,0.4026983380317688,0.6415547728538513,-0.08900351077318192,0.39632269740104675,0.6517819166183472,-0.10869801044464111,0.388824999332428,0.6568732261657715,-0.11643899232149124,0.4884324073791504,0.6430659294128418,-0.05204989016056061,0.4078499972820282,0.697602391242981,-0.08272162824869156,0.35778868198394775,0.7197176814079285,-0.09694433957338333,0.3119613528251648,0.7296686172485352,-0.10500407218933105,PAPER
sample_02_0154.jpg,0,0.666036069393158,0.522164523601532,9.097961140014377e-08,0.6436561942100525,0.41115763783454895,-0.0501328781247139,0.5915629267692566,0.3484397232532501,-0.07284300029277802,0.538914680480957,0.422698050737381,-0.09159106761217117,0.5137301087379456,0.5193982720375061,-0.11161138117313385,0.4798452854156494,0.38419151306152344,-0.05445468798279762,0.38930946588516235,0.3477306365966797,-0.07765058428049088,0.3338974714279175,0.3362422287464142,-0.09376860409975052,0.28075820207595825,0.32639390230178833,-0.10840538144111633,0.4661891460418701,0.48500773310661316,-0.05072164162993431,0.38485193252563477,0.5454316735267639,-0.08604136854410172,0.3338198661804199,0.5979591608047485,-0.11336424201726913,0.29025378823280334,0.6372267007827759,-0.13287204504013062,0.47076815366744995,0.5665527582168579,-0.05112048611044884,0.4026159644126892,0.6406699419021606,-0.09216645359992981,0.4019719064235687,0.6510071754455566,-0.1132587417960167,0.3997832238674164,0.6545850038528442,-0.12236151844263077,0.48818767070770264,0.6331286430358887,-0.055519185960292816,0.4091661870479584,0.6875919699668884,-0.08680634200572968,0.3572990298271179,0.7125571966171265,-0.10228904336690903,0.3094644248485565,0.7266463041305542,-0.11179794371128082,PAPER
sample_02_0155.jpg,0,0.01273210346698761,0.6081163287162781,9.923036969894383e-08,0.034843116998672485,0.4436228573322296,-0.018107324838638306,0.08331796526908875,0.3311655521392822,-0.03220920264720917,0.1399674415588379,0.2528513967990875,-0.04372364655137062,0.17251281440258026,0.18349304795265198,-0.05540572851896286,0.19671744108200073,0.42990076541900635,-0.0301347766071558,0.2865231931209564,0.3603333830833435,-0.043008580803871155,0.33891505002975464,0.3256537616252899,-0.04989255964756012,0.3805738687515259,0.3039173483848572,-0.05386221408843994,0.21314465999603271,0.5263189673423767,-0.027318106964230537,0.31870973110198975,0.4929913580417633,-0.042333249002695084,0.37923505902290344,0.4762389361858368,-0.04716489464044571,0.42263585329055786,0.4698590934276581,-0.04884757474064827,0.2094426453113556,0.6068505048751831,-0.025250788778066635,0.3027194142341614,0.5918645858764648,-0.037611693143844604,0.35897547006607056,0.5847041010856628,-0.04412597790360451,0.4010719656944275,0.5763433575630188,-0.04583838954567909,0.1934102177619934,0.6751581430435181,-0.023899827152490616,0.2712618410587311,0.6695148944854736,-0.026931729167699814,0.31556034088134766,0.66354900598526,-0.025256739929318428,0.3512260615825653,0.6589771509170532,-0.02250053361058235,PAPER
sample_02_0155.jpg,1,0.8364719152450562,0.43084368109703064,5.821915465276106e-07,0.8347173929214478,0.36615249514579773,-0.044424623250961304,0.7950490117073059,0.3585647940635681,-0.06871098279953003,0.7611048817634583,0.4329189658164978,-0.08861982077360153,0.7430374026298523,0.4973316192626953,-0.10874687135219574,0.7026970982551575,0.3765263557434082,-0.060904212296009064,0.62901771068573,0.4182242155075073,-0.10361164808273315,0.5795429348945618,0.4374828040599823,-0.13183045387268066,0.5353755950927734,0.45011648535728455,-0.14976385235786438,0.7024985551834106,0.4294685125350952,-0.061948053538799286,0.6249657273292542,0.46755731105804443,-0.10528644174337387,0.5778789520263672,0.4765860438346863,-0.1271274834871292,0.5336334705352783,0.4884045422077179,-0.1358407437801361,0.7198761105537415,0.4827931225299835,-0.06754070520401001,0.7093110680580139,0.5496830940246582,-0.12099548429250717,0.7640039324760437,0.5236273407936096,-0.12941494584083557,0.7957043051719666,0.4797120690345764,-0.12087173014879227,0.7480384111404419,0.5261894464492798,-0.07611672580242157,0.7476469278335571,0.57095867395401,-0.11843391507863998,0.7819865942001343,0.5386069416999817,-0.12091714143753052,0.8026431798934937,0.49841681122779846,-0.11357194930315018,PAPER
sample_02_0156.jpg,0,0.003236338496208191,0.6054325699806213,-6.09299011244957e-09,0.031505048274993896,0.44479966163635254,-0.00913732498884201,0.0828850269317627,0.3345072567462921,-0.018995758146047592,0.14105463027954102,0.25986918807029724,-0.02801818959414959,0.17234741151332855,0.18980622291564941,-0.03723372146487236,0.19314810633659363,0.42508745193481445,-0.02027077041566372,0.28932926058769226,0.3526879549026489,-0.030533334240317345,0.3408716320991516,0.3183734118938446,-0.035249918699264526,0.3791840076446533,0.2982533574104309,-0.036803774535655975,0.21095795929431915,0.5236145257949829,-0.020147839561104774,0.3221502900123596,0.48941004276275635,-0.030093885958194733,0.38224929571151733,0.477001428604126,-0.03156496584415436,0.4221832752227783,0.47563108801841736,-0.030897628515958786,0.20876118540763855,0.6108604669570923,-0.020300332456827164,0.3084488809108734,0.5959612727165222,-0.028043067082762718,0.361727237701416,0.5927075147628784,-0.029922278597950935,0.3997619152069092,0.5916057825088501,-0.028204085305333138,0.1932835429906845,0.685548722743988,-0.0206430833786726,0.27586206793785095,0.6944870352745056,-0.018583975732326508,0.3200973868370056,0.702256441116333,-0.012379967607557774,0.35514572262763977,0.7117294669151306,-0.006080179009586573,PAPER
sample_02_0156.jpg,1,0.8344753384590149,0.4601233899593353,5.64530523661233e-07,0.8277882933616638,0.3815220594406128,-0.04628170654177666,0.7923663854598999,0.3590534031391144,-0.06700913608074188,0.7625048160552979,0.44854822754859924,-0.08213336020708084,0.7396116852760315,0.5261744856834412,-0.0969325378537178,0.6965482234954834,0.3753814697265625,-0.05860774591565132,0.6259374618530273,0.34234336018562317,-0.0901380330324173,0.5804474949836731,0.3161894381046295,-0.11034175753593445,0.5389647483825684,0.29702258110046387,-0.1238221526145935,0.6967010498046875,0.45121249556541443,-0.05576539784669876,0.6198850274085999,0.48780888319015503,-0.0904742106795311,0.5692408680915833,0.5110709071159363,-0.10825467854738235,0.5236656069755554,0.5252580642700195,-0.1156722903251648,0.7158962488174438,0.5143197774887085,-0.057315193116664886,0.7110674381256104,0.5377801656723022,-0.10672995448112488,0.7615497708320618,0.5089339017868042,-0.11919154226779938,0.7879106998443604,0.4713006615638733,-0.11398503184318542,0.7462604641914368,0.5584148168563843,-0.06143983453512192,0.7449793815612793,0.5742136240005493,-0.10032179206609726,0.7802870273590088,0.533950686454773,-0.10379201173782349,0.8024654388427734,0.4924149215221405,-0.09757260978221893,PAPER
sample_02_0157.jpg,0,-0.007498249411582947,0.5972477197647095,-5.288269733227935e-08,0.02513734996318817,0.44088852405548096,-0.013400009833276272,0.07932011783123016,0.33173099160194397,-0.02561086229979992,0.13619202375411987,0.25770246982574463,-0.03715335205197334,0.16763953864574432,0.18721845746040344,-0.04965488985180855,0.1907791793346405,0.424932062625885,-0.023913398385047913,0.28452667593955994,0.35548731684684753,-0.03869801014661789,0.3362356722354889,0.3227415680885315,-0.04843191057443619,0.3763413429260254,0.30362197756767273,-0.053959012031555176,0.20564605295658112,0.5225198864936829,-0.02557387761771679,0.31544017791748047,0.48979026079177856,-0.03890613093972206,0.37732142210006714,0.47443342208862305,-0.044500090181827545,0.4200557768344879,0.46781986951828003,-0.047648657113313675,0.20063850283622742,0.6088226437568665,-0.02836749330163002,0.30114883184432983,0.5965521335601807,-0.041095539927482605,0.35708189010620117,0.5922678112983704,-0.04692668095231056,0.39734163880348206,0.59013432264328,-0.04828227683901787,0.1834409087896347,0.6858537793159485,-0.03182302415370941,0.267324298620224,0.697119951248169,-0.03726133704185486,0.3146948218345642,0.7053654193878174,-0.03549830988049507,0.3536640703678131,0.7140452265739441,-0.032348133623600006,PAPER
sample_02_0157.jpg,1,0.8249229788780212,0.4587133228778839,4.6081871118985873e-07,0.8240635395050049,0.3884328305721283,-0.04600442573428154,0.7913668155670166,0.37622854113578796,-0.0678374320268631,0.7569471597671509,0.4644443094730377,-0.0833502933382988,0.7317730188369751,0.5362544059753418,-0.09919501841068268,0.6968982815742493,0.3804839253425598,-0.05951077118515968,0.6241850256919861,0.3774167001247406,-0.09099701046943665,0.5752335786819458,0.37144267559051514,-0.113351970911026,0.532803475856781,0.3657551109790802,-0.12819916009902954,0.6917534470558167,0.44310134649276733,-0.054457731544971466,0.6196352243423462,0.4957773685455322,-0.08723238110542297,0.5698131918907166,0.5236513614654541,-0.10360395163297653,0.5271025896072388,0.5399231314659119,-0.11033417284488678,0.7064923644065857,0.49944525957107544,-0.05358348414301872,0.7035107016563416,0.5426176190376282,-0.09940215945243835,0.757167637348175,0.5244501829147339,-0.11063831299543381,0.7891854047775269,0.49227797985076904,-0.10592673718929291,0.7325399518013,0.5416257977485657,-0.055515140295028687,0.7346089482307434,0.5758264660835266,-0.09418360888957977,0.7680405974388123,0.5496610403060913,-0.09830769151449203,0.7895517945289612,0.5159346461296082,-0.09287741780281067,PAPER
sample_02_0158.jpg,0,-0.0048088133335113525,0.5972037315368652,1.0848524745199484e-08,0.02299363911151886,0.43543392419815063,-0.008706926368176937,0.0745638906955719,0.3235678970813751,-0.018678896129131317,0.13266673684120178,0.24809151887893677,-0.028056751936674118,0.16436082124710083,0.17874708771705627,-0.03787838667631149,0.18642500042915344,0.41578954458236694,-0.019933219999074936,0.2816096246242523,0.34519797563552856,-0.03141339123249054,0.3343029022216797,0.31099095940589905,-0.03773007169365883,0.37455013394355774,0.29045823216438293,-0.04074938967823982,0.20335395634174347,0.5144330859184265,-0.02103375270962715,0.3145025670528412,0.48203688859939575,-0.03235428035259247,0.37521713972091675,0.4691157937049866,-0.035593289881944656,0.4170469045639038,0.46684911847114563,-0.03650607913732529,0.1999155730009079,0.6018293499946594,-0.022487547248601913,0.30078110098838806,0.5863385200500488,-0.03181522712111473,0.35640111565589905,0.582490861415863,-0.035739898681640625,0.39675837755203247,0.5813760757446289,-0.0357920303940773,0.1834610402584076,0.6786089539527893,-0.024049030616879463,0.26725760102272034,0.6868948936462402,-0.02396678924560547,0.31277167797088623,0.6943301558494568,-0.019571702927350998,0.3494056761264801,0.7042356729507446,-0.014788576401770115,PAPER
sample_02_0159.jpg,0,-0.006304189562797546,0.5905863046646118,-3.96856378870325e-08,0.025384217500686646,0.4323151111602783,-0.008478340692818165,0.07932274043560028,0.3245851397514343,-0.01671423576772213,0.13586002588272095,0.25272855162620544,-0.0247963834553957,0.16655834019184113,0.1818048357963562,-0.03405755013227463,0.18952183425426483,0.4157446622848511,-0.016940582543611526,0.2824855148792267,0.3450952470302582,-0.027842992916703224,0.3340342342853546,0.31291335821151733,-0.035085178911685944,0.374128520488739,0.295327365398407,-0.03920433670282364,0.2054232358932495,0.5121806859970093,-0.019357653334736824,0.31516873836517334,0.47888585925102234,-0.029156316071748734,0.3762943148612976,0.46544134616851807,-0.0331486240029335,0.41834717988967896,0.46127402782440186,-0.03535809740424156,0.20052804052829742,0.5982680320739746,-0.02248172089457512,0.3002994954586029,0.5863901376724243,-0.03196525573730469,0.3551011085510254,0.5840745568275452,-0.036695029586553574,0.39504098892211914,0.5842153429985046,-0.037653855979442596,0.18283632397651672,0.6754679679870605,-0.02587476186454296,0.2652687430381775,0.6897339224815369,-0.02828090451657772,0.3110445737838745,0.7000790238380432,-0.025160668417811394,0.34868526458740234,0.7104626297950745,-0.02135111577808857,PAPER
sample_02_0159.jpg,1,0.8433213233947754,0.4699130952358246,5.260444595478475e-07,0.8358011245727539,0.38741350173950195,-0.045197002589702606,0.7974927425384521,0.3539397418498993,-0.06309232860803604,0.7653115391731262,0.4390488564968109,-0.07569850236177444,0.7472271919250488,0.5295754671096802,-0.08779878169298172,0.701132595539093,0.37211716175079346,-0.05789342522621155,0.6305717825889587,0.32411232590675354,-0.08634855598211288,0.5853447318077087,0.2898750305175781,-0.10260798782110214,0.5461674332618713,0.26163703203201294,-0.11358796805143356,0.6991320848464966,0.45533227920532227,-0.054629914462566376,0.6260440349578857,0.49296873807907104,-0.08908244222402573,0.5757189989089966,0.5146529674530029,-0.10732313245534897,0.532691478729248,0.5240409970283508,-0.11552902311086655,0.7168351411819458,0.5222609639167786,-0.05527752637863159,0.7113733291625977,0.5411252379417419,-0.10551957041025162,0.7585242986679077,0.5186324119567871,-0.1216374933719635,0.786891758441925,0.49149084091186523,-0.11913017928600311,0.746353268623352,0.5656383037567139,-0.05830677971243858,0.753680408000946,0.5706334710121155,-0.1008930504322052,0.7875847220420837,0.5325314402580261,-0.11048538982868195,0.8095206022262573,0.4992784261703491,-0.10808157920837402,PAPER
sample_02_0160.jpg,0,-0.0011022835969924927,0.6030009984970093,3.560473516017737e-08,0.026193037629127502,0.4411683976650238,-0.010644778609275818,0.07679346203804016,0.3280276656150818,-0.02141427807509899,0.134400874376297,0.25010523200035095,-0.03106565587222576,0.16745495796203613,0.17951732873916626,-0.04093009606003761,0.18940865993499756,0.4195083975791931,-0.02167792245745659,0.28435030579566956,0.3488784432411194,-0.03263473138213158,0.3358987271785736,0.314387708902359,-0.03829019144177437,0.37476348876953125,0.29277855157852173,-0.04074636846780777,0.2060859501361847,0.5181856155395508,-0.021801281720399857,0.31670424342155457,0.48589473962783813,-0.032787177711725235,0.3767174482345581,0.47234854102134705,-0.03587614744901657,0.4176434576511383,0.46962106227874756,-0.03671756386756897,0.20283997058868408,0.6048605442047119,-0.022414684295654297,0.303284615278244,0.5908367037773132,-0.03206229582428932,0.35887977480888367,0.5860320329666138,-0.03663725405931473,0.39917874336242676,0.5830467939376831,-0.03708238527178764,0.18693965673446655,0.6811168193817139,-0.023174311965703964,0.27007102966308594,0.6914023756980896,-0.02348828874528408,0.3149523138999939,0.6994419693946838,-0.019644690677523613,0.35130733251571655,0.7086406946182251,-0.015260525047779083,PAPER
sample_02_0161.jpg,0,-0.0041327327489852905,0.5992346405982971,1.4838081874302134e-08,0.025940582156181335,0.43934810161590576,-0.011303775943815708,0.07703527808189392,0.32656434178352356,-0.023041658103466034,0.13349996507167816,0.25155723094940186,-0.03375815227627754,0.16679301857948303,0.18342775106430054,-0.044783107936382294,0.1879366636276245,0.41919293999671936,-0.024368103593587875,0.28358060121536255,0.34880977869033813,-0.03682423010468483,0.33657270669937134,0.31618067622184753,-0.04325326532125473,0.3769226670265198,0.2976881265640259,-0.04635193198919296,0.20436279475688934,0.5171347856521606,-0.025289423763751984,0.316031277179718,0.4842371940612793,-0.03799314796924591,0.37743306159973145,0.47125524282455444,-0.04152862727642059,0.4191698431968689,0.46928495168685913,-0.04244433715939522,0.2010054588317871,0.6040012836456299,-0.026720233261585236,0.30319610238075256,0.5877426862716675,-0.037991903722286224,0.36091047525405884,0.5832070112228394,-0.042613737285137177,0.4025875926017761,0.5820744037628174,-0.04293818026781082,0.1847967505455017,0.6814473867416382,-0.028358550742268562,0.26827895641326904,0.6874305009841919,-0.03069925494492054,0.314156174659729,0.6925863027572632,-0.0271746926009655,0.35107338428497314,0.6999995112419128,-0.02269555628299713,PAPER
sample_02_0162.jpg,0,-0.010237261652946472,0.5975539088249207,-4.533390907113244e-08,0.022473976016044617,0.43684977293014526,-0.012143442407250404,0.07679928839206696,0.3271438181400299,-0.022966545075178146,0.1343558132648468,0.2532203197479248,-0.033058445900678635,0.1666935384273529,0.18255680799484253,-0.04387788102030754,0.18941105902194977,0.4215189218521118,-0.020786840468645096,0.2849077582359314,0.34919270873069763,-0.03310317546129227,0.336722731590271,0.31746339797973633,-0.04037981852889061,0.3764570951461792,0.3011544942855835,-0.044140394777059555,0.2047201544046402,0.5199458003044128,-0.02204553782939911,0.3164461851119995,0.4830645024776459,-0.03429634869098663,0.3782653510570526,0.46791547536849976,-0.03810795769095421,0.4195671081542969,0.4628750681877136,-0.03938963636755943,0.2000472992658615,0.607200562953949,-0.024403877556324005,0.301278293132782,0.5917876958847046,-0.03642741218209267,0.35710838437080383,0.5871590375900269,-0.040975455194711685,0.3971897065639496,0.5865402817726135,-0.040752511471509933,0.18274641036987305,0.6853814125061035,-0.027246983721852303,0.2682771384716034,0.6955158710479736,-0.03121594712138176,0.3154960870742798,0.7029935717582703,-0.02801099792122841,0.35395658016204834,0.7118630409240723,-0.023525528609752655,PAPER
sample_02_0162.jpg,1,0.8395811319351196,0.4688511788845062,5.334254638000857e-07,0.8328748941421509,0.39198431372642517,-0.0470983162522316,0.7959340810775757,0.36542224884033203,-0.06836363673210144,0.7650538086891174,0.4506227970123291,-0.08430381119251251,0.7450952529907227,0.5320142507553101,-0.10040215402841568,0.699613094329834,0.38410842418670654,-0.06174100935459137,0.626599133014679,0.3528035581111908,-0.09266221523284912,0.5795739889144897,0.3284637928009033,-0.11143539845943451,0.5376003980636597,0.31012803316116333,-0.12371374666690826,0.6981739401817322,0.46148481965065,-0.05833461880683899,0.6215337514877319,0.5028705596923828,-0.09445451945066452,0.5696026086807251,0.5281991958618164,-0.11334098875522614,0.5239551663398743,0.5441707372665405,-0.12130314111709595,0.7170105576515198,0.5251566171646118,-0.05873826518654823,0.7136718034744263,0.5505075454711914,-0.11026208102703094,0.7674242258071899,0.5242118835449219,-0.12474867701530457,0.8000183701515198,0.491462379693985,-0.12015696614980698,0.7467784285545349,0.5684608221054077,-0.06147225573658943,0.7479154467582703,0.5839407444000244,-0.1034914031624794,0.7853906154632568,0.5463343262672424,-0.10954655706882477,0.81158447265625,0.5076634883880615,-0.10425684601068497,PAPER
sample_02_0163.jpg,0,-0.00021408498287200928,0.6088548898696899,8.020420239063242e-08,0.031474947929382324,0.44622814655303955,-0.013511457480490208,0.08872716128826141,0.33780765533447266,-0.02485009841620922,0.1524839997291565,0.2637929916381836,-0.034686606377363205,0.1904526650905609,0.19535031914710999,-0.04455549269914627,0.19752508401870728,0.4438583254814148,-0.020788324996829033,0.29195019602775574,0.379303514957428,-0.031469862908124924,0.34442827105522156,0.35270678997039795,-0.03632957860827446,0.3836722671985626,0.33961644768714905,-0.03818681463599205,0.21132265031337738,0.542739748954773,-0.019550157710909843,0.31842127442359924,0.5165957808494568,-0.03146633878350258,0.37759238481521606,0.5084595680236816,-0.03379465267062187,0.4169047474861145,0.5082113742828369,-0.03301689028739929,0.2063015103340149,0.626053512096405,-0.019198235124349594,0.30289554595947266,0.6156075596809387,-0.03031078167259693,0.3587915897369385,0.6139006614685059,-0.03374365717172623,0.39882659912109375,0.6114189028739929,-0.03220345079898834,0.18829651176929474,0.6960440874099731,-0.019278114661574364,0.2688283622264862,0.7066729068756104,-0.02090790867805481,0.31369107961654663,0.7145915031433105,-0.016607383266091347,0.34855300188064575,0.7228355407714844,-0.011019454337656498,PAPER
sample_02_0163.jpg,1,0.8266209959983826,0.4468149244785309,5.471309805216151e-07,0.8210538625717163,0.37814730405807495,-0.043296147137880325,0.7814642190933228,0.3685790002346039,-0.06781497597694397,0.7517706751823425,0.45370858907699585,-0.08776751905679703,0.7325072884559631,0.5255439281463623,-0.10885678976774216,0.6920773386955261,0.3951547145843506,-0.06190421059727669,0.6183951497077942,0.430229514837265,-0.10020896047353745,0.5671578049659729,0.4436165690422058,-0.12822237610816956,0.5238136053085327,0.45192253589630127,-0.14705219864845276,0.6947838068008423,0.459439754486084,-0.06092674657702446,0.6204690933227539,0.5188616514205933,-0.10166974365711212,0.5744025707244873,0.5462484955787659,-0.12344927340745926,0.5363703966140747,0.568737804889679,-0.13330791890621185,0.7134432792663574,0.5143175721168518,-0.06347987800836563,0.7061905860900879,0.552443265914917,-0.11412562429904938,0.7619692087173462,0.5209590196609497,-0.1217586100101471,0.7942023277282715,0.4813840687274933,-0.11375322937965393,0.7409415245056152,0.5551037788391113,-0.0686434954404831,0.7423250675201416,0.5804885029792786,-0.10929719358682632,0.7808813452720642,0.5462164878845215,-0.10921618342399597,0.8040346503257751,0.5078157186508179,-0.10028184205293655,PAPER
sample_02_0164.jpg,0,0.01809963583946228,0.7052237391471863,-7.062813112135302e-10,0.09117075055837631,0.6406833529472351,0.0017785317031666636,0.16543284058570862,0.651358962059021,-0.005132460035383701,0.2150348573923111,0.6842560768127441,-0.01685039885342121,0.2618808150291443,0.7093508243560791,-0.03321129083633423,0.1891712248325348,0.7086314558982849,-0.03473823890089989,0.25433412194252014,0.7245318293571472,-0.07094813883304596,0.3035251200199127,0.7350900769233704,-0.09848316013813019,0.34334084391593933,0.7458993792533875,-0.12077219784259796,0.16977354884147644,0.7377583384513855,-0.06054506450891495,0.23807576298713684,0.7575658559799194,-0.10639045387506485,0.291961669921875,0.7576636672019958,-0.1415610909461975,0.34049516916275024,0.756528377532959,-0.16707517206668854,0.1406865417957306,0.7625972628593445,-0.08649542927742004,0.20352470874786377,0.773939847946167,-0.1313917487859726,0.2534053325653076,0.7692999243736267,-0.16473248600959778,0.2957872748374939,0.7627967000007629,-0.1876256912946701,0.10257061570882797,0.780834972858429,-0.11115244030952454,0.15087303519248962,0.783926248550415,-0.15709662437438965,0.19218669831752777,0.7754756808280945,-0.18735669553279877,0.2276415377855301,0.7680706977844238,-0.20921944081783295,PAPER
sample_02_0164.jpg,1,-0.02055215835571289,0.26183414459228516,-7.183126058407652e-07,0.020090162754058838,0.126421719789505,0.00759549718350172,0.07588456571102142,0.061672642827034,0.004966930951923132,0.1278388798236847,0.07106497883796692,0.0009655393660068512,0.152764230966568,0.11408627033233643,-0.0018048920901492238,0.1300378441810608,0.08247467875480652,-0.01444428414106369,0.18071523308753967,0.06754051148891449,-0.011617269366979599,0.15604694187641144,0.08274757862091064,-0.0006471094093285501,0.12846070528030396,0.09965379536151886,0.006774682551622391,0.14611181616783142,0.17863516509532928,-0.019914282485842705,0.19051912426948547,0.14561140537261963,-0.0114370658993721,0.16341881453990936,0.14984889328479767,-0.001462303102016449,0.1372094750404358,0.16666388511657715,0.0008559944690205157,0.15209777653217316,0.27167513966560364,-0.02252170629799366,0.1982066035270691,0.22243142127990723,-0.01578356884419918,0.17075218260288239,0.21908491849899292,-0.00651873042806983,0.14221158623695374,0.22944019734859467,-0.005102396942675114,0.15056681632995605,0.3546604514122009,-0.023832494392991066,0.19788065552711487,0.30572155117988586,-0.01818639226257801,0.17834101617336273,0.2916501760482788,-0.006896648555994034,0.15365849435329437,0.295482337474823,5.6874603615142405e-05,PAPER
sample_02_0165.jpg,0,0.812387228012085,0.5744951367378235,-2.2993210890831506e-08,0.7937683463096619,0.42876484990119934,-0.022332685068249702,0.7324569821357727,0.333250492811203,-0.027205128222703934,0.6739240884780884,0.35912346839904785,-0.03178844973444939,0.6645127534866333,0.471748948097229,-0.029058359563350677,0.6905038356781006,0.3685316741466522,0.003753003664314747,0.6323839426040649,0.3892878293991089,-0.02427966147661209,0.6731088161468506,0.42457062005996704,-0.04036257788538933,0.7002201676368713,0.4217841923236847,-0.048017844557762146,0.688178300857544,0.443824827671051,0.0009885132312774658,0.6495220065116882,0.4813796281814575,-0.02616773545742035,0.699015200138092,0.48183193802833557,-0.032569222152233124,0.7166752219200134,0.44675448536872864,-0.03135351464152336,0.6929233074188232,0.5164964199066162,-0.009028865955770016,0.6697443127632141,0.552634060382843,-0.037717949599027634,0.7160256505012512,0.5385377407073975,-0.038256969302892685,0.7304968237876892,0.49141308665275574,-0.031095508486032486,0.7043344378471375,0.5769731998443604,-0.021787263453006744,0.6962514519691467,0.5941988229751587,-0.031010478734970093,0.725399911403656,0.5803622007369995,-0.02591654472053051,0.7354238629341125,0.5539180636405945,-0.01968787983059883,PAPER
sample_02_0166.jpg,0,0.03394569456577301,0.703406035900116,1.9827676567274466e-07,0.08669938147068024,0.6382961273193359,-0.009290007874369621,0.16088685393333435,0.6432564854621887,-0.018064087256789207,0.2107173651456833,0.6728124618530273,-0.02782910317182541,0.2517290413379669,0.685964822769165,-0.04004755616188049,0.19269680976867676,0.704092264175415,-0.03537444770336151,0.25679200887680054,0.7190437912940979,-0.06654354929924011,0.3040226697921753,0.729494035243988,-0.08938155323266983,0.34254366159439087,0.7436571717262268,-0.10601929575204849,0.17954766750335693,0.7338962554931641,-0.04926995933055878,0.2463403046131134,0.7480501532554626,-0.08177266269922256,0.2993488013744354,0.7524707317352295,-0.10460206121206284,0.3455098867416382,0.7605230808258057,-0.12038155645132065,0.15317827463150024,0.7601499557495117,-0.06416403502225876,0.21712863445281982,0.7681844234466553,-0.09528892487287521,0.2654794752597809,0.7667480707168579,-0.11391039192676544,0.3063163757324219,0.7680946588516235,-0.12601186335086823,0.1168728694319725,0.7827779650688171,-0.07949802279472351,0.16524766385555267,0.7857125401496887,-0.11052003502845764,0.2045551985502243,0.7785018682479858,-0.12661361694335938,0.2390112429857254,0.7753797173500061,-0.13693930208683014,PAPER
sample_02_0166.jpg,1,-0.003419429063796997,0.3959916830062866,-7.566498538835731e-07,0.022319063544273376,0.24159565567970276,-0.0006122069898992777,0.07438687235116959,0.14833597838878632,-0.004349306225776672,0.1330944150686264,0.13436897099018097,-0.008300219662487507,0.16216492652893066,0.16745445132255554,-0.009807498194277287,0.15009281039237976,0.192147895693779,-0.013745216652750969,0.1997285932302475,0.16594922542572021,-0.013678740710020065,0.1707114428281784,0.17424774169921875,-0.006794787477701902,0.1386716663837433,0.19139991700649261,-0.0015754573978483677,0.1668846160173416,0.2906167805194855,-0.01473545003682375,0.202561154961586,0.24319064617156982,-0.007710564415901899,0.1738603413105011,0.2416825145483017,-2.1405008737929165e-05,0.14503303170204163,0.2608075737953186,0.0016282332362607121,0.17175410687923431,0.3814307153224945,-0.01433496829122305,0.2027277797460556,0.31999701261520386,-0.010159967467188835,0.17586104571819305,0.31463804841041565,-0.0037302651908248663,0.1464877724647522,0.32781630754470825,-0.0030141971074044704,0.17003858089447021,0.46182477474212646,-0.013736065477132797,0.1993837207555771,0.4053862690925598,-0.010471983812749386,0.17746296525001526,0.38667377829551697,-0.002674527233466506,0.15177761018276215,0.38982683420181274,0.0027350052259862423,PAPER
sample_02_0167.jpg,0,0.8273037075996399,0.5005830526351929,6.008388453437874e-08,0.8106294274330139,0.3594188094139099,-0.02119169570505619,0.7536543607711792,0.28026026487350464,-0.027567341923713684,0.697555661201477,0.31793054938316345,-0.03397761657834053,0.686953067779541,0.42406654357910156,-0.03382674232125282,0.7111114263534546,0.30704158544540405,0.0011329700937494636,0.6591140627861023,0.33970749378204346,-0.026719970628619194,0.6945896744728088,0.37191134691238403,-0.042466551065444946,0.7199052572250366,0.3653707802295685,-0.05035896971821785,0.7087873816490173,0.376156210899353,-0.002724287798628211,0.6728542447090149,0.4237406849861145,-0.03040493279695511,0.7195008397102356,0.4229876697063446,-0.037815891206264496,0.7373383045196533,0.3852149248123169,-0.037349533289670944,0.7134464979171753,0.44691628217697144,-0.013402064330875874,0.6906018257141113,0.48865801095962524,-0.04398549720644951,0.7357822060585022,0.47354626655578613,-0.04651975259184837,0.7516822218894958,0.4256685972213745,-0.04014631733298302,0.724946916103363,0.507285475730896,-0.026544813066720963,0.7202465534210205,0.5275104641914368,-0.039887093007564545,0.7467572093009949,0.5121480226516724,-0.03829071670770645,0.7550110816955566,0.4850212633609772,-0.03376800939440727,PAPER
sample_02_0168.jpg,0,0.022197425365447998,0.7211347222328186,1.1909938280041388e-07,0.08691486716270447,0.6488393545150757,-0.007358656730502844,0.16239403188228607,0.6533516049385071,-0.016486236825585365,0.21296626329421997,0.6877445578575134,-0.02771775983273983,0.2601609230041504,0.7022160291671753,-0.0427107997238636,0.18784263730049133,0.7082933783531189,-0.04286549240350723,0.2549772262573242,0.7272177934646606,-0.07972948998212814,0.30356720089912415,0.7386613488197327,-0.1072566956281662,0.34318211674690247,0.7509912848472595,-0.1284475028514862,0.1696142703294754,0.739223837852478,-0.06193976104259491,0.23996329307556152,0.7591904997825623,-0.10647571086883545,0.29545795917510986,0.7628020644187927,-0.13977499306201935,0.3473203778266907,0.7674838900566101,-0.16329683363437653,0.14176487922668457,0.7681623697280884,-0.08147375285625458,0.20585599541664124,0.7779367566108704,-0.12325824052095413,0.25565215945243835,0.7773251533508301,-0.15321283042430878,0.3000628352165222,0.7753525972366333,-0.17357392609119415,0.1048041582107544,0.794459879398346,-0.1006460189819336,0.15291446447372437,0.8023648858070374,-0.14229601621627808,0.19350236654281616,0.7976607084274292,-0.16876225173473358,0.230119988322258,0.7946828007698059,-0.18760055303573608,PAPER
sample_02_0168.jpg,1,0.8525888323783875,0.6295810341835022,2.656844060311414e-07,0.8366529941558838,0.6747406125068665,-0.06673605740070343,0.7985193133354187,0.6888275146484375,-0.09571468830108643,0.7558320760726929,0.6792145371437073,-0.1122378334403038,0.7114866375923157,0.6668789386749268,-0.12753374874591827,0.713293194770813,0.6621574759483337,-0.07689100503921509,0.6449377536773682,0.6640983819961548,-0.10398147255182266,0.5937044024467468,0.6689391136169434,-0.1241641640663147,0.5513232946395874,0.6731244921684265,-0.13804315030574799,0.7055630683898926,0.6246364712715149,-0.051619332283735275,0.6274756193161011,0.6395266056060791,-0.07652807235717773,0.5706433057785034,0.6578169465065002,-0.09555817395448685,0.525004506111145,0.6778964400291443,-0.10890522599220276,0.7068145871162415,0.5975428223609924,-0.029811613261699677,0.6392694711685181,0.6151499152183533,-0.051544297486543655,0.5870379209518433,0.6368982195854187,-0.06929992884397507,0.5460102558135986,0.6564694046974182,-0.08096814900636673,0.7144430875778198,0.5802373886108398,-0.012886717915534973,0.662357747554779,0.5963087677955627,-0.0317186638712883,0.6229515671730042,0.6138679385185242,-0.04434224218130112,0.5923503041267395,0.6293534636497498,-0.0526261068880558,PAPER
sample_02_0169.jpg,0,0.8359912037849426,0.505150556564331,-3.310131191369692e-08,0.8163406848907471,0.3727932870388031,-0.016140863299369812,0.7564932107925415,0.293412446975708,-0.017848068848252296,0.7021167278289795,0.31024131178855896,-0.02028343640267849,0.689020574092865,0.4055379033088684,-0.01628282107412815,0.7092161774635315,0.33422935009002686,0.006834645755589008,0.6558631062507629,0.3533894419670105,-0.015488050878047943,0.6936019659042358,0.36682823300361633,-0.02557150274515152,0.7174556851387024,0.36428576707839966,-0.029165280982851982,0.7111645340919495,0.4001920223236084,0.0034945853985846043,0.6802986264228821,0.424721360206604,-0.01776835508644581,0.7308851480484009,0.4190976619720459,-0.019929638132452965,0.7399897575378418,0.39461079239845276,-0.016651762649416924,0.7197614908218384,0.4648509919643402,-0.006029569078236818,0.6975130438804626,0.4836561381816864,-0.030901892110705376,0.7453304529190063,0.46881914138793945,-0.02826853096485138,0.7514944076538086,0.4404839873313904,-0.019887903705239296,0.7344133853912354,0.5240101218223572,-0.01758001558482647,0.7251094579696655,0.5268409252166748,-0.026789721101522446,0.752564549446106,0.5117188096046448,-0.021498410031199455,0.7555040121078491,0.4996471405029297,-0.015191146172583103,PAPER
sample_02_0170.jpg,0,0.014351814985275269,0.7403073310852051,-1.2288559059214776e-09,0.09217367321252823,0.6675780415534973,-0.005154547281563282,0.16541311144828796,0.6698443293571472,-0.01189377624541521,0.21464499831199646,0.7023245692253113,-0.022676056250929832,0.2601972222328186,0.7269673943519592,-0.03666078299283981,0.19549763202667236,0.7234213948249817,-0.026014747098088264,0.26334714889526367,0.743619441986084,-0.059178031980991364,0.30894672870635986,0.757899284362793,-0.08506318926811218,0.347478449344635,0.7736690044403076,-0.10589174181222916,0.17812897264957428,0.7541110515594482,-0.04618143290281296,0.2523670792579651,0.7733776569366455,-0.0889635682106018,0.30447977781295776,0.7791338562965393,-0.12375267595052719,0.35334312915802,0.7884860634803772,-0.14868608117103577,0.15109804272651672,0.7852342128753662,-0.06783322244882584,0.21744874119758606,0.7893701791763306,-0.11012905091047287,0.26534128189086914,0.7876303195953369,-0.14223593473434448,0.30707043409347534,0.7885754704475403,-0.16381989419460297,0.1134653389453888,0.8142342567443848,-0.08926130831241608,0.16331873834133148,0.8105955123901367,-0.13084016740322113,0.20348161458969116,0.8037262558937073,-0.15860849618911743,0.23948553204536438,0.8010778427124023,-0.17869585752487183,PAPER
sample_02_0170.jpg,1,0.8684996366500854,0.6204187870025635,2.5650115276221186e-07,0.8499601483345032,0.6703028678894043,-0.0791100412607193,0.8060289621353149,0.6800509095191956,-0.10996837168931961,0.7592676281929016,0.6640344262123108,-0.12458851933479309,0.7112085223197937,0.645431637763977,-0.13642047345638275,0.7239804267883301,0.639427125453949,-0.08865132182836533,0.6499072313308716,0.6444539427757263,-0.11530862003564835,0.5973332524299622,0.6491972804069519,-0.1341690868139267,0.5529344081878662,0.654712438583374,-0.14710184931755066,0.7140503525733948,0.6068670153617859,-0.055412065237760544,0.632905900478363,0.6182572245597839,-0.08008342236280441,0.5783426761627197,0.6331378221511841,-0.0962146520614624,0.5366783142089844,0.6533429622650146,-0.10754312574863434,0.7133898138999939,0.5856833457946777,-0.026987897232174873,0.645061194896698,0.5973624587059021,-0.048921555280685425,0.5960268974304199,0.6167196035385132,-0.06654950976371765,0.5569106340408325,0.633768618106842,-0.07831693440675735,0.7198749780654907,0.5726545453071594,-0.004598615225404501,0.6691731214523315,0.5825604796409607,-0.023963119834661484,0.6335316300392151,0.5980940461158752,-0.03888583183288574,0.6060693264007568,0.6114505529403687,-0.049228765070438385,PAPER
sample_02_0171.jpg,0,0.865719735622406,0.4861685037612915,1.3240107676892876e-08,0.8429380655288696,0.35560113191604614,-0.02552812360227108,0.7987188100814819,0.24802827835083008,-0.03676619380712509,0.7657210826873779,0.15841780602931976,-0.047531165182590485,0.7552700638771057,0.08141583204269409,-0.06029476597905159,0.7154812216758728,0.3451067805290222,-0.038247063755989075,0.6439762711524963,0.2923317551612854,-0.05721740797162056,0.600960910320282,0.26196521520614624,-0.07055597007274628,0.560015082359314,0.2359350621700287,-0.08333506435155869,0.7087811827659607,0.4213006794452667,-0.042615875601768494,0.6279428005218506,0.44365552067756653,-0.06909641623497009,0.5765108466148376,0.450104296207428,-0.08986397832632065,0.5307319760322571,0.4541739225387573,-0.10692466795444489,0.7197721600532532,0.4874971807003021,-0.048804979771375656,0.6492252349853516,0.5412957072257996,-0.07799097895622253,0.6021745204925537,0.5619715452194214,-0.09630776941776276,0.5603514909744263,0.5755860805511475,-0.10921841114759445,0.7435795664787292,0.5409755706787109,-0.057010140269994736,0.6861585974693298,0.5954229831695557,-0.08330036699771881,0.6450515389442444,0.6269448399543762,-0.09736674278974533,0.6053647994995117,0.6471812129020691,-0.10749438405036926,PAPER
sample_02_0171.jpg,1,-0.017610013484954834,0.6515780091285706,7.872205998182835e-08,0.013331040740013123,0.48429322242736816,-0.024195082485675812,0.06775934994220734,0.35803869366645813,-0.04343993961811066,0.11877642571926117,0.25865182280540466,-0.06045476347208023,0.14210167527198792,0.18040528893470764,-0.07822218537330627,0.1883542239665985,0.5019431710243225,-0.03279908373951912,0.2864536643028259,0.43513497710227966,-0.04894110932946205,0.3416000008583069,0.40526917576789856,-0.060534585267305374,0.3845662772655487,0.388884574174881,-0.06781445443630219,0.203070729970932,0.5995610952377319,-0.028447262942790985,0.3156096637248993,0.5677151083946228,-0.0408666767179966,0.38039523363113403,0.5541554689407349,-0.04666273295879364,0.42581138014793396,0.5503074526786804,-0.05075908079743385,0.19849392771720886,0.682205855846405,-0.02590862102806568,0.2975347340106964,0.6722488403320312,-0.035105977207422256,0.3548991084098816,0.6719071269035339,-0.04146859794855118,0.39725959300994873,0.6736365556716919,-0.044348813593387604,0.18081791698932648,0.7541717290878296,-0.02548125572502613,0.26217347383499146,0.7618848085403442,-0.029151661321520805,0.30868640542030334,0.7676260471343994,-0.028441280126571655,0.3469443917274475,0.7757298946380615,-0.026467232033610344,PAPER
sample_02_0172.jpg,0,0.8677359223365784,0.48861387372016907,1.7982053179821378e-08,0.845481276512146,0.3580937385559082,-0.02700662985444069,0.8007997274398804,0.24953529238700867,-0.040583886206150055,0.7686477899551392,0.1581929326057434,-0.05388099327683449,0.7567653059959412,0.07804732024669647,-0.06937416642904282,0.7179103493690491,0.34734010696411133,-0.04441177472472191,0.6437314748764038,0.29100996255874634,-0.06674639135599136,0.5996660590171814,0.2589353322982788,-0.08199962228536606,0.5588429570198059,0.23121501505374908,-0.09612982720136642,0.7123882174491882,0.42462992668151855,-0.05023195594549179,0.6270186305046082,0.4478921890258789,-0.07990206032991409,0.5748633742332458,0.45298469066619873,-0.10185345262289047,0.5285021066665649,0.4546903967857361,-0.1199350580573082,0.7251670360565186,0.4917390048503876,-0.05791490152478218,0.6502252221107483,0.5447282791137695,-0.08961115032434464,0.6006643176078796,0.5642667412757874,-0.10781623423099518,0.5559911131858826,0.5757516026496887,-0.1210600957274437,0.751222550868988,0.5453715324401855,-0.06781110167503357,0.6936561465263367,0.600448727607727,-0.09644336998462677,0.6521403789520264,0.6321065425872803,-0.11082512140274048,0.6106595993041992,0.6535574197769165,-0.12137901037931442,PAPER
sample_02_0172.jpg,1,-0.017407342791557312,0.640877366065979,6.358746418300143e-08,0.015636906027793884,0.47970905900001526,-0.02414202317595482,0.07163135707378387,0.3538416922092438,-0.044582564383745193,0.1206975132226944,0.25461545586586,-0.0632525235414505,0.14298167824745178,0.17544379830360413,-0.08343912661075592,0.1885235607624054,0.4954983592033386,-0.036258265376091,0.28766828775405884,0.42142462730407715,-0.05465763434767723,0.34316664934158325,0.39291560649871826,-0.0676002949476242,0.3861953616142273,0.3808826804161072,-0.07600131630897522,0.2037031650543213,0.5952730774879456,-0.0340888537466526,0.31947124004364014,0.5576927661895752,-0.04777633398771286,0.38457417488098145,0.5454155206680298,-0.05469105765223503,0.4294704496860504,0.5420340895652771,-0.06002124026417732,0.19816046953201294,0.6806140542030334,-0.0336485356092453,0.2999240756034851,0.6700735688209534,-0.04515501856803894,0.3576648533344269,0.6703155636787415,-0.052840739488601685,0.40052804350852966,0.6734147667884827,-0.05674939602613449,0.17814618349075317,0.7556553483009338,-0.03516356647014618,0.26260119676589966,0.766408383846283,-0.0421728640794754,0.31100115180015564,0.7741023302078247,-0.042717404663562775,0.3517058789730072,0.7831069827079773,-0.041484348475933075,PAPER
sample_02_0173.jpg,0,0.8683052062988281,0.49633777141571045,2.4208809179526725e-08,0.8485124111175537,0.36211690306663513,-0.027427898719906807,0.8029384613037109,0.2530897855758667,-0.04132481664419174,0.7703160047531128,0.1632550060749054,-0.05475391447544098,0.7584189176559448,0.08299365639686584,-0.07047024369239807,0.7181259393692017,0.3485953211784363,-0.04750353842973709,0.6442952156066895,0.2917267084121704,-0.0706363096833229,0.6003826856613159,0.2581719160079956,-0.0860140323638916,0.5593456625938416,0.22836244106292725,-0.10030634701251984,0.7121440172195435,0.426474392414093,-0.053210921585559845,0.6274887919425964,0.45065560936927795,-0.08393433690071106,0.5751684904098511,0.45534548163414,-0.10631806403398514,0.528195858001709,0.45525771379470825,-0.12467211484909058,0.7246809005737305,0.49427682161331177,-0.06062227487564087,0.6503326892852783,0.5466485023498535,-0.09342896193265915,0.6021071672439575,0.5657346844673157,-0.1126207709312439,0.5586907267570496,0.5770412683486938,-0.12634366750717163,0.7512742877006531,0.5480790734291077,-0.07016131281852722,0.6948574781417847,0.601256251335144,-0.09955081343650818,0.6550906896591187,0.6324876546859741,-0.11468667536973953,0.6157057285308838,0.65378338098526,-0.1257188618183136,PAPER
sample_02_0173.jpg,1,-0.018940404057502747,0.6367625594139099,1.0308422560001418e-07,0.011259570717811584,0.4690551161766052,-0.023000134155154228,0.06423185765743256,0.3445523679256439,-0.04233338311314583,0.1164989024400711,0.24353545904159546,-0.05942830443382263,0.1446285992860794,0.1691853106021881,-0.07697847485542297,0.19035150110721588,0.486147403717041,-0.03257999196648598,0.2873019576072693,0.4175381362438202,-0.04794405773282051,0.3420908451080322,0.38399556279182434,-0.058632299304008484,0.38610029220581055,0.3651718199253082,-0.0655781477689743,0.20458531379699707,0.584950864315033,-0.02828763797879219,0.3138192892074585,0.5469052791595459,-0.043015506118535995,0.3789476454257965,0.5305601954460144,-0.05044962838292122,0.42690399289131165,0.5260878205299377,-0.05528315156698227,0.19755218923091888,0.6675877571105957,-0.025233430787920952,0.2943895161151886,0.6607327461242676,-0.03667313978075981,0.352663516998291,0.6612606048583984,-0.04476267099380493,0.39669477939605713,0.6623545289039612,-0.04817202687263489,0.17657890915870667,0.7375949025154114,-0.023691833019256592,0.2572569251060486,0.7478571534156799,-0.027484606951475143,0.30443596839904785,0.7535922527313232,-0.027175072580575943,0.3426455855369568,0.7624644041061401,-0.025275791063904762,PAPER
sample_02_0174.jpg,0,0.805677056312561,0.5216680765151978,7.699445632169954e-07,0.8105161786079407,0.39415332674980164,-0.07597749680280685,0.7842372059822083,0.2806233763694763,-0.11985311657190323,0.7652686238288879,0.19251902401447296,-0.1545673906803131,0.7450788617134094,0.09295225143432617,-0.1903708279132843,0.6929803490638733,0.3600938618183136,-0.10105932503938675,0.6347500085830688,0.30616888403892517,-0.14490413665771484,0.5894565582275391,0.26318252086639404,-0.17069275677204132,0.5528234243392944,0.2388569861650467,-0.18765848875045776,0.6830141544342041,0.44924792647361755,-0.08644331246614456,0.6030921936035156,0.4644247591495514,-0.13135559856891632,0.5651742815971375,0.47225308418273926,-0.14392875134944916,0.5308763384819031,0.47643235325813293,-0.14931127429008484,0.6897234916687012,0.5262539386749268,-0.07904484122991562,0.6331658363342285,0.5458462834358215,-0.1313398778438568,0.6807343363761902,0.5358330011367798,-0.1349794715642929,0.7158504128456116,0.5181502103805542,-0.12874557077884674,0.7002847194671631,0.5816961526870728,-0.07786554098129272,0.6719468832015991,0.6115123629570007,-0.12484966963529587,0.7024092674255371,0.6042426824569702,-0.13544192910194397,0.7283113598823547,0.5827772617340088,-0.13706618547439575,PAPER
sample_02_0175.jpg,0,0.14157545566558838,0.600564181804657,-6.030860504324664e-07,0.17863163352012634,0.4694725573062897,0.012302054092288017,0.23503410816192627,0.4084528088569641,0.017739562317728996,0.2864670157432556,0.41816601157188416,0.0211657602339983,0.3058412969112396,0.4688895642757416,0.0266063641756773,0.2980867028236389,0.4555204510688782,0.007025058846920729,0.3388814926147461,0.44897890090942383,0.01885732263326645,0.3124566376209259,0.45284974575042725,0.0307784304022789,0.2855031490325928,0.458249032497406,0.03909514844417572,0.3010461628437042,0.5430002808570862,0.00254299258813262,0.3305568993091583,0.5249767899513245,0.01965140551328659,0.3084352910518646,0.5183675289154053,0.02715173363685608,0.2851564288139343,0.5208995938301086,0.028602788224816322,0.29417529702186584,0.6190775036811829,0.0010678007965907454,0.3243270516395569,0.5920941233634949,0.011632000096142292,0.30469101667404175,0.5852554440498352,0.0159777645021677,0.28002119064331055,0.5891052484512329,0.016045864671468735,0.28456589579582214,0.6804147958755493,0.0015210865531116724,0.3280813694000244,0.6820361018180847,0.01106690801680088,0.34086713194847107,0.6798434257507324,0.01996273547410965,0.34701666235923767,0.6799442768096924,0.025501307100057602,PAPER
sample_02_0176.jpg,0,0.10489317774772644,0.7108853459358215,7.08449121589183e-08,0.15177473425865173,0.6377196311950684,-0.0018698349595069885,0.21222282946109772,0.6271077990531921,-0.007441907189786434,0.2507036626338959,0.6410203576087952,-0.016878992319107056,0.2860608398914337,0.649274468421936,-0.028526052832603455,0.2577846944332123,0.6778833270072937,-0.016272712498903275,0.3207851052284241,0.6854108572006226,-0.04014093428850174,0.3610173761844635,0.6933215856552124,-0.05929078161716461,0.3940806984901428,0.7050814628601074,-0.07393717020750046,0.24963977932929993,0.7073654532432556,-0.03356247395277023,0.31920933723449707,0.7048086524009705,-0.06004587933421135,0.367960125207901,0.7047337293624878,-0.0829150527715683,0.41152486205101013,0.7113530039787292,-0.09940990060567856,0.23167960345745087,0.7355404496192932,-0.05206107348203659,0.29831987619400024,0.7334626913070679,-0.07735762000083923,0.34310081601142883,0.7344555258750916,-0.09655588120222092,0.3810667395591736,0.7391214370727539,-0.11015166342258453,0.20495110750198364,0.7630511522293091,-0.0707380399107933,0.25563955307006836,0.7578797340393066,-0.09588820487260818,0.2910185158252716,0.7499068379402161,-0.11039988696575165,0.321696400642395,0.7454532384872437,-0.12078268080949783,PAPER
sample_02_0176.jpg,1,0.8273527026176453,0.6803743839263916,1.6873495667368843e-07,0.805456817150116,0.7398298978805542,-0.045797210186719894,0.7663712501525879,0.752291202545166,-0.06667117774486542,0.7262210249900818,0.7414994239807129,-0.07928100973367691,0.689113199710846,0.7593780159950256,-0.09113671630620956,0.6956667900085449,0.7053297162055969,-0.05762483924627304,0.6267968416213989,0.7089712619781494,-0.07963424921035767,0.5806130170822144,0.7094059586524963,-0.0947771817445755,0.5425963997840881,0.7099044322967529,-0.104856938123703,0.6901487112045288,0.6700118184089661,-0.04264411702752113,0.6173304915428162,0.6797641515731812,-0.06507961452007294,0.5678412318229675,0.692773699760437,-0.07909310609102249,0.5291498303413391,0.7059823274612427,-0.08840499818325043,0.692230761051178,0.6493634581565857,-0.030040407553315163,0.6288784146308899,0.6552287340164185,-0.05023425072431564,0.5838193893432617,0.6690738797187805,-0.06414557248353958,0.5482433438301086,0.6819607019424438,-0.07257343828678131,0.7000324726104736,0.6365658640861511,-0.020684372633695602,0.6518397927284241,0.6376545429229736,-0.03672521933913231,0.6183830499649048,0.6476859450340271,-0.046434756368398666,0.5923057794570923,0.6587395668029785,-0.052684709429740906,PAPER
sample_02_0177.jpg,0,0.1085812896490097,0.7057505249977112,9.639290254881416e-08,0.1646760255098343,0.6396599411964417,-0.0008697166340425611,0.2246028333902359,0.6306524276733398,-0.00743510015308857,0.2641822397708893,0.6384230256080627,-0.01816686987876892,0.30053281784057617,0.6456925272941589,-0.030430354177951813,0.2629222571849823,0.6815023422241211,-0.015350837260484695,0.32965168356895447,0.6897854804992676,-0.03933755308389664,0.37052905559539795,0.6963151693344116,-0.05655961111187935,0.4039907455444336,0.7070212960243225,-0.06969974935054779,0.2549154460430145,0.7080390453338623,-0.03275587782263756,0.326596736907959,0.7051026821136475,-0.06115005910396576,0.3746080696582794,0.7061206102371216,-0.0823507085442543,0.4170902669429779,0.714262068271637,-0.09703388065099716,0.23764030635356903,0.735281765460968,-0.0515192486345768,0.3080284297466278,0.7256870865821838,-0.07836310565471649,0.351318895816803,0.7260733842849731,-0.0949128270149231,0.38742369413375854,0.7315072417259216,-0.1058676689863205,0.21044433116912842,0.7647194862365723,-0.07046365737915039,0.26383519172668457,0.7583318948745728,-0.09629059582948685,0.2997947335243225,0.7523008584976196,-0.11047037690877914,0.33098098635673523,0.7500193119049072,-0.12031976878643036,PAPER
sample_02_0177.jpg,1,0.787087082862854,0.4179151952266693,-1.6022343629629177e-07,0.7655918598175049,0.31435874104499817,-0.01500670239329338,0.7153998017311096,0.25185975432395935,-0.019836580380797386,0.6632357239723206,0.24921835958957672,-0.02497839368879795,0.6380745768547058,0.29692190885543823,-0.025352653115987778,0.6625615358352661,0.28551438450813293,-0.0007844620849937201,0.6112502813339233,0.29205256700515747,-0.026177112013101578,0.653851330280304,0.30140194296836853,-0.038452692329883575,0.6796175241470337,0.2998862862586975,-0.04297284036874771,0.6653684973716736,0.344348669052124,-0.003629460232332349,0.622112512588501,0.35156533122062683,-0.028912289068102837,0.6764601469039917,0.34964972734451294,-0.03153303265571594,0.6929036974906921,0.33886072039604187,-0.027957608923316002,0.6734707951545715,0.40300098061561584,-0.011207419447600842,0.642555296421051,0.40694326162338257,-0.040265489369630814,0.6937876343727112,0.39745691418647766,-0.03307051584124565,0.7080205082893372,0.38519448041915894,-0.020679205656051636,0.6851955652236938,0.46181046962738037,-0.019955173134803772,0.6596361994743347,0.457322895526886,-0.037179768085479736,0.6938201189041138,0.44401952624320984,-0.030160855501890182,0.7082053422927856,0.4382435083389282,-0.02053266577422619,PAPER
sample_02_0178.jpg,0,0.10052664577960968,0.7562658786773682,-8.718438238020099e-08,0.17070826888084412,0.7130134105682373,0.04282288998365402,0.22163231670856476,0.6982359886169434,0.04802423343062401,0.25844788551330566,0.6850822567939758,0.04238509759306908,0.2952762246131897,0.6709352135658264,0.031164472922682762,0.2509239614009857,0.717944324016571,-0.007339287083595991,0.3087165057659149,0.7113746404647827,-0.03287125378847122,0.35134807229042053,0.7073632478713989,-0.050882842391729355,0.3843340277671814,0.7111638784408569,-0.06652133166790009,0.23724959790706635,0.734930157661438,-0.049194976687431335,0.30982717871665955,0.7133380174636841,-0.08853091299533844,0.36177438497543335,0.7057734727859497,-0.11629831045866013,0.4045381546020508,0.7073008418083191,-0.1379132866859436,0.21722456812858582,0.7503405809402466,-0.08680228143930435,0.2828989624977112,0.7337765693664551,-0.12391877919435501,0.3310074806213379,0.7253133654594421,-0.14967745542526245,0.3693627119064331,0.7203108668327332,-0.16931842267513275,0.19276440143585205,0.7636387944221497,-0.11894317716360092,0.2379610687494278,0.7505582571029663,-0.15808889269828796,0.2728031277656555,0.7362029552459717,-0.18308153748512268,0.302909791469574,0.7212167978286743,-0.20289760828018188,PAPER
sample_02_0179.jpg,0,0.7786732316017151,0.5627231597900391,-7.373824217893343e-08,0.7545245289802551,0.4657498300075531,-0.018524575978517532,0.6997116208076477,0.41167759895324707,-0.02499539963901043,0.6485720872879028,0.4233936369419098,-0.03215702250599861,0.6292855739593506,0.48578786849975586,-0.03458087518811226,0.6535506844520569,0.44323983788490295,-0.0003999875916633755,0.601898729801178,0.4588712751865387,-0.027358796447515488,0.6356371641159058,0.468605101108551,-0.03980066254734993,0.6595732569694519,0.46266764402389526,-0.04365559294819832,0.6570813059806824,0.5014078617095947,-0.002076948992908001,0.6173118948936462,0.5213778018951416,-0.03121233358979225,0.6666825413703918,0.5163968205451965,-0.035396840423345566,0.685066819190979,0.49803733825683594,-0.031028343364596367,0.6658629179000854,0.5595776438713074,-0.009197577834129333,0.6378988027572632,0.5739074349403381,-0.04286641627550125,0.6870880722999573,0.5608989596366882,-0.039062608033418655,0.705420732498169,0.5427170991897583,-0.026778627187013626,0.6779203414916992,0.6157622337341309,-0.017753152176737785,0.6597946882247925,0.6175279021263123,-0.03749048709869385,0.692404568195343,0.6025798916816711,-0.0333717055618763,0.7079706192016602,0.5914284586906433,-0.024638473987579346,PAPER
sample_02_0180.jpg,0,0.7984130382537842,0.6062108874320984,2.5807003112277016e-07,0.7822643518447876,0.49504372477531433,-0.029540343210101128,0.7342218160629272,0.40836983919143677,-0.04052356630563736,0.6947555541992188,0.34183716773986816,-0.049137406051158905,0.6788741946220398,0.27319857478141785,-0.058561619371175766,0.6606458425521851,0.49201712012290955,-0.03394827991724014,0.5946424007415771,0.44929081201553345,-0.05116080120205879,0.5530284643173218,0.4257145822048187,-0.0641644224524498,0.5155611634254456,0.4083813428878784,-0.07555151730775833,0.6494752168655396,0.5616989135742188,-0.03343634679913521,0.5769241452217102,0.5576125383377075,-0.05236637219786644,0.530787467956543,0.5539723634719849,-0.06906116753816605,0.4915178418159485,0.5529652237892151,-0.08233366906642914,0.6548869609832764,0.625223696231842,-0.035447537899017334,0.5875440239906311,0.6459143161773682,-0.05688004195690155,0.5452427864074707,0.6569103598594666,-0.07221473008394241,0.50994873046875,0.6656783819198608,-0.08262696862220764,0.6726937294006348,0.6798078417778015,-0.039875149726867676,0.6207969188690186,0.7085437178611755,-0.06101396307349205,0.5864681601524353,0.7273087501525879,-0.07271036505699158,0.5556493997573853,0.7403583526611328,-0.08021284639835358,PAPER
sample_02_0181.jpg,0,0.8153637051582336,0.5758282542228699,1.5337489855937747e-07,0.7973397374153137,0.4603554308414459,-0.030289551243185997,0.7489578723907471,0.3662766218185425,-0.04122360050678253,0.7095378041267395,0.2919680178165436,-0.05011751130223274,0.6928136348724365,0.22110086679458618,-0.06002800539135933,0.6717215180397034,0.4491006135940552,-0.0348224900662899,0.6049869656562805,0.39685899019241333,-0.053265348076820374,0.5653882622718811,0.36731672286987305,-0.06677461415529251,0.5284056067466736,0.34251126646995544,-0.07870685309171677,0.6607637405395508,0.5196726322174072,-0.03446139395236969,0.5841225981712341,0.5134634971618652,-0.055986370891332626,0.5376462936401367,0.509870171546936,-0.07375673204660416,0.4975048303604126,0.5079940557479858,-0.08819276094436646,0.6660296320915222,0.584064245223999,-0.036899320781230927,0.5959433317184448,0.6048645973205566,-0.061086129397153854,0.5529701113700867,0.6108124256134033,-0.07701839506626129,0.5162229537963867,0.6147522926330566,-0.08801373839378357,0.6830028891563416,0.6403448581695557,-0.041925206780433655,0.6270663142204285,0.6672077775001526,-0.06492311507463455,0.5894917249679565,0.6817003488540649,-0.07760930061340332,0.5546039342880249,0.6910490989685059,-0.08628163486719131,PAPER
sample_02_0182.jpg,0,0.8116957545280457,0.5779167413711548,1.5065585046158958e-07,0.7915107011795044,0.46443450450897217,-0.029525086283683777,0.7409371137619019,0.377514511346817,-0.03965400159358978,0.6994737386703491,0.3073130249977112,-0.04759889841079712,0.678998589515686,0.23966817557811737,-0.05637636035680771,0.6653038263320923,0.4599781930446625,-0.031296949833631516,0.5976043939590454,0.4167378544807434,-0.04840536415576935,0.5565327405929565,0.39423874020576477,-0.06158435717225075,0.5182301998138428,0.3752034604549408,-0.07350695878267288,0.6565589904785156,0.5297118425369263,-0.030579591169953346,0.5815305113792419,0.5339716076850891,-0.05119893327355385,0.5353385806083679,0.5340206027030945,-0.06926339864730835,0.4949331283569336,0.5331660509109497,-0.08402594178915024,0.6639593839645386,0.5931257009506226,-0.032756175845861435,0.5956861972808838,0.6202897429466248,-0.05640646442770958,0.5534568428993225,0.6272146701812744,-0.07263940572738647,0.5166318416595459,0.6313179135322571,-0.08388535678386688,0.6828661561012268,0.6465754508972168,-0.03740045055747032,0.6293199062347412,0.673218846321106,-0.0599442757666111,0.5936935544013977,0.6867443323135376,-0.0725303515791893,0.5599740743637085,0.6946063041687012,-0.0811651423573494,PAPER
sample_02_0183.jpg,0,0.8137678503990173,0.3199138641357422,-1.3908942264606594e-07,0.8085519671440125,0.22755126655101776,-0.01676032319664955,0.7742394208908081,0.1381550431251526,-0.022963974624872208,0.7292059063911438,0.10747788846492767,-0.028620995581150055,0.6950094699859619,0.1319872885942459,-0.03028019517660141,0.7075527310371399,0.16065312922000885,-0.00956203043460846,0.6657525897026062,0.13355711102485657,-0.03380792587995529,0.707084596157074,0.15495163202285767,-0.04391048476099968,0.7302748560905457,0.17206129431724548,-0.04649459570646286,0.6985872387886047,0.21767069399356842,-0.011010972782969475,0.6644059419631958,0.19014431536197662,-0.03607885539531708,0.7185479998588562,0.2109438180923462,-0.04012736305594444,0.7334860563278198,0.22124752402305603,-0.0373360849916935,0.6961556673049927,0.27708756923675537,-0.01600840501487255,0.6704316735267639,0.2533743381500244,-0.043517693877220154,0.7235607504844666,0.26674601435661316,-0.0355612076818943,0.7376333475112915,0.27542844414711,-0.02314884215593338,0.697107195854187,0.3418036997318268,-0.021997731178998947,0.6739721894264221,0.31401389837265015,-0.039436157792806625,0.7104235291481018,0.3115291893482208,-0.03129328787326813,0.7253931760787964,0.3192307949066162,-0.02058788388967514,PAPER
sample_02_0184.jpg,0,0.7847588062286377,0.4994112253189087,-8.925030670070555e-08,0.764163613319397,0.3978457450866699,-0.017185447737574577,0.7143409848213196,0.33186933398246765,-0.022878823801875114,0.6629996299743652,0.3433305621147156,-0.028775090351700783,0.6421006321907043,0.41328373551368713,-0.029519349336624146,0.6571082472801208,0.36779630184173584,9.24606210901402e-05,0.6108671426773071,0.37761902809143066,-0.026029270142316818,0.6494554877281189,0.3866514563560486,-0.039122678339481354,0.6697938442230225,0.38215765357017517,-0.04424267262220383,0.6584989428520203,0.4285629391670227,-0.002367387991398573,0.6273056268692017,0.44217124581336975,-0.025744646787643433,0.6795758605003357,0.4386456310749054,-0.02735722064971924,0.687992513179779,0.4204367995262146,-0.023645129054784775,0.6653479337692261,0.48988988995552063,-0.010485433042049408,0.6434357166290283,0.4999769926071167,-0.0362098291516304,0.6905366778373718,0.48924383521080017,-0.028575360774993896,0.6969897747039795,0.47102904319763184,-0.017008939757943153,0.6757500767707825,0.5513295531272888,-0.020478269085288048,0.6610755920410156,0.5513495206832886,-0.03162245452404022,0.6890595555305481,0.5376012325286865,-0.023009229451417923,0.6940650939941406,0.5293132066726685,-0.013633844442665577,PAPER
sample_02_0184.jpg,1,0.10459683835506439,0.7139665484428406,3.997766384600254e-08,0.14923955500125885,0.6505861878395081,0.010854251682758331,0.21030154824256897,0.6499790549278259,0.013503029011189938,0.2502668797969818,0.6730719208717346,0.009031225927174091,0.2890486717224121,0.6855035424232483,0.0013763363240286708,0.2543860971927643,0.6972809433937073,0.010344244539737701,0.3129691481590271,0.7083556056022644,-0.005244632251560688,0.3530174493789673,0.7154107093811035,-0.020097766071558,0.384824275970459,0.7284049391746521,-0.03287990763783455,0.24785037338733673,0.7327764630317688,-0.013993513770401478,0.3176262676715851,0.7290487289428711,-0.033324260264635086,0.3695325255393982,0.731847882270813,-0.05459955707192421,0.41366642713546753,0.7422443628311157,-0.0708806961774826,0.23149056732654572,0.7639351487159729,-0.03994540497660637,0.2999580502510071,0.7599342465400696,-0.0622202605009079,0.347871333360672,0.7600475549697876,-0.08213924616575241,0.3865721821784973,0.7656424045562744,-0.09691334515810013,0.2070348560810089,0.7929657101631165,-0.06527283042669296,0.2625584304332733,0.7789704203605652,-0.09057237952947617,0.30177485942840576,0.7701256275177002,-0.10672152042388916,0.3353578448295593,0.7682691216468811,-0.11880709230899811,PAPER
sample_02_0185.jpg,0,0.10973840951919556,0.7484565377235413,6.690538612019736e-08,0.172021746635437,0.6842470169067383,0.029439086094498634,0.221946582198143,0.6695923209190369,0.030753104016184807,0.2562110424041748,0.6673286557197571,0.022010894492268562,0.292887419462204,0.6717987656593323,0.008209147490561008,0.2594684660434723,0.6946399211883545,-0.0033788003493100405,0.3235628306865692,0.6971637606620789,-0.03030172735452652,0.3693981170654297,0.7016152143478394,-0.05056215450167656,0.4045630097389221,0.7145708799362183,-0.06681401282548904,0.24581679701805115,0.7189938426017761,-0.040450144559144974,0.3170362710952759,0.7150304317474365,-0.07525911182165146,0.36940446496009827,0.7218462228775024,-0.10290698707103729,0.41366642713546753,0.7379337549209595,-0.12338315695524216,0.22598597407341003,0.746461033821106,-0.07597193121910095,0.29212433099746704,0.7422123551368713,-0.11066236346960068,0.34154167771339417,0.7456200122833252,-0.1348227858543396,0.38253143429756165,0.7530016899108887,-0.15185701847076416,0.20078568160533905,0.7743792533874512,-0.10807398706674576,0.25405725836753845,0.7661425471305847,-0.142632856965065,0.2931455671787262,0.7573030591011047,-0.16245603561401367,0.3265802264213562,0.7523552179336548,-0.17738206684589386,PAPER
sample_02_0185.jpg,1,0.7908112406730652,0.5190584659576416,-1.5077516479777842e-07,0.7735404372215271,0.42277613282203674,-0.018107935786247253,0.7162046432495117,0.35846713185310364,-0.02213944122195244,0.6618471145629883,0.3753895163536072,-0.025972481817007065,0.6486876606941223,0.4494245946407318,-0.024287251755595207,0.6606834530830383,0.40803399682044983,0.0009411495993845165,0.6150538921356201,0.41515204310417175,-0.023864679038524628,0.6556206941604614,0.4192948639392853,-0.03460456803441048,0.6775813698768616,0.4133378863334656,-0.0385952852666378,0.6637121438980103,0.4697082042694092,-0.0008147459593601525,0.6294539570808411,0.4837103486061096,-0.025116365402936935,0.6860800385475159,0.4760456383228302,-0.024898963049054146,0.6951779723167419,0.4581388533115387,-0.01897726207971573,0.6728017926216125,0.5297763347625732,-0.008395443670451641,0.6482505202293396,0.5383018255233765,-0.03666418790817261,0.6990567445755005,0.5229000449180603,-0.027687402442097664,0.7064604759216309,0.5066633224487305,-0.014384107664227486,0.6843054294586182,0.5888947248458862,-0.017721205949783325,0.6676433682441711,0.587151050567627,-0.03220846876502037,0.6993813514709473,0.5710262060165405,-0.02405567653477192,0.7060483694076538,0.562803328037262,-0.014519528485834599,PAPER
sample_02_0186.jpg,0,0.7885309457778931,0.5495767593383789,-2.2695853374443686e-07,0.7720388174057007,0.4696081876754761,-0.01632363721728325,0.7172576785087585,0.4155293107032776,-0.020534688606858253,0.6680786609649658,0.433316707611084,-0.024376748129725456,0.6517952680587769,0.4995175898075104,-0.023674147203564644,0.6642082333564758,0.4657805263996124,-0.0036595999263226986,0.6193504929542542,0.47627297043800354,-0.028840549290180206,0.6588355302810669,0.47487080097198486,-0.03955543041229248,0.6812925338745117,0.467004656791687,-0.04321618750691414,0.6682701110839844,0.5246124267578125,-0.0053254286758601665,0.6338344216346741,0.5396692752838135,-0.029743505641818047,0.6888707280158997,0.5253739953041077,-0.029335135594010353,0.6996651887893677,0.5086686015129089,-0.023297173902392387,0.6783512830734253,0.5820183157920837,-0.011999673210084438,0.6523606181144714,0.5915130376815796,-0.04087959602475166,0.7023220658302307,0.5706190466880798,-0.030530942603945732,0.7125111222267151,0.5566277503967285,-0.016349924728274345,0.6905202269554138,0.6410739421844482,-0.0199025496840477,0.6700788140296936,0.6417065262794495,-0.03765610605478287,0.7024329304695129,0.6222938299179077,-0.02922552078962326,0.7124101519584656,0.6147167682647705,-0.018680047243833542,PAPER
sample_02_0186.jpg,1,0.09829548001289368,0.7837597727775574,-6.836606303295412e-08,0.16104423999786377,0.7578485012054443,0.02429845556616783,0.2177237868309021,0.7457243204116821,0.026298968121409416,0.2567000389099121,0.7438936829566956,0.021199284121394157,0.2924337089061737,0.7352965474128723,0.01248036976903677,0.24075160920619965,0.7598477005958557,-0.007667516358196735,0.30562344193458557,0.7419353723526001,-0.02918175421655178,0.35206571221351624,0.7321893572807312,-0.04384113475680351,0.3883182108402252,0.7319858074188232,-0.05551452562212944,0.2306755632162094,0.7750219702720642,-0.035341545939445496,0.30557921528816223,0.7438647747039795,-0.06453460454940796,0.3571089506149292,0.7367604374885559,-0.08570844680070877,0.400174081325531,0.7423766851425171,-0.10162986814975739,0.2131107747554779,0.7865802645683289,-0.06060153618454933,0.2815622389316559,0.7597432136535645,-0.08700957149267197,0.32852721214294434,0.7482272982597351,-0.10531501471996307,0.36551618576049805,0.7447620034217834,-0.11865217983722687,0.18938587605953217,0.7970346212387085,-0.08285890519618988,0.23624013364315033,0.7733402252197266,-0.11008922010660172,0.2693885862827301,0.7576120495796204,-0.12611089646816254,0.2986936569213867,0.7447097301483154,-0.1378820687532425,PAPER
sample_02_0187.jpg,0,0.7929860353469849,0.5795801877975464,1.948344987567907e-07,0.7788172960281372,0.4851369559764862,-0.028569873422384262,0.7360856533050537,0.4466390311717987,-0.036125052720308304,0.6931749582290649,0.51497882604599,-0.03951617702841759,0.6757689118385315,0.5880454778671265,-0.04225886985659599,0.6640523672103882,0.4765552878379822,-0.03562432527542114,0.596764862537384,0.433783620595932,-0.05084555223584175,0.5575271248817444,0.40989530086517334,-0.058566488325595856,0.5217199921607971,0.38794100284576416,-0.06605647504329681,0.6560673117637634,0.5456897616386414,-0.034515585750341415,0.5907201170921326,0.5895634889602661,-0.05448204651474953,0.5477992296218872,0.6226109862327576,-0.06943339854478836,0.5101497173309326,0.643462061882019,-0.07984624058008194,0.6646624207496643,0.6007587313652039,-0.035908542573451996,0.6359034776687622,0.6342064738273621,-0.06858977675437927,0.6427859663963318,0.6250903606414795,-0.08925280719995499,0.6416316628456116,0.6089890003204346,-0.09835115075111389,0.6883115172386169,0.6364918947219849,-0.0385722778737545,0.687376081943512,0.6450172662734985,-0.06794127076864243,0.70606929063797,0.6186862587928772,-0.08185403794050217,0.7168769240379333,0.5980743765830994,-0.08855991065502167,PAPER
sample_02_0188.jpg,0,0.7888656854629517,0.5415114760398865,4.06328467761341e-07,0.7786609530448914,0.4662913382053375,-0.03597215190529823,0.7329038381576538,0.4361356794834137,-0.04982795938849449,0.6970416307449341,0.5110874772071838,-0.05930890142917633,0.6815539598464966,0.5768126845359802,-0.06888280808925629,0.6640783548355103,0.45682036876678467,-0.04523540660738945,0.5973102450370789,0.42562809586524963,-0.07012919336557388,0.5553428530693054,0.40608346462249756,-0.08414152264595032,0.5198994278907776,0.39059025049209595,-0.09295930713415146,0.6609681248664856,0.5274728536605835,-0.04278891161084175,0.5934509038925171,0.5649648904800415,-0.07219492644071579,0.5485894680023193,0.5952588319778442,-0.08599856495857239,0.5064789056777954,0.6160581111907959,-0.09033697098493576,0.6742388010025024,0.5855721235275269,-0.043667182326316833,0.6660879850387573,0.6040586233139038,-0.0855792686343193,0.7106552720069885,0.5780577659606934,-0.09535395354032516,0.7346906661987305,0.546624481678009,-0.08943462371826172,0.6970301270484924,0.6282339096069336,-0.04637555032968521,0.6959380507469177,0.6431617736816406,-0.07953071594238281,0.7278461456298828,0.6090940237045288,-0.0825149193406105,0.7471563220024109,0.5743194818496704,-0.07645703852176666,PAPER
sample_02_0189.jpg,0,0.7908990979194641,0.5376690030097961,2.550851547766797e-07,0.7769353985786438,0.4644879102706909,-0.03773078694939613,0.7294005751609802,0.43888580799102783,-0.047866132110357285,0.6956437826156616,0.5098157525062561,-0.051622580736875534,0.6804769039154053,0.5770753622055054,-0.05508766695857048,0.6637590527534485,0.45282191038131714,-0.04523314908146858,0.5967943668365479,0.43189334869384766,-0.0659087598323822,0.5543779134750366,0.42097434401512146,-0.07846628874540329,0.5157696008682251,0.41243597865104675,-0.08733026683330536,0.6607462763786316,0.5172448754310608,-0.03974611684679985,0.5940638184547424,0.5649445652961731,-0.0611083023250103,0.5497871041297913,0.6040076613426208,-0.07285259664058685,0.5063115954399109,0.6310543417930603,-0.07863609492778778,0.6721944212913513,0.5749866962432861,-0.03794131055474281,0.659704864025116,0.5992430448532104,-0.07274660468101501,0.7010735869407654,0.5827824473381042,-0.08610831946134567,0.7211090326309204,0.5568415522575378,-0.08588091284036636,0.6950796246528625,0.6191903352737427,-0.03838411346077919,0.6959323287010193,0.6396195292472839,-0.06875511258840561,0.7280738949775696,0.6035075783729553,-0.07641255110502243,0.7484796047210693,0.5719595551490784,-0.07565532624721527,PAPER
sample_02_0190.jpg,0,0.79451984167099,0.5458219051361084,2.0335920680736308e-07,0.7788308262825012,0.46478793025016785,-0.037171341478824615,0.7337770462036133,0.43568116426467896,-0.0474732331931591,0.696789026260376,0.5010091066360474,-0.0525226928293705,0.6784480214118958,0.5637611746788025,-0.05644743889570236,0.664929211139679,0.448741614818573,-0.04066886752843857,0.5966498851776123,0.43139883875846863,-0.06100571155548096,0.5539624691009521,0.422323614358902,-0.0733105018734932,0.5167661905288696,0.4127657413482666,-0.0818445235490799,0.662501335144043,0.5164761543273926,-0.03574734553694725,0.5985092520713806,0.5584774613380432,-0.05784549564123154,0.5528426766395569,0.5918799638748169,-0.06985355913639069,0.5123965740203857,0.6142985224723816,-0.07582869380712509,0.6761430501937866,0.575383722782135,-0.03496568277478218,0.6635772585868835,0.5942960381507874,-0.0694890022277832,0.7016186714172363,0.5751081705093384,-0.08351318538188934,0.7234611511230469,0.5478115677833557,-0.08403225243091583,0.7000769376754761,0.6206179857254028,-0.03654533252120018,0.6999495625495911,0.6310329437255859,-0.06555432081222534,0.7274931073188782,0.5953643321990967,-0.07414501160383224,0.7464538812637329,0.5618880987167358,-0.07455839216709137,PAPER
sample_02_0190.jpg,1,0.11250481009483337,0.5955997109413147,-7.025478225841653e-07,0.1553695797920227,0.45895540714263916,0.014456171542406082,0.21506109833717346,0.3974895775318146,0.021081790328025818,0.26790478825569153,0.4026644825935364,0.025227511301636696,0.2888106405735016,0.43916451930999756,0.0307735875248909,0.27968746423721313,0.4224169850349426,0.007669910788536072,0.3186952769756317,0.40661585330963135,0.020192956551909447,0.2918049097061157,0.4248524010181427,0.03242603689432144,0.26368507742881775,0.4387214481830597,0.04188414290547371,0.28838732838630676,0.5081947445869446,0.0017894780030474067,0.3134344518184662,0.48716598749160767,0.02019626647233963,0.2890849709510803,0.4904544949531555,0.026383180171251297,0.2660743296146393,0.4955676794052124,0.02661820501089096,0.285855233669281,0.5857300162315369,-0.0005355188623070717,0.31405991315841675,0.5545775294303894,0.011235607787966728,0.29041895270347595,0.5527903437614441,0.013622164726257324,0.26418134570121765,0.5591100454330444,0.012392754666507244,0.27908214926719666,0.6510105133056641,-0.0005822598468512297,0.34153079986572266,0.6615965366363525,0.008390014991164207,0.3766546845436096,0.6689561605453491,0.01565852202475071,0.4030460715293884,0.6742545962333679,0.020023401826620102,PAPER
sample_02_0191.jpg,0,0.8057560920715332,0.5337413549423218,3.480399186628347e-07,0.7816054821014404,0.4616225063800812,-0.04036111757159233,0.7337931394577026,0.44111424684524536,-0.05144621431827545,0.7040209770202637,0.5107756853103638,-0.0568232424557209,0.6889854073524475,0.5806465148925781,-0.06129491329193115,0.6644031405448914,0.4551025927066803,-0.041586074978113174,0.5960649251937866,0.4348740875720978,-0.061069317162036896,0.5525438785552979,0.4261161684989929,-0.07218078523874283,0.514667809009552,0.419079452753067,-0.07994452118873596,0.6635938286781311,0.5269764065742493,-0.036089520901441574,0.5970810651779175,0.5661815404891968,-0.05742567777633667,0.5513871312141418,0.5956125855445862,-0.07196255773305893,0.5125461220741272,0.619296669960022,-0.08033706992864609,0.6782907843589783,0.5883981585502625,-0.034984804689884186,0.6554157137870789,0.6314010620117188,-0.07217933237552643,0.6811131834983826,0.6176136136054993,-0.09229256957769394,0.6927491426467896,0.5965158939361572,-0.09735802561044693,0.7032225728034973,0.6314522624015808,-0.03621337190270424,0.700427234172821,0.6465434432029724,-0.07001706212759018,0.7306588888168335,0.6084015369415283,-0.08359447866678238,0.7528851628303528,0.5745918154716492,-0.08764394372701645,PAPER
sample_02_0192.jpg,0,0.15348029136657715,0.6163270473480225,-5.683347126250737e-07,0.18088114261627197,0.5140721797943115,-0.017575135454535484,0.24039414525032043,0.43989065289497375,-0.027072083204984665,0.287820965051651,0.3867153525352478,-0.038638919591903687,0.31302472949028015,0.32800912857055664,-0.04670827463269234,0.29598143696784973,0.5055772066116333,-0.00784031767398119,0.35046276450157166,0.5113742351531982,-0.0353078655898571,0.3088626563549042,0.5123557448387146,-0.04840843752026558,0.27445295453071594,0.5087206959724426,-0.05214449763298035,0.29556140303611755,0.5700058341026306,-0.010518481023609638,0.34384235739707947,0.5796301364898682,-0.03898506984114647,0.2889346778392792,0.5699874758720398,-0.04433625936508179,0.25871509313583374,0.5599526166915894,-0.04060083627700806,0.2894397974014282,0.6360176801681519,-0.017940739169716835,0.32920143008232117,0.6446782350540161,-0.043204303830862045,0.2791217267513275,0.6277194619178772,-0.03575289994478226,0.25298500061035156,0.6141699552536011,-0.02372119389474392,0.27854928374290466,0.6993592381477356,-0.02750149928033352,0.3117210865020752,0.7086781859397888,-0.03980486840009689,0.28235289454460144,0.6873610019683838,-0.03167203441262245,0.2648111581802368,0.6726232171058655,-0.022118479013442993,PAPER
sample_02_0192.jpg,1,0.8109889030456543,0.5444912910461426,3.315446974738734e-07,0.7858742475509644,0.4621138870716095,-0.03507060185074806,0.7366154193878174,0.43125608563423157,-0.044625990092754364,0.6999601125717163,0.49906718730926514,-0.04892704263329506,0.6842328906059265,0.5729814171791077,-0.05372258275747299,0.6652956604957581,0.45285341143608093,-0.03531058132648468,0.5987083315849304,0.4360924959182739,-0.050471678376197815,0.5543019771575928,0.4320283532142639,-0.061368394643068314,0.5154095888137817,0.4251432716846466,-0.07141440361738205,0.6634297966957092,0.5281049013137817,-0.032158371061086655,0.5965560674667358,0.5653293132781982,-0.04672635719180107,0.5492968559265137,0.5897260904312134,-0.06242385879158974,0.5096127390861511,0.6054525971412659,-0.07532753050327301,0.6786054372787476,0.5899733901023865,-0.03263416141271591,0.6309072971343994,0.6416624784469604,-0.05842653661966324,0.609693169593811,0.6418731212615967,-0.08033064007759094,0.5857661962509155,0.6327478289604187,-0.0942690446972847,0.70616215467453,0.6330626606941223,-0.0354800783097744,0.6961441040039062,0.6548903584480286,-0.06319539994001389,0.7129165530204773,0.6282840967178345,-0.07785150408744812,0.725906252861023,0.601035475730896,-0.08681511133909225,PAPER
sample_02_0193.jpg,0,0.8403281569480896,0.6083811521530151,2.6598780777931097e-07,0.8476313352584839,0.48317456245422363,-0.023336336016654968,0.8147290945053101,0.38348591327667236,-0.03834822028875351,0.7721230387687683,0.3140476644039154,-0.04915724694728851,0.7368492484092712,0.2513602077960968,-0.06233880668878555,0.7517443895339966,0.4420848488807678,-0.05186576396226883,0.678665041923523,0.3913689851760864,-0.07451777905225754,0.6333871483802795,0.3619801998138428,-0.08915571868419647,0.5960693955421448,0.3428767919540405,-0.09996256977319717,0.7315422296524048,0.5096883773803711,-0.05336177349090576,0.6545310020446777,0.45489975810050964,-0.07522772252559662,0.6041456460952759,0.4200223684310913,-0.09205541014671326,0.5640089511871338,0.394077330827713,-0.10593052953481674,0.7232602834701538,0.5785570740699768,-0.054769039154052734,0.6508369445800781,0.5308191776275635,-0.07673362642526627,0.5996834635734558,0.5008952021598816,-0.0936187207698822,0.5570427775382996,0.4764244854450226,-0.10626957565546036,0.7242293357849121,0.639288067817688,-0.05644485354423523,0.6705837845802307,0.6205828189849854,-0.07942386716604233,0.632573127746582,0.611392080783844,-0.092461958527565,0.5988057851791382,0.6033926010131836,-0.10100666433572769,PAPER
sample_02_0193.jpg,1,0.15988361835479736,0.5863744616508484,-4.514658087373391e-07,0.18116074800491333,0.4879975914955139,-0.025729866698384285,0.23576217889785767,0.4054405689239502,-0.03925779089331627,0.27791476249694824,0.33134493231773376,-0.05233460292220116,0.2963844835758209,0.2609322965145111,-0.05980391427874565,0.2968156039714813,0.4715098738670349,-0.01052836049348116,0.3433230221271515,0.49622827768325806,-0.037464242428541183,0.29524341225624084,0.49866876006126404,-0.04780282825231552,0.27012279629707336,0.48674994707107544,-0.050189290195703506,0.2954639792442322,0.539345920085907,-0.008739706128835678,0.3325558006763458,0.5598545670509338,-0.03709489479660988,0.2751868963241577,0.5480120778083801,-0.04122363403439522,0.2643689215183258,0.525377094745636,-0.037143293768167496,0.2881374657154083,0.6050224900245667,-0.012368544936180115,0.31887930631637573,0.623457133769989,-0.0384892001748085,0.2694096863269806,0.6080195307731628,-0.028565527871251106,0.2593376338481903,0.5867363214492798,-0.015466636046767235,0.27821749448776245,0.6639257073402405,-0.018299603834748268,0.3044987618923187,0.6810576915740967,-0.029273267835378647,0.27134886384010315,0.663083553314209,-0.018158841878175735,0.2608577013015747,0.6449599266052246,-0.006795836146920919,PAPER
sample_02_0194.jpg,0,0.8585644960403442,0.635515570640564,3.2060907528830285e-07,0.8576727509498596,0.5000396966934204,-0.02537066675722599,0.8269733190536499,0.4021312892436981,-0.04013810679316521,0.7885039448738098,0.32232898473739624,-0.05081529915332794,0.7655465602874756,0.24825164675712585,-0.06327521800994873,0.7481111288070679,0.4590255320072174,-0.04868471249938011,0.6800972819328308,0.38953500986099243,-0.06616078317165375,0.6383085250854492,0.34791821241378784,-0.0778418704867363,0.6023688316345215,0.31642085313796997,-0.08823949098587036,0.7298552989959717,0.5304322242736816,-0.048002030700445175,0.6540665030479431,0.49106210470199585,-0.06831172853708267,0.6024817824363708,0.46419045329093933,-0.08541536331176758,0.5603625774383545,0.4456695020198822,-0.10011831670999527,0.7263199687004089,0.6035685539245605,-0.04722582921385765,0.6558772921562195,0.5773221254348755,-0.07007121294736862,0.6074987649917603,0.560345470905304,-0.08856067061424255,0.5679348111152649,0.5495597720146179,-0.10222453624010086,0.7346668839454651,0.6676584482192993,-0.04682518541812897,0.6787846088409424,0.6735761165618896,-0.07176226377487183,0.6417003870010376,0.6809455156326294,-0.0864894688129425,0.6097739934921265,0.6882888078689575,-0.09576385468244553,PAPER
sample_02_0194.jpg,1,0.14650847017765045,0.5900812149047852,-4.5420688365993556e-07,0.1705247461795807,0.485816091299057,-0.029289696365594864,0.2284964621067047,0.40396666526794434,-0.042949140071868896,0.2741154730319977,0.3293817639350891,-0.05500437691807747,0.29516860842704773,0.2598535716533661,-0.06117971986532211,0.2918635308742523,0.4733639657497406,-0.012198311276733875,0.3347836136817932,0.502191960811615,-0.03720063343644142,0.28447502851486206,0.5030151009559631,-0.04554567113518715,0.26193639636039734,0.48839378356933594,-0.04742619767785072,0.29024362564086914,0.5441527366638184,-0.008445249870419502,0.3267744481563568,0.56756991147995,-0.03578943386673927,0.26513153314590454,0.554606556892395,-0.03905164822936058,0.2557763457298279,0.5336757302284241,-0.03447163105010986,0.2815963327884674,0.6127784252166748,-0.010201130993664265,0.30951938033103943,0.6332138180732727,-0.03693829104304314,0.25701045989990234,0.615513026714325,-0.027146195992827415,0.24941949546337128,0.5939064621925354,-0.014098799787461758,0.2693902552127838,0.6743721961975098,-0.014383029192686081,0.2930731177330017,0.6917237043380737,-0.02645544707775116,0.25768500566482544,0.6706935167312622,-0.01548717636615038,0.24876026809215546,0.6509169936180115,-0.0041751498356461525,PAPER
sample_02_0195.jpg,0,0.1566421538591385,0.5844962000846863,-5.302254635353165e-07,0.1821603924036026,0.47476354241371155,-0.02789354883134365,0.23859864473342896,0.3919965326786041,-0.041534993797540665,0.2881282567977905,0.3222956955432892,-0.053759753704071045,0.30998897552490234,0.2523208558559418,-0.05989411473274231,0.3019183278083801,0.4608638286590576,-0.017431844025850296,0.3440718948841095,0.4879089295864105,-0.04114438220858574,0.2925729751586914,0.4879215955734253,-0.04613979160785675,0.2710278630256653,0.47057729959487915,-0.04570728540420532,0.2996222674846649,0.5306220650672913,-0.013503179885447025,0.3328510522842407,0.5515863299369812,-0.03944065049290657,0.27144375443458557,0.5375857949256897,-0.04053322598338127,0.26560109853744507,0.5141013860702515,-0.03547114506363869,0.29180213809013367,0.6001458764076233,-0.014333691447973251,0.31823378801345825,0.6182527542114258,-0.04136478155851364,0.2631840407848358,0.5968689918518066,-0.03129645064473152,0.2569471001625061,0.572080135345459,-0.018426625058054924,0.2809256911277771,0.6606864929199219,-0.017247876152396202,0.30305948853492737,0.6793563961982727,-0.02968834713101387,0.2659633159637451,0.6565264463424683,-0.019041873514652252,0.25695741176605225,0.635534405708313,-0.008207272738218307,PAPER
sample_02_0195.jpg,1,0.867607593536377,0.6801457405090332,3.797222518642229e-07,0.8662027716636658,0.5525647401809692,-0.03526347130537033,0.8340932726860046,0.4498330056667328,-0.05240970849990845,0.792676568031311,0.36244097352027893,-0.06414034962654114,0.7538506984710693,0.2901875376701355,-0.0772412121295929,0.7592390775680542,0.5049822926521301,-0.057860273867845535,0.7006239891052246,0.42836496233940125,-0.0803481936454773,0.6652980446815491,0.3870447278022766,-0.09485208243131638,0.6330304145812988,0.3507993519306183,-0.1068924069404602,0.7367684841156006,0.5741615891456604,-0.05489704757928848,0.6622273921966553,0.5238754749298096,-0.08203493058681488,0.6086098551750183,0.49089813232421875,-0.1048772782087326,0.5640279054641724,0.4657647907733917,-0.12354731559753418,0.7317638993263245,0.6476234197616577,-0.052447427064180374,0.6636500358581543,0.6299554705619812,-0.07965044677257538,0.6094977855682373,0.6129366755485535,-0.10036768764257431,0.5661436915397644,0.5970559120178223,-0.1158813089132309,0.7395879626274109,0.7169195413589478,-0.05153371021151543,0.6842342615127563,0.7412406802177429,-0.08078981190919876,0.6457735896110535,0.7550240755081177,-0.09804405272006989,0.6114090085029602,0.7642568349838257,-0.10944623500108719,PAPER
sample_02_0196.jpg,0,0.8671106696128845,0.7048383951187134,3.5966974110124283e-07,0.8561748266220093,0.5700222849845886,-0.03282463178038597,0.8159422874450684,0.46866533160209656,-0.05220069736242294,0.7663997411727905,0.3869892358779907,-0.06580574810504913,0.7260538935661316,0.31237292289733887,-0.08129548281431198,0.7506572008132935,0.5420309901237488,-0.07014758139848709,0.6728874444961548,0.4747895896434784,-0.09681891649961472,0.6247506737709045,0.43303775787353516,-0.11246272176504135,0.5848140716552734,0.40289106965065,-0.12431718409061432,0.7377815246582031,0.6177398562431335,-0.06879790872335434,0.6553093194961548,0.5739725232124329,-0.10024309903383255,0.5978719592094421,0.5449648499488831,-0.121241495013237,0.5522860288619995,0.5259365439414978,-0.13808177411556244,0.7399874925613403,0.6927879452705383,-0.06705576181411743,0.6670397520065308,0.6770021915435791,-0.09724682569503784,0.6144285798072815,0.6678910851478577,-0.11501143872737885,0.5717858076095581,0.660688579082489,-0.1273588091135025,0.7512927055358887,0.7586427330970764,-0.06630009412765503,0.6938594579696655,0.7727615237236023,-0.09579155594110489,0.6551038026809692,0.7840627431869507,-0.110610231757164,0.6199588179588318,0.7949198484420776,-0.11979037523269653,PAPER
sample_02_0196.jpg,1,0.16007187962532043,0.535558819770813,-5.161125500308117e-07,0.18446162343025208,0.4335670471191406,-0.025915253907442093,0.24452179670333862,0.3604412078857422,-0.03776608034968376,0.29390257596969604,0.29896873235702515,-0.04887200891971588,0.31812816858291626,0.2363840937614441,-0.05413563549518585,0.30180561542510986,0.4315504729747772,-0.01098630577325821,0.3496067523956299,0.45261216163635254,-0.03685037046670914,0.2999016344547272,0.45027098059654236,-0.04387865960597992,0.2767764627933502,0.4382450580596924,-0.043916527181863785,0.2984590232372284,0.4987563192844391,-0.008703208528459072,0.3364821970462799,0.517487645149231,-0.0357886403799057,0.27603811025619507,0.5032540559768677,-0.036687981337308884,0.2678319215774536,0.4867626428604126,-0.030154375359416008,0.2899511754512787,0.5657808184623718,-0.011938040144741535,0.3212876319885254,0.580531120300293,-0.03977274149656296,0.2667792737483978,0.5610785484313965,-0.027499934658408165,0.2578366696834564,0.5445109605789185,-0.012076862156391144,0.2781960964202881,0.6274089217185974,-0.017355363816022873,0.3057321310043335,0.6406779289245605,-0.030468976125121117,0.2693195044994354,0.618226170539856,-0.01843542978167534,0.2581929564476013,0.6021854877471924,-0.005765244364738464,PAPER
sample_02_0197.jpg,0,0.18561458587646484,0.4700342118740082,-5.057943894826167e-07,0.213302344083786,0.369204580783844,-0.023596491664648056,0.27204179763793945,0.3004521131515503,-0.034986115992069244,0.3210536539554596,0.24246925115585327,-0.04647419974207878,0.34661865234375,0.18300989270210266,-0.05260811001062393,0.32748880982398987,0.3751475214958191,-0.00925616268068552,0.37361401319503784,0.39799004793167114,-0.03621303662657738,0.3252146542072296,0.3927304148674011,-0.045624472200870514,0.30142730474472046,0.38046038150787354,-0.04719739407300949,0.32329612970352173,0.44102248549461365,-0.007863338105380535,0.3622989058494568,0.4622645676136017,-0.03637737035751343,0.3037775456905365,0.4434918165206909,-0.03938593715429306,0.2929535508155823,0.42574256658554077,-0.034248579293489456,0.3134787976741791,0.505344808101654,-0.011702942661941051,0.3452290892601013,0.524019718170166,-0.03990466892719269,0.2927967309951782,0.4995313286781311,-0.028992488980293274,0.2819105386734009,0.48029759526252747,-0.01422157883644104,0.30086392164230347,0.5632686614990234,-0.017559487372636795,0.3280858099460602,0.5828267335891724,-0.02967689000070095,0.2937443256378174,0.556666374206543,-0.0177284087985754,0.2829226553440094,0.5381805896759033,-0.005293652880936861,PAPER
sample_02_0197.jpg,1,0.8640300035476685,0.6473366022109985,2.9457072514560423e-07,0.8613036870956421,0.5141559839248657,-0.012918977998197079,0.8299471735954285,0.41534623503685,-0.020839756354689598,0.7908517718315125,0.34325864911079407,-0.02723032794892788,0.7660672068595886,0.2777720093727112,-0.03624694421887398,0.7556384205818176,0.47203826904296875,-0.02895340882241726,0.688209056854248,0.4199483394622803,-0.0429951511323452,0.6450570225715637,0.38728368282318115,-0.05347885936498642,0.6097352504730225,0.3630187511444092,-0.06310677528381348,0.737904965877533,0.5423657298088074,-0.03473694249987602,0.6595683097839355,0.4967375099658966,-0.052663832902908325,0.6074063181877136,0.46609991788864136,-0.07045599818229675,0.5669004917144775,0.44488516449928284,-0.0851750448346138,0.7349474430084229,0.6155595779418945,-0.0400727279484272,0.65680330991745,0.5798252820968628,-0.061173178255558014,0.6013834476470947,0.5603883266448975,-0.07989834249019623,0.5573514103889465,0.5469533205032349,-0.0936024859547615,0.7430715560913086,0.6847351789474487,-0.04477228969335556,0.6824712157249451,0.6849911212921143,-0.06864015012979507,0.6407701969146729,0.6869052648544312,-0.08301565051078796,0.6047208309173584,0.6860591173171997,-0.09197848290205002,PAPER
sample_02_0198.jpg,0,0.19147846102714539,0.47814419865608215,-5.599769110631314e-07,0.22212287783622742,0.37356945872306824,-0.023065054789185524,0.28289884328842163,0.3041582405567169,-0.0340324304997921,0.3340485990047455,0.2464880794286728,-0.04462013393640518,0.35821905732154846,0.1829589605331421,-0.049853865057229996,0.3374479413032532,0.3800475001335144,-0.011968116275966167,0.379149466753006,0.40943390130996704,-0.037081602960824966,0.32724425196647644,0.3991699516773224,-0.04475102573633194,0.3052506744861603,0.3817334771156311,-0.04599496349692345,0.33239227533340454,0.4492436945438385,-0.010616758838295937,0.3667258024215698,0.47378242015838623,-0.03769413009285927,0.3061135411262512,0.44801369309425354,-0.039842262864112854,0.2977352440357208,0.42689403891563416,-0.03510349243879318,0.3216499388217926,0.5159995555877686,-0.013889063149690628,0.3480282723903656,0.5370795726776123,-0.04069460183382034,0.2943984270095825,0.5045496225357056,-0.029529746621847153,0.2859326899051666,0.4818701446056366,-0.015780093148350716,0.3077208697795868,0.5732821226119995,-0.019011240452528,0.32972317934036255,0.5918513536453247,-0.03037349507212639,0.2935619354248047,0.5615095496177673,-0.018320312723517418,0.28383874893188477,0.5421317219734192,-0.006543752737343311,PAPER
sample_02_0198.jpg,1,0.8525791168212891,0.6303706169128418,2.932330858129717e-07,0.8423076868057251,0.48826971650123596,-0.017289046198129654,0.8069831728935242,0.3915322422981262,-0.028764527291059494,0.7621781229972839,0.31601619720458984,-0.038162704557180405,0.733176589012146,0.24553218483924866,-0.04937778785824776,0.7283861041069031,0.4558008313179016,-0.0400671660900116,0.6534172892570496,0.384615033864975,-0.05742637440562248,0.6120879650115967,0.3452013432979584,-0.06854516267776489,0.576877772808075,0.31512823700904846,-0.07752738893032074,0.7107537388801575,0.5282487869262695,-0.043102387338876724,0.6284862756729126,0.47335803508758545,-0.06301824003458023,0.5729868412017822,0.4423017203807831,-0.07985477894544601,0.5287811160087585,0.423991322517395,-0.09380823373794556,0.7098692059516907,0.6004071831703186,-0.04552638158202171,0.6328471302986145,0.5706338882446289,-0.06419026106595993,0.5808819532394409,0.551478385925293,-0.08135165274143219,0.5391581058502197,0.5385224223136902,-0.09516166150569916,0.7201404571533203,0.666305661201477,-0.04813266173005104,0.6614081859588623,0.6771175265312195,-0.06923262029886246,0.6232894659042358,0.6882932186126709,-0.08290734142065048,0.5897791385650635,0.6986654996871948,-0.09211169928312302,PAPER
sample_02_0199.jpg,0,0.8594250679016113,0.6620423793792725,3.1202574746203027e-07,0.8510155081748962,0.5249874591827393,-0.024483075365424156,0.8097687363624573,0.427922785282135,-0.038728076964616776,0.7614993453025818,0.3557854890823364,-0.04890087619423866,0.725763738155365,0.28819918632507324,-0.06099279224872589,0.7391206622123718,0.494182288646698,-0.05405854061245918,0.6562303900718689,0.42855367064476013,-0.07360231131315231,0.6060255169868469,0.3891330063343048,-0.08381759375333786,0.5656472444534302,0.3624611794948578,-0.09206002950668335,0.7213788032531738,0.5694829225540161,-0.05413565784692764,0.6325690150260925,0.5206239819526672,-0.07615326344966888,0.5746574997901917,0.4887484014034271,-0.09157700091600418,0.530342161655426,0.46864745020866394,-0.10415016114711761,0.7195330858230591,0.644010066986084,-0.05376245081424713,0.6405658721923828,0.6062659025192261,-0.07637959718704224,0.5855854153633118,0.5830221176147461,-0.09394074231386185,0.542049765586853,0.5657843351364136,-0.10686101019382477,0.729232668876648,0.7074289321899414,-0.05368239805102348,0.671218991279602,0.7076244354248047,-0.07887469232082367,0.6313464045524597,0.7107880115509033,-0.09398291260004044,0.5968493223190308,0.7144401669502258,-0.10338722169399261,PAPER
sample_02_0199.jpg,1,0.21091611683368683,0.47130319476127625,-4.3606189592537703e-07,0.2318342924118042,0.3747538924217224,-0.029257530346512794,0.2890569269657135,0.3046976923942566,-0.04345583915710449,0.33879876136779785,0.25063520669937134,-0.055855631828308105,0.368058443069458,0.20303374528884888,-0.06195146217942238,0.3474862277507782,0.37860605120658875,-0.01488251518458128,0.3938148021697998,0.39806732535362244,-0.0428551584482193,0.3470554053783417,0.3941400349140167,-0.05195275694131851,0.3219378888607025,0.38382232189178467,-0.05318993330001831,0.3429549038410187,0.4459645450115204,-0.011787892319262028,0.3793400526046753,0.4652177691459656,-0.0420166552066803,0.32286837697029114,0.4459996819496155,-0.045295339077711105,0.31297627091407776,0.4256896376609802,-0.03955550119280815,0.33241575956344604,0.5113732218742371,-0.014475814998149872,0.3603549897670746,0.5304859280586243,-0.04385681450366974,0.3109191358089447,0.5079749822616577,-0.03323464095592499,0.30403387546539307,0.48949533700942993,-0.0185080636292696,0.31804129481315613,0.5737823843955994,-0.019640186801552773,0.3425529897212982,0.5895017385482788,-0.03501191362738609,0.30925875902175903,0.5663414001464844,-0.02491285279393196,0.3012625575065613,0.5481945276260376,-0.013125362806022167,PAPER
sample_02_0200.jpg,0,0.23040857911109924,0.4578121304512024,-5.19821355737804e-07,0.25778383016586304,0.3650455176830292,-0.029121728613972664,0.31592947244644165,0.2976635694503784,-0.04417465627193451,0.3681337535381317,0.23798620700836182,-0.057632219046354294,0.3945815861225128,0.1802508533000946,-0.06440979242324829,0.37503600120544434,0.3701806664466858,-0.017529360949993134,0.41924434900283813,0.38720130920410156,-0.045754265040159225,0.3662802278995514,0.38352298736572266,-0.05356697738170624,0.34307634830474854,0.3691469430923462,-0.05437097325921059,0.37039512395858765,0.4374460279941559,-0.01515496801584959,0.4063362181186676,0.4520813226699829,-0.0441015250980854,0.34392160177230835,0.4338555335998535,-0.04504580795764923,0.3374786674976349,0.41443178057670593,-0.03898509219288826,0.35942378640174866,0.5046482682228088,-0.018360117450356483,0.38827672600746155,0.521333634853363,-0.04788121208548546,0.3329596221446991,0.49519583582878113,-0.03409917652606964,0.325149267911911,0.47501713037490845,-0.01791028492152691,0.3437865376472473,0.5652016401290894,-0.024046029895544052,0.3690885007381439,0.5826292037963867,-0.039477597922086716,0.3335486054420471,0.5558885335922241,-0.027104133740067482,0.32425621151924133,0.5365816950798035,-0.013868815265595913,PAPER
sample_02_0200.jpg,1,0.8604028224945068,0.6697719097137451,3.7276200259839243e-07,0.8468601703643799,0.5334213376045227,-0.02491769753396511,0.806087851524353,0.4342435598373413,-0.04027274623513222,0.7567144632339478,0.3537251949310303,-0.0518045611679554,0.7118080854415894,0.2898963689804077,-0.06530281901359558,0.7297557592391968,0.5150047540664673,-0.052816856652498245,0.6503771543502808,0.439850389957428,-0.07184332609176636,0.6046300530433655,0.39706388115882874,-0.08236683905124664,0.5684107542037964,0.36933356523513794,-0.09074945002794266,0.7167995572090149,0.588690459728241,-0.053102757781744,0.6294994354248047,0.5400180220603943,-0.07533536851406097,0.5745710730552673,0.5118085741996765,-0.0912647619843483,0.5330202579498291,0.4949475824832916,-0.1044863685965538,0.7201958894729614,0.6609150171279907,-0.05307755246758461,0.6388293504714966,0.6413459181785583,-0.0751529186964035,0.5842472314834595,0.6266180872917175,-0.09224431961774826,0.5426047444343567,0.6174936294555664,-0.10591685026884079,0.7345013618469238,0.7212458848953247,-0.05358583480119705,0.6775925755500793,0.7432102560997009,-0.07821507006883621,0.6383112668991089,0.7582102417945862,-0.09307245165109634,0.604661762714386,0.7727026343345642,-0.10307484120130539,PAPER
sample_02_0201.jpg,0,0.8619987964630127,0.6991945505142212,1.7652962469583144e-07,0.8503564596176147,0.547234833240509,-0.022364024072885513,0.8120385408401489,0.43649381399154663,-0.0344717875123024,0.760145902633667,0.34930917620658875,-0.042753372341394424,0.7143955826759338,0.28319185972213745,-0.052806537598371506,0.7398896813392639,0.5127642750740051,-0.03921752795577049,0.6606162786483765,0.45117926597595215,-0.054417241364717484,0.6142884492874146,0.4194287359714508,-0.06530600786209106,0.5763874053955078,0.39615824818611145,-0.07427580654621124,0.7275304794311523,0.5934106707572937,-0.038641467690467834,0.6403438448905945,0.5510281324386597,-0.05499531328678131,0.587435245513916,0.5234740972518921,-0.06975827366113663,0.5476488471031189,0.5010212063789368,-0.08310338854789734,0.7272022366523743,0.6672820448875427,-0.03823045641183853,0.646014928817749,0.6357393264770508,-0.05383840948343277,0.5947208404541016,0.616014301776886,-0.06695517897605896,0.5566781759262085,0.599320650100708,-0.07807447016239166,0.7363978028297424,0.7277157306671143,-0.038663242012262344,0.677075982093811,0.7234465479850769,-0.054937247186899185,0.6376382112503052,0.7213271260261536,-0.06363334506750107,0.6055442690849304,0.7182781100273132,-0.06971311569213867,PAPER
sample_02_0201.jpg,1,0.2462920993566513,0.44488629698753357,-4.095996928299428e-07,0.26535481214523315,0.3529699444770813,-0.030175182968378067,0.32701510190963745,0.2780890166759491,-0.041256923228502274,0.37423086166381836,0.2184905707836151,-0.050365716218948364,0.3960146903991699,0.15866035223007202,-0.053369078785181046,0.3790894150733948,0.34785759449005127,-0.010367954149842262,0.42252975702285767,0.37036821246147156,-0.03523457795381546,0.37439605593681335,0.3680427670478821,-0.042976632714271545,0.35112062096595764,0.3565658628940582,-0.04441382363438606,0.3774150013923645,0.41730350255966187,-0.0067314463667571545,0.4162749648094177,0.435438871383667,-0.036138955503702164,0.35732731223106384,0.4200776219367981,-0.03921281546354294,0.344866544008255,0.40238651633262634,-0.032968200743198395,0.36779889464378357,0.48311737179756165,-0.00895753875374794,0.3961202800273895,0.5020045638084412,-0.039050500839948654,0.3444805443286896,0.4818207323551178,-0.028454869985580444,0.3340347409248352,0.46309542655944824,-0.012902135029435158,0.353573739528656,0.544108510017395,-0.013552796095609665,0.37937337160110474,0.5611734390258789,-0.029145246371626854,0.3461918830871582,0.5400279760360718,-0.018679365515708923,0.3363415598869324,0.5205985903739929,-0.006438202224671841,PAPER
sample_02_0202.jpg,0,0.8582416772842407,0.6942791938781738,2.899961657476524e-07,0.8440486192703247,0.5560765266418457,-0.03330334648489952,0.8022078275680542,0.44502630829811096,-0.04620258882641792,0.7534980773925781,0.3586673438549042,-0.05449816957116127,0.7111531496047974,0.2885386049747467,-0.06397414952516556,0.7257923483848572,0.49898219108581543,-0.03997614234685898,0.6545669436454773,0.42366480827331543,-0.052926205098629,0.6139988303184509,0.3886381685733795,-0.06331545114517212,0.5781552791595459,0.36332932114601135,-0.07313138991594315,0.7128087878227234,0.5866301655769348,-0.03584914281964302,0.6336379051208496,0.5683141350746155,-0.05010562762618065,0.5875884294509888,0.5576243996620178,-0.06599833816289902,0.5519483685493469,0.5532939434051514,-0.08032955974340439,0.7146621346473694,0.6716718673706055,-0.03378677740693092,0.6407913565635681,0.6676278710365295,-0.04992438852787018,0.5917166471481323,0.663788914680481,-0.06695268303155899,0.5531499981880188,0.6598585844039917,-0.08125989884138107,0.7289404273033142,0.7429137229919434,-0.033863797783851624,0.673591673374176,0.7633577585220337,-0.05369046702980995,0.6368621587753296,0.7786681652069092,-0.06661392003297806,0.6068605184555054,0.7899024486541748,-0.07565933465957642,PAPER
sample_02_0203.jpg,0,0.24410228431224823,0.48102742433547974,-4.82230234410963e-07,0.26103776693344116,0.3863282799720764,-0.02960246428847313,0.3230753242969513,0.3113408088684082,-0.04253106191754341,0.36874452233314514,0.2516478896141052,-0.05369648337364197,0.39099058508872986,0.1898421347141266,-0.05910492315888405,0.37918820977211,0.3907209634780884,-0.01516908872872591,0.4239672124385834,0.40369927883148193,-0.044853098690509796,0.3763519823551178,0.39796149730682373,-0.05641697347164154,0.35185182094573975,0.38762110471725464,-0.05983110889792442,0.3761086165904999,0.4578600823879242,-0.013161243870854378,0.4131166934967041,0.47394078969955444,-0.04589752107858658,0.3545852601528168,0.4527117609977722,-0.05037675052881241,0.3453540802001953,0.43269532918930054,-0.04519455507397652,0.3655737042427063,0.522574782371521,-0.01703840121626854,0.3938605785369873,0.5391940474510193,-0.04851914942264557,0.34319624304771423,0.5150541663169861,-0.03744737431406975,0.33672553300857544,0.496811181306839,-0.022190161049365997,0.35124683380126953,0.5831996202468872,-0.023411039263010025,0.37625420093536377,0.5984414219856262,-0.039435625076293945,0.3420200049877167,0.5746010541915894,-0.02810272015631199,0.3335235118865967,0.5567794442176819,-0.015494951978325844,PAPER
sample_02_0204.jpg,0,0.8648759722709656,0.6416192650794983,4.163797200362751e-07,0.854225754737854,0.5062639117240906,-0.023246610537171364,0.8144592046737671,0.41485396027565,-0.03673291578888893,0.7677919864654541,0.3488694429397583,-0.04642766714096069,0.7279181480407715,0.294573575258255,-0.0576997771859169,0.7494972944259644,0.4819856882095337,-0.05029214918613434,0.6755172610282898,0.41794201731681824,-0.07078151404857635,0.6301310062408447,0.37719297409057617,-0.08341119438409805,0.5928669571876526,0.3464204967021942,-0.09317091107368469,0.7316691875457764,0.5558823347091675,-0.04983634874224663,0.6510524749755859,0.5154643058776855,-0.0714934840798378,0.5961256623268127,0.4873412251472473,-0.08845103532075882,0.552944540977478,0.4684508442878723,-0.10224995017051697,0.7281336188316345,0.6284643411636353,-0.048870474100112915,0.6535526514053345,0.6049442887306213,-0.06993155181407928,0.6015857458114624,0.5904114842414856,-0.08693720400333405,0.5601626634597778,0.5820554494857788,-0.09984568506479263,0.7362110018730164,0.6896429061889648,-0.04826900735497475,0.6829506754875183,0.7039674520492554,-0.07042574137449265,0.6459947824478149,0.7146994471549988,-0.08368251472711563,0.6148175597190857,0.7256976366043091,-0.09205039590597153,PAPER
sample_02_0205.jpg,0,0.8429064154624939,0.6305252313613892,5.650359184983245e-07,0.844323992729187,0.5164215564727783,-0.036118533462285995,0.8094267845153809,0.416847288608551,-0.05653388798236847,0.7721853256225586,0.33806097507476807,-0.0713488832116127,0.7450512051582336,0.26571062207221985,-0.0887627899646759,0.7476950287818909,0.48266077041625977,-0.06694217026233673,0.6850056648254395,0.42130690813064575,-0.09539928287267685,0.6390289664268494,0.3854682147502899,-0.11373356729745865,0.6003329753875732,0.35917502641677856,-0.12777316570281982,0.7303334474563599,0.555245578289032,-0.06476947665214539,0.6555132865905762,0.522193431854248,-0.09608566015958786,0.6014924645423889,0.4961729049682617,-0.12074034661054611,0.5562919974327087,0.4745427370071411,-0.13942715525627136,0.7289295196533203,0.6272247433662415,-0.06251416355371475,0.6593884229660034,0.6110758185386658,-0.09368860721588135,0.6081774234771729,0.6053507328033447,-0.11397754400968552,0.5659363269805908,0.6006144285202026,-0.1276674121618271,0.7383689284324646,0.6895427107810974,-0.061362262815237045,0.6885100603103638,0.7036697864532471,-0.09174671024084091,0.653145432472229,0.7151503562927246,-0.1066141426563263,0.6229060888290405,0.7248232364654541,-0.11523406207561493,PAPER
sample_02_0206.jpg,0,0.8556814789772034,0.6583742499351501,2.915869004027627e-07,0.8575635552406311,0.519720196723938,-0.02321713976562023,0.8266372680664062,0.4137852191925049,-0.03643403947353363,0.786682665348053,0.3323456048965454,-0.04490096494555473,0.7570630311965942,0.26688727736473083,-0.056052956730127335,0.7526719570159912,0.4753378927707672,-0.05146129056811333,0.6825674772262573,0.4177616536617279,-0.06864304840564728,0.6365699172019958,0.37977153062820435,-0.08095207065343857,0.5975965261459351,0.35089170932769775,-0.09202494472265244,0.7333919405937195,0.5548675060272217,-0.05166756734251976,0.648948609828949,0.5237347483634949,-0.07227623462677002,0.594362735748291,0.5006734132766724,-0.091464102268219,0.552693247795105,0.48469510674476624,-0.10790608078241348,0.7301565408706665,0.6294264197349548,-0.05036180093884468,0.6549587249755859,0.6000166535377502,-0.0727788656949997,0.6045362949371338,0.5797582864761353,-0.09124084562063217,0.5659521818161011,0.5687764286994934,-0.10508035123348236,0.7382146120071411,0.6931602954864502,-0.04903821274638176,0.6823827624320984,0.701201319694519,-0.07439763098955154,0.6427308320999146,0.7083028554916382,-0.08815298229455948,0.6089738607406616,0.7141532897949219,-0.09642666578292847,PAPER
sample_02_0206.jpg,1,0.25954434275627136,0.4688756465911865,-5.39525728981971e-07,0.27531754970550537,0.36851614713668823,-0.03386841341853142,0.3359810709953308,0.2901471257209778,-0.048200998455286026,0.3859376907348633,0.22675573825836182,-0.05969258025288582,0.4128863513469696,0.17149439454078674,-0.06458710134029388,0.39771994948387146,0.36376968026161194,-0.0184607096016407,0.43962404131889343,0.3882935345172882,-0.047520868480205536,0.38650187849998474,0.3831326365470886,-0.05682160332798958,0.3664066791534424,0.3689822554588318,-0.0592290498316288,0.3930060863494873,0.43403807282447815,-0.014128502458333969,0.430234432220459,0.45589911937713623,-0.04761700704693794,0.36820709705352783,0.4387100338935852,-0.05152279511094093,0.3602250814437866,0.41810399293899536,-0.045728087425231934,0.3829365074634552,0.5006334185600281,-0.01598285883665085,0.41071245074272156,0.5203107595443726,-0.05044768750667572,0.3546210825443268,0.49753379821777344,-0.03990966081619263,0.3481963276863098,0.47714561223983765,-0.024015769362449646,0.36982834339141846,0.56415194272995,-0.020403604954481125,0.39289677143096924,0.5788955688476562,-0.03885727375745773,0.3548850417137146,0.5562435984611511,-0.029030853882431984,0.3469000458717346,0.5375317931175232,-0.0170288123190403,PAPER
sample_02_0207.jpg,0,0.8849563002586365,0.6326995491981506,4.7284186166507425e-07,0.8750874400138855,0.5105340480804443,-0.028134282678365707,0.838557243347168,0.41208431124687195,-0.044230781495571136,0.8008536100387573,0.33444446325302124,-0.0565715953707695,0.7692211270332336,0.26745665073394775,-0.07130785286426544,0.7679008841514587,0.4738070070743561,-0.050129108130931854,0.7049669027328491,0.4153047502040863,-0.07320933789014816,0.6644096970558167,0.3718913197517395,-0.0899595096707344,0.6290813684463501,0.339080810546875,-0.10316852480173111,0.7529157996177673,0.5442674160003662,-0.050615496933460236,0.6764391660690308,0.5150266289710999,-0.07531998306512833,0.6244347095489502,0.4904554486274719,-0.09656737744808197,0.581891655921936,0.4731222093105316,-0.1136155053973198,0.751180112361908,0.6162422299385071,-0.051679398864507675,0.6791755557060242,0.5980553030967712,-0.07734670490026474,0.6275147199630737,0.5857949256896973,-0.09700421243906021,0.5864599347114563,0.5795218348503113,-0.11091598868370056,0.7598918676376343,0.6813188791275024,-0.05365876853466034,0.7037527561187744,0.6878961324691772,-0.07981699705123901,0.6642662286758423,0.6958877444267273,-0.0945601686835289,0.6305409669876099,0.7045834064483643,-0.1037282645702362,PAPER
sample_02_0207.jpg,1,0.2612188160419464,0.4548643231391907,-4.941808811054216e-07,0.2785775065422058,0.3576681911945343,-0.027226489037275314,0.33431702852249146,0.2840578258037567,-0.04067414253950119,0.3798998296260834,0.22485212981700897,-0.05243378505110741,0.4063741862773895,0.17640173435211182,-0.05792224034667015,0.3909774124622345,0.3531300723552704,-0.01865863986313343,0.43983614444732666,0.36813047528266907,-0.04796626791357994,0.38906800746917725,0.36524540185928345,-0.05761696770787239,0.3631540536880493,0.3559802174568176,-0.05939962714910507,0.3877672255039215,0.42093005776405334,-0.01671111211180687,0.42878347635269165,0.4364011585712433,-0.04806579649448395,0.36924150586128235,0.4211565852165222,-0.051056500524282455,0.35765689611434937,0.40296241641044617,-0.0452299527823925,0.3794683516025543,0.4872647523880005,-0.019998015835881233,0.41125285625457764,0.5034947395324707,-0.0489451140165329,0.35866042971611023,0.48436203598976135,-0.03638429194688797,0.3492205739021301,0.4685749411582947,-0.02064424194395542,0.36745649576187134,0.5515537261962891,-0.025665447115898132,0.3946148455142975,0.5654683709144592,-0.040463969111442566,0.35995563864707947,0.5456382036209106,-0.029155872762203217,0.35030728578567505,0.5301076173782349,-0.016583498567342758,PAPER
